date,client,channel,campaign_name,spend,impressions,clicks,conversions,conversion_value
2025-02-01,Clinica Vantia,Google Ads,Brand Search ES Q1,27.02,2372,97,9,5236.73
2025-02-01,Clinica Vantia,Google Ads,LeadGen Search ES Q1,40.52,3637,110,5,9908.56
2025-02-02,Clinica Vantia,Google Ads,Brand Search ES Q1,23.31,1715,64,3,2457.38
2025-02-02,Clinica Vantia,Google Ads,LeadGen Search ES Q1,34.96,2604,93,2,3187.29
2025-02-03,Clinica Vantia,Google Ads,Brand Search ES Q1,24.73,2536,82,2,1375.05
2025-02-03,Clinica Vantia,Google Ads,LeadGen Search ES Q1,37.09,3702,121,5,5985.57
2025-02-04,Clinica Vantia,Google Ads,Brand Search ES Q1,26.42,1992,73,4,2025.57
2025-02-04,Clinica Vantia,Google Ads,LeadGen Search ES Q1,39.63,2942,101,6,6346.93
2025-02-05,Clinica Vantia,Google Ads,Brand Search ES Q1,23.97,2837,113,4,3293.93
2025-02-05,Clinica Vantia,Google Ads,LeadGen Search ES Q1,35.95,4245,142,2,1258.68
2025-02-06,Clinica Vantia,Google Ads,Brand Search ES Q1,32.02,3547,112,2,2755.46
2025-02-06,Clinica Vantia,Google Ads,LeadGen Search ES Q1,48.03,5513,173,6,5329.04
2025-02-07,Clinica Vantia,Google Ads,Brand Search ES Q1,22.43,2007,119,4,2805.93
2025-02-07,Clinica Vantia,Google Ads,LeadGen Search ES Q1,33.65,3037,150,5,6918.41
2025-02-08,Clinica Vantia,Google Ads,Brand Search ES Q1,22.51,1722,54,1,625.09
2025-02-08,Clinica Vantia,Google Ads,LeadGen Search ES Q1,33.77,2504,96,4,2941.68
2025-02-09,Clinica Vantia,Google Ads,Brand Search ES Q1,22.23,1899,116,3,3289.95
2025-02-09,Clinica Vantia,Google Ads,LeadGen Search ES Q1,33.35,2893,193,8,6894.14
2025-02-10,Clinica Vantia,Google Ads,Brand Search ES Q1,16.75,1454,80,2,1305.01
2025-02-10,Clinica Vantia,Google Ads,LeadGen Search ES Q1,25.13,2327,121,2,1704.73
2025-02-11,Clinica Vantia,Google Ads,Brand Search ES Q1,24.13,2401,69,1,825.24
2025-02-11,Clinica Vantia,Google Ads,LeadGen Search ES Q1,36.19,3552,117,2,1503.12
2025-02-12,Clinica Vantia,Google Ads,Brand Search ES Q1,21.0,2314,124,0,0.0
2025-02-12,Clinica Vantia,Google Ads,LeadGen Search ES Q1,31.5,3437,155,9,11000.37
2025-02-13,Clinica Vantia,Google Ads,Brand Search ES Q1,20.63,2027,68,1,839.75
2025-02-13,Clinica Vantia,Google Ads,LeadGen Search ES Q1,30.95,3035,110,0,0.0
2025-02-14,Clinica Vantia,Google Ads,Brand Search ES Q1,29.38,3078,176,13,15170.25
2025-02-14,Clinica Vantia,Google Ads,LeadGen Search ES Q1,44.07,4715,291,14,19243.1
2025-02-15,Clinica Vantia,Google Ads,Brand Search ES Q1,22.27,2035,73,6,
2025-02-15,Clinica Vantia,Google Ads,LeadGen Search ES Q1,33.4,3052,108,3,2640.87
2025-02-16,Clinica Vantia,Google Ads,Brand Search ES Q1,22.68,1852,75,1,563.44
2025-02-16,Clinica Vantia,Google Ads,LeadGen Search ES Q1,34.02,2738,88,1,889.47
2025-02-17,Clinica Vantia,Google Ads,Brand Search ES Q1,29.63,2814,96,5,4994.15
2025-02-17,Clinica Vantia,Google Ads,LeadGen Search ES Q1,44.45,4099,158,2,1515.93
2025-02-18,Clinica Vantia,Google Ads,Brand Search ES Q1,26.12,3299,121,2,1386.68
2025-02-18,Clinica Vantia,Google Ads,LeadGen Search ES Q1,39.18,4976,209,8,7915.46
2025-02-19,Clinica Vantia,Google Ads,Brand Search ES Q1,25.66,3246,128,4,2588.82
2025-02-19,Clinica Vantia,Google Ads,LeadGen Search ES Q1,38.49,4957,187,4,2776.82
2025-02-20,Clinica Vantia,Google Ads,Brand Search ES Q1,21.32,2387,89,3,3262.61
2025-02-20,Clinica Vantia,Google Ads,LeadGen Search ES Q1,31.98,3590,136,4,4337.44
2025-02-21,Clinica Vantia,Google Ads,Brand Search ES Q1,21.42,2270,82,5,3744.97
2025-02-21,Clinica Vantia,Google Ads,LeadGen Search ES Q1,32.12,3565,127,7,5377.32
2025-02-22,Clinica Vantia,Google Ads,Brand Search ES Q1,23.01,1782,90,4,5443.18
2025-02-22,Clinica Vantia,Google Ads,LeadGen Search ES Q1,34.51,2563,139,7,
2025-02-23,Clinica Vantia,Google Ads,Brand Search ES Q1,21.24,2573,125,5,4198.05
2025-02-23,Clinica Vantia,Google Ads,LeadGen Search ES Q1,31.85,3935,216,7,5655.02
2025-02-24,Clinica Vantia,Google Ads,Brand Search ES Q1,23.31,2560,99,8,5385.58
2025-02-24,Clinica Vantia,Google Ads,LeadGen Search ES Q1,34.97,3992,153,5,4894.38
2025-02-25,Clinica Vantia,Google Ads,Brand Search ES Q1,22.41,2932,94,0,0.0
2025-02-25,Clinica Vantia,Google Ads,LeadGen Search ES Q1,33.61,4197,159,4,3016.65
2025-02-26,Clinica Vantia,Google Ads,Brand Search ES Q1,31.45,2680,94,1,858.89
2025-02-26,Clinica Vantia,Google Ads,LeadGen Search ES Q1,47.17,3922,135,3,2168.93
2025-02-27,Clinica Vantia,Google Ads,Brand Search ES Q1,26.13,2643,136,7,5751.07
2025-02-27,Clinica Vantia,Google Ads,LeadGen Search ES Q1,39.19,3973,199,7,6881.93
2025-02-28,Clinica Vantia,Google Ads,Brand Search ES Q1,25.06,3570,159,3,3189.35
2025-02-28,Clinica Vantia,Google Ads,LeadGen Search ES Q1,37.59,5216,235,5,5113.72
2025-03-01,Clinica Vantia,Google Ads,Brand Search ES Q1,27.2,2063,103,0,0.0
2025-03-01,Clinica Vantia,Google Ads,LeadGen Search ES Q1,40.81,2900,149,2,1753.21
2025-03-02,Clinica Vantia,Google Ads,Brand Search ES Q1,21.69,2116,97,8,5883.53
2025-03-02,Clinica Vantia,Google Ads,LeadGen Search ES Q1,32.54,3122,155,10,12903.0
2025-03-03,Clinica Vantia,Google Ads,Brand Search ES Q1,35.71,2855,115,6,5911.8
2025-03-03,Clinica Vantia,Google Ads,LeadGen Search ES Q1,53.56,4224,159,2,2042.75
2025-03-04,Clinica Vantia,Google Ads,Brand Search ES Q1,32.7,3063,119,3,2643.18
2025-03-04,Clinica Vantia,Google Ads,LeadGen Search ES Q1,49.04,4665,188,6,4068.88
2025-03-05,Clinica Vantia,Google Ads,Brand Search ES Q1,22.44,2286,78,4,3482.09
2025-03-05,Clinica Vantia,Google Ads,LeadGen Search ES Q1,33.67,3354,108,3,4216.65
2025-03-06,Clinica Vantia,Google Ads,Brand Search ES Q1,23.99,3162,180,7,5460.81
2025-03-06,Clinica Vantia,Google Ads,LeadGen Search ES Q1,35.99,4845,253,11,10934.57
2025-03-07,Clinica Vantia,Google Ads,Brand Search ES Q1,21.71,1678,60,4,
2025-03-07,Clinica Vantia,Google Ads,LeadGen Search ES Q1,32.57,2442,88,1,909.27
2025-03-08,Clinica Vantia,Google Ads,Brand Search ES Q1,21.58,2938,99,3,3044.81
2025-03-08,Clinica Vantia,Google Ads,LeadGen Search ES Q1,32.37,4648,161,9,5764.54
2025-03-09,Clinica Vantia,Google Ads,Brand Search ES Q1,22.71,2186,74,4,3065.01
2025-03-09,Clinica Vantia,Google Ads,LeadGen Search ES Q1,34.07,3343,134,7,4898.97
2025-03-10,Clinica Vantia,Google Ads,Brand Search ES Q1,28.18,2227,91,7,7186.23
2025-03-10,Clinica Vantia,Google Ads,LeadGen Search ES Q1,42.26,3292,170,11,13111.73
2025-03-11,Clinica Vantia,Google Ads,Brand Search ES Q1,25.9,2641,95,3,2047.56
2025-03-11,Clinica Vantia,Google Ads,LeadGen Search ES Q1,38.86,3801,110,5,
2025-03-12,Clinica Vantia,Google Ads,Brand Search ES Q1,30.72,3844,193,3,2868.71
2025-03-12,Clinica Vantia,Google Ads,LeadGen Search ES Q1,46.08,5954,369,6,4973.25
2025-03-13,Clinica Vantia,Google Ads,Brand Search ES Q1,18.49,2395,128,9,9425.89
2025-03-13,Clinica Vantia,Google Ads,LeadGen Search ES Q1,27.73,3623,174,7,4636.79
2025-03-14,Clinica Vantia,Google Ads,Brand Search ES Q1,29.12,3117,144,3,3027.51
2025-03-14,Clinica Vantia,Google Ads,LeadGen Search ES Q1,43.69,4757,210,8,7489.72
2025-03-15,Clinica Vantia,Google Ads,Brand Search ES Q1,19.74,2747,143,2,
2025-03-15,Clinica Vantia,Google Ads,LeadGen Search ES Q1,29.61,3934,200,7,6156.52
2025-03-16,Clinica Vantia,Google Ads,Brand Search ES Q1,19.85,2303,64,1,776.1
2025-03-16,Clinica Vantia,Google Ads,LeadGen Search ES Q1,29.78,3429,110,2,2241.0
2025-03-17,Clinica Vantia,Google Ads,Brand Search ES Q1,18.63,1708,59,5,3457.27
2025-03-17,Clinica Vantia,Google Ads,LeadGen Search ES Q1,27.94,2529,90,1,
2025-03-18,Clinica Vantia,Google Ads,Brand Search ES Q1,23.22,2400,86,4,3434.12
2025-03-18,Clinica Vantia,Google Ads,LeadGen Search ES Q1,34.83,3547,131,4,3086.99
2025-03-19,Clinica Vantia,Google Ads,Brand Search ES Q1,20.81,2292,68,0,0.0
2025-03-19,Clinica Vantia,Google Ads,LeadGen Search ES Q1,31.22,3368,119,4,5005.02
2025-03-20,Clinica Vantia,Google Ads,Brand Search ES Q1,30.18,2362,104,1,578.52
2025-03-20,Clinica Vantia,Google Ads,LeadGen Search ES Q1,45.27,3596,166,7,7831.41
2025-03-21,Clinica Vantia,Google Ads,Brand Search ES Q1,24.72,3211,185,6,4031.1
2025-03-21,Clinica Vantia,Google Ads,LeadGen Search ES Q1,37.08,4822,284,8,9759.24
2025-03-22,Clinica Vantia,Google Ads,Brand Search ES Q1,20.94,1753,72,0,0.0
2025-03-22,Clinica Vantia,Google Ads,LeadGen Search ES Q1,31.42,2666,126,3,3086.91
2025-03-23,Clinica Vantia,Google Ads,Brand Search ES Q1,27.94,2750,86,4,3116.99
2025-03-23,Clinica Vantia,Google Ads,LeadGen Search ES Q1,41.91,4176,139,3,2594.39
2025-03-24,Clinica Vantia,Google Ads,Brand Search ES Q1,26.64,2560,127,5,5884.16
2025-03-24,Clinica Vantia,Google Ads,LeadGen Search ES Q1,39.96,3619,186,8,6474.71
2025-03-25,Clinica Vantia,Google Ads,Brand Search ES Q1,23.6,2058,87,3,1918.14
2025-03-25,Clinica Vantia,Google Ads,LeadGen Search ES Q1,35.4,3037,153,6,3695.68
2025-03-26,Clinica Vantia,Google Ads,Brand Search ES Q1,22.28,2868,101,5,3071.5
2025-03-26,Clinica Vantia,Google Ads,LeadGen Search ES Q1,33.43,4385,136,3,2369.07
2025-03-27,Clinica Vantia,Google Ads,Brand Search ES Q1,23.74,2146,97,5,3502.8
2025-03-27,Clinica Vantia,Google Ads,LeadGen Search ES Q1,35.6,3170,172,3,2716.41
2025-03-28,Clinica Vantia,Google Ads,Brand Search ES Q1,21.18,2583,110,4,
2025-03-28,Clinica Vantia,Google Ads,LeadGen Search ES Q1,31.77,3735,155,9,4761.55
2025-03-29,Clinica Vantia,Google Ads,Brand Search ES Q1,26.29,2049,96,4,
2025-03-29,Clinica Vantia,Google Ads,LeadGen Search ES Q1,39.43,3185,129,3,2201.16
2025-03-30,Clinica Vantia,Google Ads,Brand Search ES Q1,25.5,2898,143,9,6637.52
2025-03-30,Clinica Vantia,Google Ads,LeadGen Search ES Q1,38.26,4423,247,13,12081.66
2025-03-31,Clinica Vantia,Google Ads,Brand Search ES Q1,20.82,1691,53,3,1761.43
2025-03-31,Clinica Vantia,Google Ads,LeadGen Search ES Q1,31.24,2495,125,5,5574.47
2025-04-01,Clinica Vantia,Google Ads,Brand Search ES Q2,23.52,2404,106,2,1964.62
2025-04-01,Clinica Vantia,Google Ads,LeadGen Search ES Q2,35.28,3531,147,6,4769.89
2025-04-02,Clinica Vantia,Google Ads,Brand Search ES Q2,25.22,2473,89,1,1023.14
2025-04-02,Clinica Vantia,Google Ads,LeadGen Search ES Q2,37.82,3551,134,5,4602.28
2025-04-03,Clinica Vantia,Google Ads,Brand Search ES Q2,23.19,1876,79,3,3202.7
2025-04-03,Clinica Vantia,Google Ads,LeadGen Search ES Q2,34.78,2785,98,2,1365.55
2025-04-04,Clinica Vantia,Google Ads,Brand Search ES Q2,24.99,2220,116,5,7569.4
2025-04-04,Clinica Vantia,Google Ads,LeadGen Search ES Q2,37.49,3432,151,7,4503.01
2025-04-05,Clinica Vantia,Google Ads,Brand Search ES Q2,26.07,2562,89,0,0.0
2025-04-05,Clinica Vantia,Google Ads,LeadGen Search ES Q2,39.1,3746,148,3,3031.59
2025-04-06,Clinica Vantia,Google Ads,Brand Search ES Q2,26.29,2460,134,5,6427.45
2025-04-06,Clinica Vantia,Google Ads,LeadGen Search ES Q2,39.44,3753,197,4,3977.73
2025-04-07,Clinica Vantia,Google Ads,Brand Search ES Q2,29.37,2444,75,3,3283.52
2025-04-07,Clinica Vantia,Google Ads,LeadGen Search ES Q2,44.06,3602,109,6,5645.87
2025-04-08,Clinica Vantia,Google Ads,Brand Search ES Q2,24.63,3162,131,4,4969.04
2025-04-08,Clinica Vantia,Google Ads,LeadGen Search ES Q2,36.94,4797,207,8,6884.18
2025-04-09,Clinica Vantia,Google Ads,Brand Search ES Q2,28.81,2145,71,1,1080.11
2025-04-09,Clinica Vantia,Google Ads,LeadGen Search ES Q2,43.22,3156,134,2,967.03
2025-04-10,Clinica Vantia,Google Ads,Brand Search ES Q2,21.16,1700,99,0,0.0
2025-04-10,Clinica Vantia,Google Ads,LeadGen Search ES Q2,31.74,2497,132,5,3758.36
2025-04-11,Clinica Vantia,Google Ads,Brand Search ES Q2,19.33,1745,101,3,1753.65
2025-04-11,Clinica Vantia,Google Ads,LeadGen Search ES Q2,29.0,2664,146,3,2234.06
2025-04-12,Clinica Vantia,Google Ads,Brand Search ES Q2,21.63,2429,143,1,605.04
2025-04-12,Clinica Vantia,Google Ads,LeadGen Search ES Q2,32.44,3691,196,8,6405.31
2025-04-13,Clinica Vantia,Google Ads,Brand Search ES Q2,26.53,3734,196,4,2518.28
2025-04-13,Clinica Vantia,Google Ads,LeadGen Search ES Q2,39.8,5490,303,10,8811.42
2025-04-14,Clinica Vantia,Google Ads,Brand Search ES Q2,21.81,2029,95,2,1904.02
2025-04-14,Clinica Vantia,Google Ads,LeadGen Search ES Q2,32.71,2895,137,4,2786.08
2025-04-15,Clinica Vantia,Google Ads,Brand Search ES Q2,24.02,1766,56,2,1743.26
2025-04-15,Clinica Vantia,Google Ads,LeadGen Search ES Q2,36.04,2585,90,2,1405.8
2025-04-16,Clinica Vantia,Google Ads,Brand Search ES Q2,21.52,1720,77,2,1859.68
2025-04-16,Clinica Vantia,Google Ads,LeadGen Search ES Q2,32.27,2603,127,4,4455.83
2025-04-17,Clinica Vantia,Google Ads,Brand Search ES Q2,25.69,2795,120,2,1925.85
2025-04-17,Clinica Vantia,Google Ads,LeadGen Search ES Q2,38.53,4024,158,4,4868.62
2025-04-18,Clinica Vantia,Google Ads,Brand Search ES Q2,16.64,1231,60,2,1512.61
2025-04-18,Clinica Vantia,Google Ads,LeadGen Search ES Q2,24.95,1738,78,3,3032.47
2025-04-19,Clinica Vantia,Google Ads,Brand Search ES Q2,22.57,1548,87,0,0.0
2025-04-19,Clinica Vantia,Google Ads,LeadGen Search ES Q2,33.85,2505,131,6,
2025-04-20,Clinica Vantia,Google Ads,Brand Search ES Q2,25.49,2694,129,5,4923.31
2025-04-20,Clinica Vantia,Google Ads,LeadGen Search ES Q2,38.23,4029,187,8,5277.06
2025-04-21,Clinica Vantia,Google Ads,Brand Search ES Q2,30.61,3912,168,5,5232.15
2025-04-21,Clinica Vantia,Google Ads,LeadGen Search ES Q2,45.92,5914,239,5,3268.41
2025-04-22,Clinica Vantia,Google Ads,Brand Search ES Q2,20.65,1887,91,5,4767.5
2025-04-22,Clinica Vantia,Google Ads,LeadGen Search ES Q2,30.97,2821,154,6,4824.39
2025-04-23,Clinica Vantia,Google Ads,Brand Search ES Q2,31.79,3049,166,7,5504.58
2025-04-23,Clinica Vantia,Google Ads,LeadGen Search ES Q2,47.69,4354,250,9,4958.39
2025-04-24,Clinica Vantia,Google Ads,Brand Search ES Q2,28.78,2904,111,4,3041.68
2025-04-24,Clinica Vantia,Google Ads,LeadGen Search ES Q2,43.17,4355,185,9,9748.93
2025-04-25,Clinica Vantia,Google Ads,Brand Search ES Q2,25.08,2128,84,1,1202.94
2025-04-25,Clinica Vantia,Google Ads,LeadGen Search ES Q2,37.63,3207,140,12,10409.22
2025-04-26,Clinica Vantia,Google Ads,Brand Search ES Q2,32.09,2468,73,1,674.57
2025-04-26,Clinica Vantia,Google Ads,LeadGen Search ES Q2,48.13,3703,143,2,1234.59
2025-04-27,Clinica Vantia,Google Ads,Brand Search ES Q2,28.7,3916,169,7,5750.12
2025-04-27,Clinica Vantia,Google Ads,LeadGen Search ES Q2,43.06,5826,271,10,8241.85
2025-04-28,Clinica Vantia,Google Ads,Brand Search ES Q2,26.9,2909,107,3,
2025-04-28,Clinica Vantia,Google Ads,LeadGen Search ES Q2,40.35,4376,168,3,
2025-04-29,Clinica Vantia,Google Ads,Brand Search ES Q2,26.15,2626,139,1,811.27
2025-04-29,Clinica Vantia,Google Ads,LeadGen Search ES Q2,39.22,4022,193,0,0.0
2025-04-30,Clinica Vantia,Google Ads,Brand Search ES Q2,20.81,1872,83,2,1259.86
2025-04-30,Clinica Vantia,Google Ads,LeadGen Search ES Q2,31.21,2881,172,5,3699.2
2025-05-01,Clinica Vantia,Google Ads,Brand Search ES Q2,30.65,2255,73,3,1227.91
2025-05-01,Clinica Vantia,Google Ads,LeadGen Search ES Q2,45.98,3374,99,4,3779.91
2025-05-02,Clinica Vantia,Google Ads,Brand Search ES Q2,29.28,3109,108,6,6015.65
2025-05-02,Clinica Vantia,Google Ads,LeadGen Search ES Q2,43.92,4576,163,4,5823.4
2025-05-03,Clinica Vantia,Google Ads,Brand Search ES Q2,22.05,2014,115,2,1222.24
2025-05-03,Clinica Vantia,Google Ads,LeadGen Search ES Q2,33.07,3117,200,5,4159.69
2025-05-04,Clinica Vantia,Google Ads,Brand Search ES Q2,23.87,2911,138,4,2109.65
2025-05-04,Clinica Vantia,Google Ads,LeadGen Search ES Q2,35.81,4492,191,6,7460.61
2025-05-05,Clinica Vantia,Google Ads,Brand Search ES Q2,24.68,1982,75,1,1138.27
2025-05-05,Clinica Vantia,Google Ads,LeadGen Search ES Q2,37.02,3019,140,3,2107.3
2025-05-06,Clinica Vantia,Google Ads,Brand Search ES Q2,22.99,2598,124,3,1888.77
2025-05-06,Clinica Vantia,Google Ads,LeadGen Search ES Q2,34.48,3926,198,5,3672.11
2025-05-07,Clinica Vantia,Google Ads,Brand Search ES Q2,23.53,2091,123,1,1118.4
2025-05-07,Clinica Vantia,Google Ads,LeadGen Search ES Q2,35.3,3116,183,4,3238.16
2025-05-08,Clinica Vantia,Google Ads,Brand Search ES Q2,20.7,2684,102,8,5687.49
2025-05-08,Clinica Vantia,Google Ads,LeadGen Search ES Q2,31.05,3886,144,5,3262.49
2025-05-09,Clinica Vantia,Google Ads,Brand Search ES Q2,26.54,3055,159,6,4430.08
2025-05-09,Clinica Vantia,Google Ads,LeadGen Search ES Q2,39.81,4456,243,11,9216.51
2025-05-10,Clinica Vantia,Google Ads,Brand Search ES Q2,23.71,2159,109,2,1392.95
2025-05-10,Clinica Vantia,Google Ads,LeadGen Search ES Q2,35.56,3173,177,6,
2025-05-11,Clinica Vantia,Google Ads,Brand Search ES Q2,23.34,2330,95,3,2978.05
2025-05-11,Clinica Vantia,Google Ads,LeadGen Search ES Q2,35.01,3425,179,2,1519.89
2025-05-12,Clinica Vantia,Google Ads,Brand Search ES Q2,30.62,3637,156,6,
2025-05-12,Clinica Vantia,Google Ads,LeadGen Search ES Q2,45.93,5176,259,13,11332.03
2025-05-13,Clinica Vantia,Google Ads,Brand Search ES Q2,24.29,2345,77,3,1998.01
2025-05-13,Clinica Vantia,Google Ads,LeadGen Search ES Q2,36.44,3646,133,5,3945.26
2025-05-14,Clinica Vantia,Google Ads,Brand Search ES Q2,21.44,1736,84,3,2674.12
2025-05-14,Clinica Vantia,Google Ads,LeadGen Search ES Q2,32.16,2569,119,1,849.24
2025-05-15,Clinica Vantia,Google Ads,Brand Search ES Q2,30.22,3384,125,4,2966.19
2025-05-15,Clinica Vantia,Google Ads,LeadGen Search ES Q2,45.33,5082,203,8,5988.88
2025-05-16,Clinica Vantia,Google Ads,Brand Search ES Q2,27.13,2158,101,3,3878.7
2025-05-16,Clinica Vantia,Google Ads,LeadGen Search ES Q2,40.7,3160,136,5,6400.92
2025-05-17,Clinica Vantia,Google Ads,Brand Search ES Q2,22.01,1733,74,3,3010.15
2025-05-17,Clinica Vantia,Google Ads,LeadGen Search ES Q2,33.01,2713,119,5,3002.42
2025-05-18,Clinica Vantia,Google Ads,Brand Search ES Q2,22.88,3027,176,1,603.8
2025-05-18,Clinica Vantia,Google Ads,LeadGen Search ES Q2,34.32,4566,251,11,9949.49
2025-05-19,Clinica Vantia,Google Ads,Brand Search ES Q2,24.39,2684,89,3,1753.77
2025-05-19,Clinica Vantia,Google Ads,LeadGen Search ES Q2,36.59,3813,156,4,2842.94
2025-05-20,Clinica Vantia,Google Ads,Brand Search ES Q2,34.83,3161,118,2,1445.81
2025-05-20,Clinica Vantia,Google Ads,LeadGen Search ES Q2,52.25,4608,137,3,
2025-05-21,Clinica Vantia,Google Ads,Brand Search ES Q2,26.52,2221,97,6,4718.91
2025-05-21,Clinica Vantia,Google Ads,LeadGen Search ES Q2,39.79,3176,127,5,4570.39
2025-05-22,Clinica Vantia,Google Ads,Brand Search ES Q2,26.4,1877,55,0,0.0
2025-05-22,Clinica Vantia,Google Ads,LeadGen Search ES Q2,39.6,2836,91,9,7474.38
2025-05-23,Clinica Vantia,Google Ads,Brand Search ES Q2,19.78,1434,78,2,1631.49
2025-05-23,Clinica Vantia,Google Ads,LeadGen Search ES Q2,29.67,2160,99,5,4838.35
2025-05-24,Clinica Vantia,Google Ads,Brand Search ES Q2,26.19,2866,161,9,8679.64
2025-05-24,Clinica Vantia,Google Ads,LeadGen Search ES Q2,39.28,4339,232,11,8276.95
2025-05-25,Clinica Vantia,Google Ads,Brand Search ES Q2,31.07,3701,125,8,6870.36
2025-05-25,Clinica Vantia,Google Ads,LeadGen Search ES Q2,46.61,5423,210,10,7273.42
2025-05-26,Clinica Vantia,Google Ads,Brand Search ES Q2,19.8,1554,72,0,0.0
2025-05-26,Clinica Vantia,Google Ads,LeadGen Search ES Q2,29.7,2280,90,3,3404.87
2025-05-27,Clinica Vantia,Google Ads,Brand Search ES Q2,22.76,1866,121,1,708.98
2025-05-27,Clinica Vantia,Google Ads,LeadGen Search ES Q2,34.15,2679,161,4,2755.33
2025-05-28,Clinica Vantia,Google Ads,Brand Search ES Q2,23.58,1722,56,3,1167.43
2025-05-28,Clinica Vantia,Google Ads,LeadGen Search ES Q2,35.36,2544,88,2,1531.92
2025-05-29,Clinica Vantia,Google Ads,Brand Search ES Q2,18.34,1768,71,0,0.0
2025-05-29,Clinica Vantia,Google Ads,LeadGen Search ES Q2,27.52,2612,101,3,2325.66
2025-05-30,Clinica Vantia,Google Ads,Brand Search ES Q2,23.86,3210,136,1,1087.96
2025-05-30,Clinica Vantia,Google Ads,LeadGen Search ES Q2,35.79,4894,199,3,1771.7
2025-05-31,Clinica Vantia,Google Ads,Brand Search ES Q2,26.26,2567,99,4,3329.25
2025-05-31,Clinica Vantia,Google Ads,LeadGen Search ES Q2,39.39,3941,140,6,4152.74
2025-06-01,Clinica Vantia,Google Ads,Brand Search ES Q2,19.39,1480,62,2,1390.6
2025-06-01,Clinica Vantia,Google Ads,LeadGen Search ES Q2,29.09,2216,94,4,3494.65
2025-06-02,Clinica Vantia,Google Ads,Brand Search ES Q2,26.45,2165,135,4,3167.42
2025-06-02,Clinica Vantia,Google Ads,LeadGen Search ES Q2,39.68,3302,181,4,2948.96
2025-06-03,Clinica Vantia,Google Ads,Brand Search ES Q2,20.55,1559,67,3,3025.71
2025-06-03,Clinica Vantia,Google Ads,LeadGen Search ES Q2,30.83,2335,102,4,4263.05
2025-06-04,Clinica Vantia,Google Ads,Brand Search ES Q2,26.86,2656,131,2,
2025-06-04,Clinica Vantia,Google Ads,LeadGen Search ES Q2,40.29,4052,172,7,
2025-06-05,Clinica Vantia,Google Ads,Brand Search ES Q2,24.9,2406,74,2,2780.88
2025-06-05,Clinica Vantia,Google Ads,LeadGen Search ES Q2,37.34,3645,102,6,5478.3
2025-06-06,Clinica Vantia,Google Ads,Brand Search ES Q2,28.9,2310,92,7,5541.1
2025-06-06,Clinica Vantia,Google Ads,LeadGen Search ES Q2,43.35,3569,179,7,6401.51
2025-06-07,Clinica Vantia,Google Ads,Brand Search ES Q2,27.84,2286,90,6,4802.37
2025-06-07,Clinica Vantia,Google Ads,LeadGen Search ES Q2,41.77,3487,149,7,8732.68
2025-06-08,Clinica Vantia,Google Ads,Brand Search ES Q2,30.84,4206,152,10,9384.56
2025-06-08,Clinica Vantia,Google Ads,LeadGen Search ES Q2,46.25,6269,269,13,7993.21
2025-06-09,Clinica Vantia,Google Ads,Brand Search ES Q2,28.01,2055,114,2,2131.35
2025-06-09,Clinica Vantia,Google Ads,LeadGen Search ES Q2,42.01,3110,162,5,6616.83
2025-06-10,Clinica Vantia,Google Ads,Brand Search ES Q2,23.69,1836,67,4,3177.71
2025-06-10,Clinica Vantia,Google Ads,LeadGen Search ES Q2,35.53,2714,112,8,7139.34
2025-06-10,Clinica Vantia,Google Ads,Brand Search ES Q2,23.69,1836,67,4,3177.71
2025-06-10,Clinica Vantia,Google Ads,LeadGen Search ES Q2,35.53,2714,112,8,7139.34
2025-06-11,Clinica Vantia,Google Ads,Brand Search ES Q2,28.48,2047,94,7,6292.69
2025-06-11,Clinica Vantia,Google Ads,LeadGen Search ES Q2,42.72,3121,155,8,7740.21
2025-06-11,Clinica Vantia,Google Ads,Brand Search ES Q2,28.48,2047,94,7,6292.69
2025-06-11,Clinica Vantia,Google Ads,LeadGen Search ES Q2,42.72,3121,155,8,7740.21
2025-06-12,Clinica Vantia,Google Ads,Brand Search ES Q2,24.28,1961,102,2,2094.29
2025-06-12,Clinica Vantia,Google Ads,LeadGen Search ES Q2,36.41,2985,175,6,5490.78
2025-06-12,Clinica Vantia,Google Ads,Brand Search ES Q2,24.28,1961,102,2,2094.29
2025-06-12,Clinica Vantia,Google Ads,LeadGen Search ES Q2,36.41,2985,175,6,5490.78
2025-06-13,Clinica Vantia,Google Ads,Brand Search ES Q2,26.28,3167,119,3,2312.16
2025-06-13,Clinica Vantia,Google Ads,LeadGen Search ES Q2,39.43,4923,163,6,5469.15
2025-06-13,Clinica Vantia,Google Ads,Brand Search ES Q2,26.28,3167,119,3,2312.16
2025-06-13,Clinica Vantia,Google Ads,LeadGen Search ES Q2,39.43,4923,163,6,5469.15
2025-06-14,Clinica Vantia,Google Ads,Brand Search ES Q2,33.24,3483,106,3,2131.49
2025-06-14,Clinica Vantia,Google Ads,LeadGen Search ES Q2,49.86,5042,189,11,8024.39
2025-06-14,Clinica Vantia,Google Ads,Brand Search ES Q2,33.24,3483,106,3,2131.49
2025-06-14,Clinica Vantia,Google Ads,LeadGen Search ES Q2,49.86,5042,189,11,8024.39
2025-06-15,Clinica Vantia,Google Ads,Brand Search ES Q2,23.53,2279,69,0,0.0
2025-06-15,Clinica Vantia,Google Ads,LeadGen Search ES Q2,35.29,3210,104,8,9326.59
2025-06-15,Clinica Vantia,Google Ads,Brand Search ES Q2,23.53,2279,69,0,0.0
2025-06-15,Clinica Vantia,Google Ads,LeadGen Search ES Q2,35.29,3210,104,8,9326.59
2025-06-16,Clinica Vantia,Google Ads,Brand Search ES Q2,24.31,2435,129,6,5002.99
2025-06-16,Clinica Vantia,Google Ads,LeadGen Search ES Q2,36.47,3749,243,9,10923.27
2025-06-16,Clinica Vantia,Google Ads,Brand Search ES Q2,24.31,2435,129,6,5002.99
2025-06-16,Clinica Vantia,Google Ads,LeadGen Search ES Q2,36.47,3749,243,9,10923.27
2025-06-17,Clinica Vantia,Google Ads,Brand Search ES Q2,22.15,1868,125,4,3933.45
2025-06-17,Clinica Vantia,Google Ads,LeadGen Search ES Q2,33.22,2802,159,8,7384.98
2025-06-17,Clinica Vantia,Google Ads,Brand Search ES Q2,22.15,1868,125,4,3933.45
2025-06-17,Clinica Vantia,Google Ads,LeadGen Search ES Q2,33.22,2802,159,8,7384.98
2025-06-18,Clinica Vantia,Google Ads,Brand Search ES Q2,27.51,3013,183,5,2807.17
2025-06-18,Clinica Vantia,Google Ads,LeadGen Search ES Q2,41.27,4582,266,11,7466.32
2025-06-18,Clinica Vantia,Google Ads,Brand Search ES Q2,27.51,3013,183,5,2807.17
2025-06-18,Clinica Vantia,Google Ads,LeadGen Search ES Q2,41.27,4582,266,11,7466.32
2025-06-19,Clinica Vantia,Google Ads,Brand Search ES Q2,25.22,2183,135,3,2383.61
2025-06-19,Clinica Vantia,Google Ads,LeadGen Search ES Q2,37.83,3195,168,3,3560.63
2025-06-19,Clinica Vantia,Google Ads,Brand Search ES Q2,25.22,2183,135,3,2383.61
2025-06-19,Clinica Vantia,Google Ads,LeadGen Search ES Q2,37.83,3195,168,3,3560.63
2025-06-20,Clinica Vantia,Google Ads,Brand Search ES Q2,23.94,2898,113,5,5134.01
2025-06-20,Clinica Vantia,Google Ads,LeadGen Search ES Q2,35.91,4186,164,12,15730.43
2025-06-21,Clinica Vantia,Google Ads,Brand Search ES Q2,23.46,2293,88,1,1259.61
2025-06-21,Clinica Vantia,Google Ads,LeadGen Search ES Q2,35.19,3524,163,6,6536.53
2025-06-22,Clinica Vantia,Google Ads,Brand Search ES Q2,28.79,2185,81,3,2032.09
2025-06-22,Clinica Vantia,Google Ads,LeadGen Search ES Q2,43.19,3307,123,4,3108.6
2025-06-23,Clinica Vantia,Google Ads,Brand Search ES Q2,22.55,2038,106,8,6159.16
2025-06-23,Clinica Vantia,Google Ads,LeadGen Search ES Q2,33.83,3094,166,7,10083.42
2025-06-24,Clinica Vantia,Google Ads,Brand Search ES Q2,24.99,2691,172,8,5694.98
2025-06-24,Clinica Vantia,Google Ads,LeadGen Search ES Q2,37.48,3947,211,11,10309.61
2025-06-25,Clinica Vantia,Google Ads,Brand Search ES Q2,24.34,2631,95,1,946.96
2025-06-25,Clinica Vantia,Google Ads,LeadGen Search ES Q2,36.52,3980,125,2,1712.82
2025-06-26,Clinica Vantia,Google Ads,Brand Search ES Q2,25.46,2064,96,2,2682.74
2025-06-26,Clinica Vantia,Google Ads,LeadGen Search ES Q2,38.19,3137,129,4,3495.93
2025-06-27,Clinica Vantia,Google Ads,Brand Search ES Q2,21.41,2535,89,4,4933.93
2025-06-27,Clinica Vantia,Google Ads,LeadGen Search ES Q2,32.11,3913,135,5,4350.84
2025-06-28,Clinica Vantia,Google Ads,Brand Search ES Q2,23.9,1701,98,2,1807.54
2025-06-28,Clinica Vantia,Google Ads,LeadGen Search ES Q2,35.85,2708,165,3,2091.32
2025-06-29,Clinica Vantia,Google Ads,Brand Search ES Q2,23.12,3175,113,0,0.0
2025-06-29,Clinica Vantia,Google Ads,LeadGen Search ES Q2,34.68,4681,145,3,2060.45
2025-06-30,Clinica Vantia,Google Ads,Brand Search ES Q2,26.12,2172,128,5,4536.3
2025-06-30,Clinica Vantia,Google Ads,LeadGen Search ES Q2,39.17,3282,201,6,4977.0
2025-07-01,Clinica Vantia,Google Ads,Brand Search ES Q3,21.87,2378,125,4,2461.53
2025-07-01,Clinica Vantia,Google Ads,LeadGen Search ES Q3,32.8,3621,202,12,11833.35
2025-07-02,Clinica Vantia,Google Ads,Brand Search ES Q3,22.14,2531,135,6,6260.61
2025-07-02,Clinica Vantia,Google Ads,LeadGen Search ES Q3,33.21,3719,181,13,12108.09
2025-07-03,Clinica Vantia,Google Ads,Brand Search ES Q3,20.68,2346,98,6,4504.49
2025-07-03,Clinica Vantia,Google Ads,LeadGen Search ES Q3,31.02,3508,152,8,7237.61
2025-07-04,Clinica Vantia,Google Ads,Brand Search ES Q3,27.28,3462,158,3,3219.8
2025-07-04,Clinica Vantia,Google Ads,LeadGen Search ES Q3,40.92,5186,253,12,13476.85
2025-07-05,Clinica Vantia,Google Ads,Brand Search ES Q3,24.09,3289,138,2,1541.14
2025-07-05,Clinica Vantia,Google Ads,LeadGen Search ES Q3,36.13,4816,201,5,4505.03
2025-07-06,Clinica Vantia,Google Ads,Brand Search ES Q3,26.54,2229,81,3,2539.69
2025-07-06,Clinica Vantia,Google Ads,LeadGen Search ES Q3,39.81,3301,100,7,6256.88
2025-07-07,Clinica Vantia,Google Ads,Brand Search ES Q3,22.24,1614,80,3,3638.02
2025-07-07,Clinica Vantia,Google Ads,LeadGen Search ES Q3,33.36,2445,103,5,4801.16
2025-07-08,Clinica Vantia,Google Ads,Brand Search ES Q3,23.46,1744,72,3,1931.33
2025-07-08,Clinica Vantia,Google Ads,LeadGen Search ES Q3,35.2,2494,136,3,2258.05
2025-07-09,Clinica Vantia,Google Ads,Brand Search ES Q3,26.44,2324,70,1,1265.04
2025-07-09,Clinica Vantia,Google Ads,LeadGen Search ES Q3,39.66,3575,169,2,1011.59
2025-07-10,Clinica Vantia,Google Ads,Brand Search ES Q3,24.24,3578,204,12,7104.5
2025-07-10,Clinica Vantia,Google Ads,LeadGen Search ES Q3,36.36,5053,285,16,14978.46
2025-07-11,Clinica Vantia,Google Ads,Brand Search ES Q3,23.85,2063,84,2,1600.49
2025-07-11,Clinica Vantia,Google Ads,LeadGen Search ES Q3,35.77,2954,150,10,11040.7
2025-07-12,Clinica Vantia,Google Ads,Brand Search ES Q3,18.79,1744,72,4,2969.97
2025-07-12,Clinica Vantia,Google Ads,LeadGen Search ES Q3,28.19,2648,109,4,3559.52
2025-07-13,Clinica Vantia,Google Ads,Brand Search ES Q3,19.44,1436,74,2,1083.25
2025-07-13,Clinica Vantia,Google Ads,LeadGen Search ES Q3,29.16,2328,121,6,5734.66
2025-07-14,Clinica Vantia,Google Ads,Brand Search ES Q3,19.81,1506,58,2,1698.34
2025-07-14,Clinica Vantia,Google Ads,LeadGen Search ES Q3,29.71,2165,84,2,2042.09
2025-07-15,Clinica Vantia,Google Ads,Brand Search ES Q3,24.13,2474,96,0,0.0
2025-07-15,Clinica Vantia,Google Ads,LeadGen Search ES Q3,36.19,3595,134,4,3499.51
2025-07-16,Clinica Vantia,Google Ads,Brand Search ES Q3,27.15,2916,130,7,
2025-07-16,Clinica Vantia,Google Ads,LeadGen Search ES Q3,40.72,4315,212,10,8334.35
2025-07-17,Clinica Vantia,Google Ads,Brand Search ES Q3,21.35,1904,75,3,1717.69
2025-07-17,Clinica Vantia,Google Ads,LeadGen Search ES Q3,32.02,2748,125,1,797.76
2025-07-18,Clinica Vantia,Google Ads,Brand Search ES Q3,23.8,2562,157,6,4004.28
2025-07-18,Clinica Vantia,Google Ads,LeadGen Search ES Q3,35.71,3748,230,4,4213.47
2025-07-19,Clinica Vantia,Google Ads,Brand Search ES Q3,23.6,1678,54,0,0.0
2025-07-19,Clinica Vantia,Google Ads,LeadGen Search ES Q3,35.41,2544,96,1,717.2
2025-07-20,Clinica Vantia,Google Ads,Brand Search ES Q3,28.54,2475,87,1,744.63
2025-07-20,Clinica Vantia,Google Ads,LeadGen Search ES Q3,42.8,3548,126,2,2554.16
2025-07-21,Clinica Vantia,Google Ads,Brand Search ES Q3,29.21,2219,89,5,5258.51
2025-07-21,Clinica Vantia,Google Ads,LeadGen Search ES Q3,43.81,3347,132,5,6392.1
2025-07-22,Clinica Vantia,Google Ads,Brand Search ES Q3,27.45,3630,104,5,3490.84
2025-07-22,Clinica Vantia,Google Ads,LeadGen Search ES Q3,41.17,5424,167,6,3932.27
2025-07-23,Clinica Vantia,Google Ads,Brand Search ES Q3,30.22,2748,101,6,4737.97
2025-07-23,Clinica Vantia,Google Ads,LeadGen Search ES Q3,45.33,3927,174,6,6220.09
2025-07-24,Clinica Vantia,Google Ads,Brand Search ES Q3,22.63,2148,81,5,4400.63
2025-07-24,Clinica Vantia,Google Ads,LeadGen Search ES Q3,33.94,3247,145,3,2145.11
2025-07-25,Clinica Vantia,Google Ads,Brand Search ES Q3,21.48,2476,111,3,2225.87
2025-07-25,Clinica Vantia,Google Ads,LeadGen Search ES Q3,32.23,3623,204,7,4957.08
2025-07-26,Clinica Vantia,Google Ads,Brand Search ES Q3,23.78,1730,109,8,5448.5
2025-07-26,Clinica Vantia,Google Ads,LeadGen Search ES Q3,35.67,2560,153,10,7873.22
2025-07-27,Clinica Vantia,Google Ads,Brand Search ES Q3,18.24,2144,110,1,1045.09
2025-07-27,Clinica Vantia,Google Ads,LeadGen Search ES Q3,27.36,3258,178,5,4137.56
2025-07-28,Clinica Vantia,Google Ads,Brand Search ES Q3,20.74,2202,56,0,0.0
2025-07-28,Clinica Vantia,Google Ads,LeadGen Search ES Q3,31.1,3121,94,3,3142.59
2025-07-29,Clinica Vantia,Google Ads,Brand Search ES Q3,22.72,2747,158,7,3389.63
2025-07-29,Clinica Vantia,Google Ads,LeadGen Search ES Q3,34.09,4075,227,7,5645.15
2025-07-30,Clinica Vantia,Google Ads,Brand Search ES Q3,24.22,2058,76,9,9125.51
2025-07-30,Clinica Vantia,Google Ads,LeadGen Search ES Q3,36.33,3024,128,5,6274.79
2025-07-31,Clinica Vantia,Google Ads,Brand Search ES Q3,22.02,1809,83,4,2680.77
2025-07-31,Clinica Vantia,Google Ads,LeadGen Search ES Q3,33.03,2752,144,7,7776.16
2025-08-01,Clinica Vantia,Google Ads,Brand Search ES Q3,26.09,2546,133,6,5935.4
2025-08-01,Clinica Vantia,Google Ads,LeadGen Search ES Q3,39.13,3768,217,9,6732.74
2025-08-02,Clinica Vantia,Google Ads,Brand Search ES Q3,22.45,2120,127,2,1246.53
2025-08-02,Clinica Vantia,Google Ads,LeadGen Search ES Q3,33.67,3195,187,5,3106.34
2025-08-03,Clinica Vantia,Google Ads,Brand Search ES Q3,28.04,3684,194,3,2592.67
2025-08-03,Clinica Vantia,Google Ads,LeadGen Search ES Q3,42.06,5535,308,7,4716.61
2025-08-04,Clinica Vantia,Google Ads,Brand Search ES Q3,26.83,2299,108,4,2833.13
2025-08-04,Clinica Vantia,Google Ads,LeadGen Search ES Q3,40.25,3361,179,8,8314.54
2025-08-05,Clinica Vantia,Google Ads,Brand Search ES Q3,30.92,2314,137,2,2251.17
2025-08-05,Clinica Vantia,Google Ads,LeadGen Search ES Q3,46.38,3569,220,17,18452.42
2025-08-06,Clinica Vantia,Google Ads,Brand Search ES Q3,22.5,1646,71,2,2724.94
2025-08-06,Clinica Vantia,Google Ads,LeadGen Search ES Q3,33.76,2624,130,3,3454.73
2025-08-07,Clinica Vantia,Google Ads,Brand Search ES Q3,21.03,1639,85,4,3220.82
2025-08-07,Clinica Vantia,Google Ads,LeadGen Search ES Q3,31.54,2422,101,6,3483.71
2025-08-08,Clinica Vantia,Google Ads,Brand Search ES Q3,30.73,3210,176,7,5623.13
2025-08-08,Clinica Vantia,Google Ads,LeadGen Search ES Q3,46.1,4777,286,10,5210.3
2025-08-09,Clinica Vantia,Google Ads,Brand Search ES Q3,26.67,2657,145,3,
2025-08-09,Clinica Vantia,Google Ads,LeadGen Search ES Q3,40.0,3973,229,1,939.87
2025-08-10,Clinica Vantia,Google Ads,Brand Search ES Q3,21.64,1719,110,2,1474.52
2025-08-10,Clinica Vantia,Google Ads,LeadGen Search ES Q3,32.47,2582,150,5,6543.86
2025-08-11,Clinica Vantia,Google Ads,Brand Search ES Q3,27.74,2079,99,0,0.0
2025-08-11,Clinica Vantia,Google Ads,LeadGen Search ES Q3,41.62,3103,127,2,1786.17
2025-08-12,Clinica Vantia,Google Ads,Brand Search ES Q3,27.69,2696,145,6,4147.96
2025-08-12,Clinica Vantia,Google Ads,LeadGen Search ES Q3,41.53,4080,199,7,4755.59
2025-08-13,Clinica Vantia,Google Ads,Brand Search ES Q3,28.0,2099,71,3,
2025-08-13,Clinica Vantia,Google Ads,LeadGen Search ES Q3,42.0,3010,111,1,931.96
2025-08-14,Clinica Vantia,Google Ads,Brand Search ES Q3,20.06,1642,91,2,2494.03
2025-08-14,Clinica Vantia,Google Ads,LeadGen Search ES Q3,30.09,2499,121,4,3402.94
2025-08-15,Clinica Vantia,Google Ads,Brand Search ES Q3,20.49,1666,82,3,2682.64
2025-08-15,Clinica Vantia,Google Ads,LeadGen Search ES Q3,30.74,2656,121,5,4421.0
2025-08-16,Clinica Vantia,Google Ads,Brand Search ES Q3,23.31,2526,77,4,2340.15
2025-08-16,Clinica Vantia,Google Ads,LeadGen Search ES Q3,34.97,3855,110,2,
2025-08-17,Clinica Vantia,Google Ads,Brand Search ES Q3,27.09,2843,145,8,4055.79
2025-08-17,Clinica Vantia,Google Ads,LeadGen Search ES Q3,40.64,4356,198,9,7658.02
2025-08-18,Clinica Vantia,Google Ads,Brand Search ES Q3,31.98,2454,110,4,4442.38
2025-08-18,Clinica Vantia,Google Ads,LeadGen Search ES Q3,47.98,3749,165,7,6388.15
2025-08-19,Clinica Vantia,Google Ads,Brand Search ES Q3,23.02,2307,81,6,4102.47
2025-08-19,Clinica Vantia,Google Ads,LeadGen Search ES Q3,34.53,3423,112,7,5187.31
2025-08-20,Clinica Vantia,Google Ads,Brand Search ES Q3,24.18,2983,172,0,0.0
2025-08-20,Clinica Vantia,Google Ads,LeadGen Search ES Q3,36.27,4491,244,8,5008.55
2025-08-21,Clinica Vantia,Google Ads,Brand Search ES Q3,33.16,3660,174,5,5504.97
2025-08-21,Clinica Vantia,Google Ads,LeadGen Search ES Q3,49.74,5624,271,11,10782.29
2025-08-22,Clinica Vantia,Google Ads,Brand Search ES Q3,22.37,1681,81,2,1813.41
2025-08-22,Clinica Vantia,Google Ads,LeadGen Search ES Q3,33.55,2514,147,12,11562.85
2025-08-23,Clinica Vantia,Google Ads,Brand Search ES Q3,25.68,1960,98,2,1604.85
2025-08-23,Clinica Vantia,Google Ads,LeadGen Search ES Q3,38.53,2994,129,2,1850.62
2025-08-24,Clinica Vantia,Google Ads,Brand Search ES Q3,26.28,2383,103,3,2327.73
2025-08-24,Clinica Vantia,Google Ads,LeadGen Search ES Q3,39.42,3612,188,5,4587.46
2025-08-25,Clinica Vantia,Google Ads,Brand Search ES Q3,21.68,1861,103,9,4927.0
2025-08-25,Clinica Vantia,Google Ads,LeadGen Search ES Q3,32.52,2663,169,4,3482.23
2025-08-26,Clinica Vantia,Google Ads,Brand Search ES Q3,27.29,2458,94,1,
2025-08-26,Clinica Vantia,Google Ads,LeadGen Search ES Q3,40.93,3764,151,3,2295.38
2025-08-27,Clinica Vantia,Google Ads,Brand Search ES Q3,27.42,2833,81,1,497.24
2025-08-27,Clinica Vantia,Google Ads,LeadGen Search ES Q3,41.12,4174,130,3,2989.48
2025-08-28,Clinica Vantia,Google Ads,Brand Search ES Q3,26.4,3129,138,3,2698.04
2025-08-28,Clinica Vantia,Google Ads,LeadGen Search ES Q3,39.6,4585,194,10,5707.47
2025-08-29,Clinica Vantia,Google Ads,Brand Search ES Q3,33.17,2575,86,4,3682.8
2025-08-29,Clinica Vantia,Google Ads,LeadGen Search ES Q3,49.75,3809,137,6,6159.22
2025-08-30,Clinica Vantia,Google Ads,Brand Search ES Q3,27.14,3372,206,14,13351.61
2025-08-30,Clinica Vantia,Google Ads,LeadGen Search ES Q3,40.71,5110,297,12,8096.46
2025-08-31,Clinica Vantia,Google Ads,Brand Search ES Q3,25.59,2888,175,8,7318.31
2025-08-31,Clinica Vantia,Google Ads,LeadGen Search ES Q3,38.39,4549,273,6,6050.73
2025-09-01,Clinica Vantia,Google Ads,Brand Search ES Q3,33.7,3542,89,6,5229.19
2025-09-01,Clinica Vantia,Google Ads,LeadGen Search ES Q3,50.55,5332,163,7,
2025-09-02,Clinica Vantia,Google Ads,Brand Search ES Q3,30.85,3101,178,12,7702.01
2025-09-02,Clinica Vantia,Google Ads,LeadGen Search ES Q3,46.28,4652,246,12,6698.36
2025-09-03,Clinica Vantia,Google Ads,Brand Search ES Q3,26.88,2176,126,2,2074.25
2025-09-03,Clinica Vantia,Google Ads,LeadGen Search ES Q3,40.32,3410,214,8,8818.16
2025-09-04,Clinica Vantia,Google Ads,Brand Search ES Q3,27.65,2333,143,3,1426.01
2025-09-04,Clinica Vantia,Google Ads,LeadGen Search ES Q3,41.48,3382,221,11,13366.18
2025-09-05,Clinica Vantia,Google Ads,Brand Search ES Q3,27.46,2625,78,5,3812.41
2025-09-05,Clinica Vantia,Google Ads,LeadGen Search ES Q3,41.19,3987,119,5,4678.41
2025-09-06,Clinica Vantia,Google Ads,Brand Search ES Q3,33.33,2404,132,2,1762.87
2025-09-06,Clinica Vantia,Google Ads,LeadGen Search ES Q3,50.0,3620,204,2,1886.9
2025-09-07,Clinica Vantia,Google Ads,Brand Search ES Q3,28.33,2435,87,8,4118.85
2025-09-07,Clinica Vantia,Google Ads,LeadGen Search ES Q3,42.5,3615,123,5,4327.72
2025-09-08,Clinica Vantia,Google Ads,Brand Search ES Q3,32.91,2589,109,4,3430.92
2025-09-08,Clinica Vantia,Google Ads,LeadGen Search ES Q3,49.36,3805,137,0,0.0
2025-09-09,Clinica Vantia,Google Ads,Brand Search ES Q3,34.69,3055,144,2,1558.69
2025-09-09,Clinica Vantia,Google Ads,LeadGen Search ES Q3,52.04,4523,234,11,12541.97
2025-09-10,Clinica Vantia,Google Ads,Brand Search ES Q3,33.05,3960,162,5,4547.64
2025-09-10,Clinica Vantia,Google Ads,LeadGen Search ES Q3,49.57,6042,268,14,10190.77
2025-09-11,Clinica Vantia,Google Ads,Brand Search ES Q3,27.85,2022,68,1,1025.66
2025-09-11,Clinica Vantia,Google Ads,LeadGen Search ES Q3,41.78,3188,119,3,2480.64
2025-09-12,Clinica Vantia,Google Ads,Brand Search ES Q3,26.5,1943,80,2,936.62
2025-09-12,Clinica Vantia,Google Ads,LeadGen Search ES Q3,39.75,3024,129,3,3087.53
2025-09-13,Clinica Vantia,Google Ads,Brand Search ES Q3,33.1,2365,87,6,4999.27
2025-09-13,Clinica Vantia,Google Ads,LeadGen Search ES Q3,49.65,3531,104,4,5193.49
2025-09-14,Clinica Vantia,Google Ads,Brand Search ES Q3,46.85,6041,292,9,6463.19
2025-09-14,Clinica Vantia,Google Ads,LeadGen Search ES Q3,70.28,8967,451,6,5966.12
2025-09-15,Clinica Vantia,Google Ads,Brand Search ES Q3,37.32,4836,159,4,2742.02
2025-09-15,Clinica Vantia,Google Ads,LeadGen Search ES Q3,55.98,7330,242,5,2536.59
2025-09-16,Clinica Vantia,Google Ads,Brand Search ES Q3,29.77,3708,212,12,12437.01
2025-09-16,Clinica Vantia,Google Ads,LeadGen Search ES Q3,44.65,5579,295,13,13197.54
2025-09-17,Clinica Vantia,Google Ads,Brand Search ES Q3,21.92,1870,87,5,3970.78
2025-09-17,Clinica Vantia,Google Ads,LeadGen Search ES Q3,32.88,2857,121,6,5787.27
2025-09-18,Clinica Vantia,Google Ads,Brand Search ES Q3,26.84,2331,125,3,2208.23
2025-09-18,Clinica Vantia,Google Ads,LeadGen Search ES Q3,40.26,3603,181,4,5135.49
2025-09-19,Clinica Vantia,Google Ads,Brand Search ES Q3,29.03,2229,111,6,4840.86
2025-09-19,Clinica Vantia,Google Ads,LeadGen Search ES Q3,43.54,3363,169,10,6481.05
2025-09-20,Clinica Vantia,Google Ads,Brand Search ES Q3,39.14,4340,158,6,5841.26
2025-09-20,Clinica Vantia,Google Ads,LeadGen Search ES Q3,58.71,6720,234,9,5053.24
2025-09-21,Clinica Vantia,Google Ads,Brand Search ES Q3,40.61,4295,247,19,14560.63
2025-09-21,Clinica Vantia,Google Ads,LeadGen Search ES Q3,60.92,6662,402,11,7638.19
2025-09-22,Clinica Vantia,Google Ads,Brand Search ES Q3,20.79,1876,125,7,3459.41
2025-09-22,Clinica Vantia,Google Ads,LeadGen Search ES Q3,31.19,2711,172,11,16117.15
2025-09-23,Clinica Vantia,Google Ads,Brand Search ES Q3,31.07,4144,182,10,9122.23
2025-09-23,Clinica Vantia,Google Ads,LeadGen Search ES Q3,46.61,6292,268,11,7055.46
2025-09-24,Clinica Vantia,Google Ads,Brand Search ES Q3,39.56,3219,152,6,4931.87
2025-09-24,Clinica Vantia,Google Ads,LeadGen Search ES Q3,59.33,4794,257,13,13109.81
2025-09-25,Clinica Vantia,Google Ads,Brand Search ES Q3,39.21,3756,146,11,7899.05
2025-09-25,Clinica Vantia,Google Ads,LeadGen Search ES Q3,58.82,5692,273,17,16141.82
2025-09-26,Clinica Vantia,Google Ads,Brand Search ES Q3,23.18,1969,59,2,1888.99
2025-09-26,Clinica Vantia,Google Ads,LeadGen Search ES Q3,34.76,2816,100,5,4076.9
2025-09-27,Clinica Vantia,Google Ads,Brand Search ES Q3,34.37,2753,107,4,
2025-09-27,Clinica Vantia,Google Ads,LeadGen Search ES Q3,51.56,4221,150,1,789.66
2025-09-28,Clinica Vantia,Google Ads,Brand Search ES Q3,31.86,2287,101,5,3702.87
2025-09-28,Clinica Vantia,Google Ads,LeadGen Search ES Q3,47.8,3457,147,2,1645.81
2025-09-29,Clinica Vantia,Google Ads,Brand Search ES Q3,28.17,2040,96,8,7271.48
2025-09-29,Clinica Vantia,Google Ads,LeadGen Search ES Q3,42.25,3098,169,11,8131.85
2025-09-30,Clinica Vantia,Google Ads,Brand Search ES Q3,34.2,3394,97,1,793.42
2025-09-30,Clinica Vantia,Google Ads,LeadGen Search ES Q3,51.3,5070,149,7,7273.37
2025-10-01,Clinica Vantia,Google Ads,Brand Search ES Q4,26.94,2687,166,6,4639.1
2025-10-01,Clinica Vantia,Google Ads,LeadGen Search ES Q4,40.4,3954,237,9,11488.13
2025-10-02,Clinica Vantia,Google Ads,Brand Search ES Q4,23.51,1697,92,2,1813.73
2025-10-02,Clinica Vantia,Google Ads,LeadGen Search ES Q4,35.26,2583,154,2,1748.96
2025-10-03,Clinica Vantia,Google Ads,Brand Search ES Q4,23.81,2164,134,5,6652.41
2025-10-03,Clinica Vantia,Google Ads,LeadGen Search ES Q4,35.72,3355,178,3,2241.31
2025-10-04,Clinica Vantia,Google Ads,Brand Search ES Q4,22.28,2323,98,4,3693.38
2025-10-04,Clinica Vantia,Google Ads,LeadGen Search ES Q4,33.41,3490,162,10,7377.13
2025-10-05,Clinica Vantia,Google Ads,Brand Search ES Q4,24.88,2121,108,2,1552.89
2025-10-05,Clinica Vantia,Google Ads,LeadGen Search ES Q4,37.32,3055,179,6,7810.1
2025-10-06,Clinica Vantia,Google Ads,Brand Search ES Q4,21.14,2478,91,4,2848.11
2025-10-06,Clinica Vantia,Google Ads,LeadGen Search ES Q4,31.71,3596,169,8,6789.31
2025-10-07,Clinica Vantia,Google Ads,Brand Search ES Q4,23.69,1867,65,4,4110.26
2025-10-07,Clinica Vantia,Google Ads,LeadGen Search ES Q4,35.53,2729,83,5,4187.43
2025-10-08,Clinica Vantia,Google Ads,Brand Search ES Q4,27.35,3194,100,1,762.6
2025-10-08,Clinica Vantia,Google Ads,LeadGen Search ES Q4,41.03,4680,171,5,3450.55
2025-10-09,Clinica Vantia,Google Ads,Brand Search ES Q4,22.37,1676,71,0,0.0
2025-10-09,Clinica Vantia,Google Ads,LeadGen Search ES Q4,33.55,2474,120,4,2709.05
2025-10-10,Clinica Vantia,Google Ads,Brand Search ES Q4,23.32,1654,90,2,2040.59
2025-10-10,Clinica Vantia,Google Ads,LeadGen Search ES Q4,34.98,2618,131,3,1973.09
2025-10-11,Clinica Vantia,Google Ads,Brand Search ES Q4,22.4,1981,71,3,1699.48
2025-10-11,Clinica Vantia,Google Ads,LeadGen Search ES Q4,33.61,2954,118,4,3573.51
2025-10-12,Clinica Vantia,Google Ads,Brand Search ES Q4,16.74,1784,97,4,4953.76
2025-10-12,Clinica Vantia,Google Ads,LeadGen Search ES Q4,25.1,2662,138,5,3440.23
2025-10-13,Clinica Vantia,Google Ads,Brand Search ES Q4,26.57,2002,92,2,1679.18
2025-10-13,Clinica Vantia,Google Ads,LeadGen Search ES Q4,39.85,3069,116,3,3135.58
2025-10-14,Clinica Vantia,Google Ads,Brand Search ES Q4,22.8,1715,68,1,752.51
2025-10-14,Clinica Vantia,Google Ads,LeadGen Search ES Q4,34.21,2665,98,2,1780.6
2025-10-15,Clinica Vantia,Google Ads,Brand Search ES Q4,20.2,2273,135,3,2285.16
2025-10-15,Clinica Vantia,Google Ads,LeadGen Search ES Q4,30.3,3418,211,10,12370.12
2025-10-16,Clinica Vantia,Google Ads,Brand Search ES Q4,22.26,1878,99,2,1528.45
2025-10-16,Clinica Vantia,Google Ads,LeadGen Search ES Q4,33.39,2884,165,6,5659.3
2025-10-17,Clinica Vantia,Google Ads,Brand Search ES Q4,25.19,2448,143,3,2384.68
2025-10-17,Clinica Vantia,Google Ads,LeadGen Search ES Q4,37.78,3655,212,4,2842.77
2025-10-18,Clinica Vantia,Google Ads,Brand Search ES Q4,19.61,2354,113,3,1963.22
2025-10-18,Clinica Vantia,Google Ads,LeadGen Search ES Q4,29.42,3633,141,3,2149.64
2025-10-19,Clinica Vantia,Google Ads,Brand Search ES Q4,31.44,2239,79,2,1707.74
2025-10-19,Clinica Vantia,Google Ads,LeadGen Search ES Q4,47.16,3398,117,8,6610.41
2025-10-20,Clinica Vantia,Google Ads,Brand Search ES Q4,20.94,2258,86,1,814.03
2025-10-20,Clinica Vantia,Google Ads,LeadGen Search ES Q4,31.41,3592,136,3,1751.67
2025-10-21,Clinica Vantia,Google Ads,Brand Search ES Q4,26.46,2001,85,5,4660.98
2025-10-21,Clinica Vantia,Google Ads,LeadGen Search ES Q4,39.69,2871,146,3,2902.62
2025-10-22,Clinica Vantia,Google Ads,Brand Search ES Q4,17.62,1318,47,1,781.02
2025-10-22,Clinica Vantia,Google Ads,LeadGen Search ES Q4,26.44,1928,72,2,1585.37
2025-10-23,Clinica Vantia,Google Ads,Brand Search ES Q4,23.35,2076,74,2,1456.34
2025-10-23,Clinica Vantia,Google Ads,LeadGen Search ES Q4,35.03,3080,121,7,5065.58
2025-10-24,Clinica Vantia,Google Ads,Brand Search ES Q4,23.51,2177,99,4,4274.95
2025-10-24,Clinica Vantia,Google Ads,LeadGen Search ES Q4,35.26,3124,150,14,10980.44
2025-10-25,Clinica Vantia,Google Ads,Brand Search ES Q4,18.66,1390,85,3,2311.88
2025-10-25,Clinica Vantia,Google Ads,LeadGen Search ES Q4,28.0,2092,98,4,3618.23
2025-10-26,Clinica Vantia,Google Ads,Brand Search ES Q4,21.96,2181,57,1,806.01
2025-10-26,Clinica Vantia,Google Ads,LeadGen Search ES Q4,32.95,3309,110,3,3812.52
2025-10-27,Clinica Vantia,Google Ads,Brand Search ES Q4,19.91,2781,89,3,3412.01
2025-10-27,Clinica Vantia,Google Ads,LeadGen Search ES Q4,29.86,4043,106,7,6843.38
2025-10-28,Clinica Vantia,Google Ads,Brand Search ES Q4,22.31,2133,93,3,2537.48
2025-10-28,Clinica Vantia,Google Ads,LeadGen Search ES Q4,33.46,3149,186,9,8091.99
2025-10-29,Clinica Vantia,Google Ads,Brand Search ES Q4,21.5,1816,91,3,
2025-10-29,Clinica Vantia,Google Ads,LeadGen Search ES Q4,32.26,2608,150,3,2595.32
2025-10-30,Clinica Vantia,Google Ads,Brand Search ES Q4,19.82,1751,52,3,2823.42
2025-10-30,Clinica Vantia,Google Ads,LeadGen Search ES Q4,29.74,2613,84,6,
2025-10-31,Clinica Vantia,Google Ads,Brand Search ES Q4,26.28,2591,84,8,5029.79
2025-10-31,Clinica Vantia,Google Ads,LeadGen Search ES Q4,39.42,3855,145,7,4685.43
2025-11-01,Clinica Vantia,Google Ads,Brand Search ES Q4,24.8,2294,68,2,1562.13
2025-11-01,Clinica Vantia,Google Ads,LeadGen Search ES Q4,37.2,3409,125,4,3292.69
2025-11-02,Clinica Vantia,Google Ads,Brand Search ES Q4,19.05,1795,65,4,
2025-11-02,Clinica Vantia,Google Ads,LeadGen Search ES Q4,28.58,2584,95,3,3026.1
2025-11-03,Clinica Vantia,Google Ads,Brand Search ES Q4,23.23,1795,79,1,531.44
2025-11-03,Clinica Vantia,Google Ads,LeadGen Search ES Q4,34.84,2802,124,1,708.92
2025-11-04,Clinica Vantia,Google Ads,Brand Search ES Q4,22.52,2015,104,2,2371.46
2025-11-04,Clinica Vantia,Google Ads,LeadGen Search ES Q4,33.78,3083,112,4,6798.85
2025-11-05,Clinica Vantia,Google Ads,Brand Search ES Q4,21.03,2443,107,5,2062.99
2025-11-05,Clinica Vantia,Google Ads,LeadGen Search ES Q4,31.54,3630,148,7,6739.48
2025-11-06,Clinica Vantia,Google Ads,Brand Search ES Q4,24.89,2091,105,1,835.15
2025-11-06,Clinica Vantia,Google Ads,LeadGen Search ES Q4,37.34,3394,195,3,2379.57
2025-11-07,Clinica Vantia,Google Ads,Brand Search ES Q4,26.86,2096,104,6,5572.82
2025-11-07,Clinica Vantia,Google Ads,LeadGen Search ES Q4,40.29,3156,170,8,8588.53
2025-11-08,Clinica Vantia,Google Ads,Brand Search ES Q4,24.81,2596,137,4,1680.71
2025-11-08,Clinica Vantia,Google Ads,LeadGen Search ES Q4,37.21,3991,215,9,8178.24
2025-11-09,Clinica Vantia,Google Ads,Brand Search ES Q4,18.8,1733,87,4,4262.54
2025-11-09,Clinica Vantia,Google Ads,LeadGen Search ES Q4,28.2,2413,135,2,1450.56
2025-11-10,Clinica Vantia,Google Ads,Brand Search ES Q4,20.04,1928,121,7,5585.74
2025-11-10,Clinica Vantia,Google Ads,LeadGen Search ES Q4,30.06,2891,171,14,10846.42
2025-11-11,Clinica Vantia,Google Ads,Brand Search ES Q4,27.23,2119,131,2,1513.84
2025-11-11,Clinica Vantia,Google Ads,LeadGen Search ES Q4,40.84,3151,170,7,7939.27
2025-11-12,Clinica Vantia,Google Ads,Brand Search ES Q4,21.41,2518,79,2,1373.68
2025-11-12,Clinica Vantia,Google Ads,LeadGen Search ES Q4,32.11,3781,126,3,2275.37
2025-11-13,Clinica Vantia,Google Ads,Brand Search ES Q4,21.09,1632,50,0,0.0
2025-11-13,Clinica Vantia,Google Ads,LeadGen Search ES Q4,31.64,2442,81,0,0.0
2025-11-14,Clinica Vantia,Google Ads,Brand Search ES Q4,27.6,2631,145,2,1203.4
2025-11-14,Clinica Vantia,Google Ads,LeadGen Search ES Q4,41.39,3904,208,4,3531.74
2025-11-15,Clinica Vantia,Google Ads,Brand Search ES Q4,27.29,2242,148,5,3759.98
2025-11-15,Clinica Vantia,Google Ads,LeadGen Search ES Q4,40.93,3270,185,2,1246.25
2025-11-16,Clinica Vantia,Google Ads,Brand Search ES Q4,27.86,2200,66,2,1806.11
2025-11-16,Clinica Vantia,Google Ads,LeadGen Search ES Q4,41.79,3215,97,5,4055.28
2025-11-17,Clinica Vantia,Google Ads,Brand Search ES Q4,30.43,2876,163,9,8148.03
2025-11-17,Clinica Vantia,Google Ads,LeadGen Search ES Q4,45.64,4156,221,6,6454.55
2025-11-18,Clinica Vantia,Google Ads,Brand Search ES Q4,23.27,2114,75,3,2168.74
2025-11-18,Clinica Vantia,Google Ads,LeadGen Search ES Q4,34.91,3183,132,3,1958.05
2025-11-19,Clinica Vantia,Google Ads,Brand Search ES Q4,22.33,1747,64,1,937.89
2025-11-19,Clinica Vantia,Google Ads,LeadGen Search ES Q4,33.5,2546,99,1,681.56
2025-11-20,Clinica Vantia,Google Ads,Brand Search ES Q4,32.35,2773,75,3,2303.9
2025-11-20,Clinica Vantia,Google Ads,LeadGen Search ES Q4,48.52,4107,131,4,3331.51
2025-11-21,Clinica Vantia,Google Ads,Brand Search ES Q4,24.67,3456,111,7,5964.34
2025-11-21,Clinica Vantia,Google Ads,LeadGen Search ES Q4,37.0,5132,200,9,9618.52
2025-11-22,Clinica Vantia,Google Ads,Brand Search ES Q4,20.03,2746,162,5,4700.12
2025-11-22,Clinica Vantia,Google Ads,LeadGen Search ES Q4,30.05,4052,210,12,
2025-11-23,Clinica Vantia,Google Ads,Brand Search ES Q4,26.41,2458,76,1,769.89
2025-11-23,Clinica Vantia,Google Ads,LeadGen Search ES Q4,39.62,3723,110,5,5992.59
2025-11-24,Clinica Vantia,Google Ads,Brand Search ES Q4,27.45,2230,92,2,2133.4
2025-11-24,Clinica Vantia,Google Ads,LeadGen Search ES Q4,41.18,3312,140,2,1466.35
2025-11-25,Clinica Vantia,Google Ads,Brand Search ES Q4,22.36,1943,85,2,1474.36
2025-11-25,Clinica Vantia,Google Ads,LeadGen Search ES Q4,33.53,3067,141,4,3287.53
2025-11-26,Clinica Vantia,Google Ads,Brand Search ES Q4,25.4,2055,95,1,1175.2
2025-11-26,Clinica Vantia,Google Ads,LeadGen Search ES Q4,38.1,3003,165,1,1160.12
2025-11-27,Clinica Vantia,Google Ads,Brand Search ES Q4,19.64,2188,114,0,0.0
2025-11-27,Clinica Vantia,Google Ads,LeadGen Search ES Q4,29.46,3439,140,9,
2025-11-28,Clinica Vantia,Google Ads,Brand Search ES Q4,27.53,2466,133,4,2885.63
2025-11-28,Clinica Vantia,Google Ads,LeadGen Search ES Q4,41.29,3614,199,12,14592.98
2025-11-29,Clinica Vantia,Google Ads,Brand Search ES Q4,19.62,1424,64,2,1334.96
2025-11-29,Clinica Vantia,Google Ads,LeadGen Search ES Q4,29.43,2056,86,3,3168.44
2025-11-30,Clinica Vantia,Google Ads,Brand Search ES Q4,21.69,1730,124,5,4211.03
2025-11-30,Clinica Vantia,Google Ads,LeadGen Search ES Q4,32.53,2730,146,2,1621.12
2025-12-01,Clinica Vantia,Google Ads,Brand Search ES Q4,26.8,3607,122,8,7444.48
2025-12-01,Clinica Vantia,Google Ads,LeadGen Search ES Q4,40.2,5526,167,6,
2025-12-02,Clinica Vantia,Google Ads,Brand Search ES Q4,21.01,1466,44,0,0.0
2025-12-02,Clinica Vantia,Google Ads,LeadGen Search ES Q4,31.52,2242,63,1,982.74
2025-12-03,Clinica Vantia,Google Ads,Brand Search ES Q4,23.19,3328,120,1,783.24
2025-12-03,Clinica Vantia,Google Ads,LeadGen Search ES Q4,34.78,4701,157,7,7176.32
2025-12-04,Clinica Vantia,Google Ads,Brand Search ES Q4,28.42,3556,146,9,8505.55
2025-12-04,Clinica Vantia,Google Ads,LeadGen Search ES Q4,42.63,5374,214,11,9691.96
2025-12-05,Clinica Vantia,Google Ads,Brand Search ES Q4,22.25,2558,88,3,2500.8
2025-12-05,Clinica Vantia,Google Ads,LeadGen Search ES Q4,33.38,3859,137,5,7619.43
2025-12-06,Clinica Vantia,Google Ads,Brand Search ES Q4,28.64,3969,199,2,1571.46
2025-12-06,Clinica Vantia,Google Ads,LeadGen Search ES Q4,42.96,5793,284,2,1791.56
2025-12-07,Clinica Vantia,Google Ads,Brand Search ES Q4,23.83,3149,109,4,2715.75
2025-12-07,Clinica Vantia,Google Ads,LeadGen Search ES Q4,35.74,4817,168,4,2318.58
2025-12-08,Clinica Vantia,Google Ads,Brand Search ES Q4,20.81,2549,139,4,6041.64
2025-12-08,Clinica Vantia,Google Ads,LeadGen Search ES Q4,31.22,3856,219,3,1672.74
2025-12-09,Clinica Vantia,Google Ads,Brand Search ES Q4,20.81,2040,108,6,4018.41
2025-12-09,Clinica Vantia,Google Ads,LeadGen Search ES Q4,31.22,3102,153,6,5631.65
2025-12-10,Clinica Vantia,Google Ads,Brand Search ES Q4,31.98,3348,109,4,3388.5
2025-12-10,Clinica Vantia,Google Ads,LeadGen Search ES Q4,47.96,4914,157,4,3162.25
2025-12-11,Clinica Vantia,Google Ads,Brand Search ES Q4,22.21,2056,138,6,3415.1
2025-12-11,Clinica Vantia,Google Ads,LeadGen Search ES Q4,33.31,3228,155,6,6311.15
2025-12-12,Clinica Vantia,Google Ads,Brand Search ES Q4,25.26,3666,121,6,5670.21
2025-12-12,Clinica Vantia,Google Ads,LeadGen Search ES Q4,37.89,5438,191,6,5559.43
2025-12-13,Clinica Vantia,Google Ads,Brand Search ES Q4,34.18,2676,97,2,2136.65
2025-12-13,Clinica Vantia,Google Ads,LeadGen Search ES Q4,51.27,4035,178,11,6497.9
2025-12-14,Clinica Vantia,Google Ads,Brand Search ES Q4,23.93,3422,105,6,7491.27
2025-12-14,Clinica Vantia,Google Ads,LeadGen Search ES Q4,35.89,5029,191,4,4310.15
2025-12-15,Clinica Vantia,Google Ads,Brand Search ES Q4,18.37,1889,118,2,1610.41
2025-12-15,Clinica Vantia,Google Ads,LeadGen Search ES Q4,27.56,2674,162,8,7862.03
2025-12-16,Clinica Vantia,Google Ads,Brand Search ES Q4,24.95,2741,147,2,1502.92
2025-12-16,Clinica Vantia,Google Ads,LeadGen Search ES Q4,37.42,3962,187,10,7521.07
2025-12-17,Clinica Vantia,Google Ads,Brand Search ES Q4,31.14,2523,147,2,1803.32
2025-12-17,Clinica Vantia,Google Ads,LeadGen Search ES Q4,46.71,3800,228,9,4475.17
2025-12-18,Clinica Vantia,Google Ads,Brand Search ES Q4,24.04,1875,55,4,4797.01
2025-12-18,Clinica Vantia,Google Ads,LeadGen Search ES Q4,36.06,2878,83,2,1862.88
2025-12-19,Clinica Vantia,Google Ads,Brand Search ES Q4,23.95,3228,130,6,4055.76
2025-12-19,Clinica Vantia,Google Ads,LeadGen Search ES Q4,35.93,4986,235,7,10045.47
2025-12-20,Clinica Vantia,Google Ads,Brand Search ES Q4,19.72,1516,65,2,1292.89
2025-12-20,Clinica Vantia,Google Ads,LeadGen Search ES Q4,29.59,2261,69,2,1936.75
2025-12-21,Clinica Vantia,Google Ads,Brand Search ES Q4,23.79,1822,61,0,0.0
2025-12-21,Clinica Vantia,Google Ads,LeadGen Search ES Q4,35.69,2711,117,4,4568.13
2025-12-22,Clinica Vantia,Google Ads,Brand Search ES Q4,35.08,4309,213,8,7574.4
2025-12-22,Clinica Vantia,Google Ads,LeadGen Search ES Q4,52.63,6346,326,14,15854.46
2025-12-23,Clinica Vantia,Google Ads,Brand Search ES Q4,26.69,2086,88,6,4329.43
2025-12-23,Clinica Vantia,Google Ads,LeadGen Search ES Q4,40.04,2988,109,3,1883.97
2025-12-24,Clinica Vantia,Google Ads,Brand Search ES Q4,25.14,1941,70,1,821.68
2025-12-24,Clinica Vantia,Google Ads,LeadGen Search ES Q4,37.71,3044,116,1,1063.7
2025-12-25,Clinica Vantia,Google Ads,Brand Search ES Q4,27.53,2670,88,4,3758.16
2025-12-25,Clinica Vantia,Google Ads,LeadGen Search ES Q4,41.3,3970,139,5,4754.58
2025-12-26,Clinica Vantia,Google Ads,Brand Search ES Q4,21.64,1757,58,1,1082.09
2025-12-26,Clinica Vantia,Google Ads,LeadGen Search ES Q4,32.46,2587,97,5,3033.05
2025-12-27,Clinica Vantia,Google Ads,Brand Search ES Q4,18.01,2010,50,3,
2025-12-27,Clinica Vantia,Google Ads,LeadGen Search ES Q4,27.02,2979,85,1,630.88
2025-12-28,Clinica Vantia,Google Ads,Brand Search ES Q4,23.52,2108,96,6,6314.9
2025-12-28,Clinica Vantia,Google Ads,LeadGen Search ES Q4,35.29,3351,176,5,3552.03
2025-12-29,Clinica Vantia,Google Ads,Brand Search ES Q4,25.19,1812,89,7,5135.87
2025-12-29,Clinica Vantia,Google Ads,LeadGen Search ES Q4,37.79,2811,129,4,3002.67
2025-12-30,Clinica Vantia,Google Ads,Brand Search ES Q4,24.16,1843,55,0,0.0
2025-12-30,Clinica Vantia,Google Ads,LeadGen Search ES Q4,36.24,2675,78,2,
2025-12-31,Clinica Vantia,Google Ads,Brand Search ES Q4,29.66,3601,154,5,4946.32
2025-12-31,Clinica Vantia,Google Ads,LeadGen Search ES Q4,44.49,5580,233,9,6184.91
2026-01-01,Clinica Vantia,Google Ads,Brand Search ES Q1,28.46,2360,119,7,
2026-01-01,Clinica Vantia,Google Ads,LeadGen Search ES Q1,42.69,3525,182,11,12899.85
2026-01-02,Clinica Vantia,Google Ads,Brand Search ES Q1,26.32,2630,145,7,5801.66
2026-01-02,Clinica Vantia,Google Ads,LeadGen Search ES Q1,39.48,3778,228,8,7185.66
2026-01-03,Clinica Vantia,Google Ads,Brand Search ES Q1,21.6,1958,95,3,2332.73
2026-01-03,Clinica Vantia,Google Ads,LeadGen Search ES Q1,32.4,2915,131,4,3828.7
2026-01-04,Clinica Vantia,Google Ads,Brand Search ES Q1,31.41,2626,114,4,3775.96
2026-01-04,Clinica Vantia,Google Ads,LeadGen Search ES Q1,47.11,3926,142,8,4928.17
2026-01-05,Clinica Vantia,Google Ads,Brand Search ES Q1,29.45,2341,102,4,3714.93
2026-01-05,Clinica Vantia,Google Ads,LeadGen Search ES Q1,44.17,3539,147,8,5262.79
2026-01-06,Clinica Vantia,Google Ads,Brand Search ES Q1,27.7,2545,103,1,1286.06
2026-01-06,Clinica Vantia,Google Ads,LeadGen Search ES Q1,41.55,3812,150,9,7966.04
2026-01-07,Clinica Vantia,Google Ads,Brand Search ES Q1,23.76,2640,108,3,2839.21
2026-01-07,Clinica Vantia,Google Ads,LeadGen Search ES Q1,35.64,3943,190,10,9518.32
2026-01-08,Clinica Vantia,Google Ads,Brand Search ES Q1,21.89,2105,116,1,763.23
2026-01-08,Clinica Vantia,Google Ads,LeadGen Search ES Q1,32.83,3023,165,4,3295.0
2026-01-09,Clinica Vantia,Google Ads,Brand Search ES Q1,23.85,2171,121,5,2755.18
2026-01-09,Clinica Vantia,Google Ads,LeadGen Search ES Q1,35.77,3178,159,3,4734.48
2026-01-10,Clinica Vantia,Google Ads,Brand Search ES Q1,22.32,1831,85,6,6992.38
2026-01-10,Clinica Vantia,Google Ads,LeadGen Search ES Q1,33.48,2770,96,4,4037.0
2026-01-11,Clinica Vantia,Google Ads,Brand Search ES Q1,23.76,1868,76,1,740.08
2026-01-11,Clinica Vantia,Google Ads,LeadGen Search ES Q1,35.65,2885,103,2,1565.96
2026-01-12,Clinica Vantia,Google Ads,Brand Search ES Q1,25.8,3102,178,7,3790.41
2026-01-12,Clinica Vantia,Google Ads,LeadGen Search ES Q1,38.71,4629,289,11,9023.08
2026-01-13,Clinica Vantia,Google Ads,Brand Search ES Q1,19.74,2063,95,1,454.7
2026-01-13,Clinica Vantia,Google Ads,LeadGen Search ES Q1,29.61,2964,113,8,4682.28
2026-01-14,Clinica Vantia,Google Ads,Brand Search ES Q1,29.03,3367,136,6,4369.28
2026-01-14,Clinica Vantia,Google Ads,LeadGen Search ES Q1,43.54,5105,221,5,4702.75
2026-01-15,Clinica Vantia,Google Ads,Brand Search ES Q1,21.22,1822,75,2,1817.31
2026-01-15,Clinica Vantia,Google Ads,LeadGen Search ES Q1,31.83,2795,90,0,0.0
2026-01-16,Clinica Vantia,Google Ads,Brand Search ES Q1,25.42,2501,82,1,861.7
2026-01-16,Clinica Vantia,Google Ads,LeadGen Search ES Q1,38.14,3778,120,0,0.0
2026-01-17,Clinica Vantia,Google Ads,Brand Search ES Q1,20.21,1689,68,0,0.0
2026-01-17,Clinica Vantia,Google Ads,LeadGen Search ES Q1,30.31,2383,81,1,898.08
2026-01-18,Clinica Vantia,Google Ads,Brand Search ES Q1,27.48,3609,117,5,4618.09
2026-01-18,Clinica Vantia,Google Ads,LeadGen Search ES Q1,41.21,5358,170,3,3461.06
2026-01-19,Clinica Vantia,Google Ads,Brand Search ES Q1,34.73,2498,79,4,5979.38
2026-01-19,Clinica Vantia,Google Ads,LeadGen Search ES Q1,52.09,3810,141,2,1429.81
2026-01-20,Clinica Vantia,Google Ads,Brand Search ES Q1,34.11,2681,85,6,6726.96
2026-01-20,Clinica Vantia,Google Ads,LeadGen Search ES Q1,51.17,3810,124,2,1352.41
2026-01-21,Clinica Vantia,Google Ads,Brand Search ES Q1,28.23,2810,108,0,0.0
2026-01-21,Clinica Vantia,Google Ads,LeadGen Search ES Q1,42.34,4143,145,4,3931.48
2026-01-22,Clinica Vantia,Google Ads,Brand Search ES Q1,25.5,2015,94,4,3873.2
2026-01-22,Clinica Vantia,Google Ads,LeadGen Search ES Q1,38.25,2990,162,7,7857.71
2026-01-23,Clinica Vantia,Google Ads,Brand Search ES Q1,21.34,2688,75,3,2715.97
2026-01-23,Clinica Vantia,Google Ads,LeadGen Search ES Q1,32.02,4000,100,2,1684.62
2026-01-24,Clinica Vantia,Google Ads,Brand Search ES Q1,27.32,2008,103,1,688.34
2026-01-24,Clinica Vantia,Google Ads,LeadGen Search ES Q1,40.98,3003,185,6,6564.91
2026-01-25,Clinica Vantia,Google Ads,Brand Search ES Q1,20.48,1646,82,1,521.23
2026-01-25,Clinica Vantia,Google Ads,LeadGen Search ES Q1,30.71,2534,129,5,3542.8
2026-01-26,Clinica Vantia,Google Ads,Brand Search ES Q1,23.02,1788,65,2,1579.51
2026-01-26,Clinica Vantia,Google Ads,LeadGen Search ES Q1,34.53,2707,89,2,1330.22
2026-01-27,Clinica Vantia,Google Ads,Brand Search ES Q1,21.58,1650,74,1,873.64
2026-01-27,Clinica Vantia,Google Ads,LeadGen Search ES Q1,32.38,2520,114,6,4445.64
2026-01-28,Clinica Vantia,Google Ads,Brand Search ES Q1,29.66,3875,226,5,4208.8
2026-01-28,Clinica Vantia,Google Ads,LeadGen Search ES Q1,44.49,5986,305,7,5324.12
2026-01-29,Clinica Vantia,Google Ads,Brand Search ES Q1,23.34,1966,109,2,1752.72
2026-01-29,Clinica Vantia,Google Ads,LeadGen Search ES Q1,35.0,2952,153,3,2372.89
2026-01-30,Clinica Vantia,Google Ads,Brand Search ES Q1,19.28,1615,45,2,2095.27
2026-01-30,Clinica Vantia,Google Ads,LeadGen Search ES Q1,28.92,2512,94,1,861.0
2026-01-31,Clinica Vantia,Google Ads,Brand Search ES Q1,25.32,2996,104,8,10580.03
2026-01-31,Clinica Vantia,Google Ads,LeadGen Search ES Q1,37.98,4713,171,4,3220.13
2026-02-01,Clinica Vantia,Google Ads,Brand Search ES Q1,28.44,2998,113,1,665.81
2026-02-01,Clinica Vantia,Google Ads,LeadGen Search ES Q1,42.67,4594,164,5,3966.08
2026-02-02,Clinica Vantia,Google Ads,Brand Search ES Q1,19.01,2036,66,2,1968.67
2026-02-02,Clinica Vantia,Google Ads,LeadGen Search ES Q1,28.51,3022,94,1,825.1
2026-02-03,Clinica Vantia,Google Ads,Brand Search ES Q1,29.96,3473,180,10,
2026-02-03,Clinica Vantia,Google Ads,LeadGen Search ES Q1,44.93,5236,248,9,6669.78
2026-02-04,Clinica Vantia,Google Ads,Brand Search ES Q1,23.25,1706,67,1,942.6
2026-02-04,Clinica Vantia,Google Ads,LeadGen Search ES Q1,34.88,2574,106,3,1826.46
2026-02-05,Clinica Vantia,Google Ads,Brand Search ES Q1,26.6,3518,117,2,2008.18
2026-02-05,Clinica Vantia,Google Ads,LeadGen Search ES Q1,39.9,5220,175,2,1436.05
2026-02-06,Clinica Vantia,Google Ads,Brand Search ES Q1,23.75,2458,132,6,5522.81
2026-02-06,Clinica Vantia,Google Ads,LeadGen Search ES Q1,35.62,3955,236,7,4927.65
2026-02-07,Clinica Vantia,Google Ads,Brand Search ES Q1,23.54,2336,80,3,1972.43
2026-02-07,Clinica Vantia,Google Ads,LeadGen Search ES Q1,35.3,3403,147,8,8278.9
2026-02-08,Clinica Vantia,Google Ads,Brand Search ES Q1,23.29,2146,108,4,4270.94
2026-02-08,Clinica Vantia,Google Ads,LeadGen Search ES Q1,34.94,3326,167,3,1718.59
2026-02-09,Clinica Vantia,Google Ads,Brand Search ES Q1,25.46,2706,143,6,5932.91
2026-02-09,Clinica Vantia,Google Ads,LeadGen Search ES Q1,38.19,4043,224,15,12962.91
2026-02-10,Clinica Vantia,Google Ads,Brand Search ES Q1,26.9,2551,70,2,921.46
2026-02-10,Clinica Vantia,Google Ads,LeadGen Search ES Q1,40.35,3928,120,6,5587.34
2026-02-11,Clinica Vantia,Google Ads,Brand Search ES Q1,30.9,3035,90,1,1006.3
2026-02-11,Clinica Vantia,Google Ads,LeadGen Search ES Q1,46.34,4634,161,3,2583.37
2026-02-12,Clinica Vantia,Google Ads,Brand Search ES Q1,24.4,1962,63,1,816.73
2026-02-12,Clinica Vantia,Google Ads,LeadGen Search ES Q1,36.59,2985,82,5,
2026-02-13,Clinica Vantia,Google Ads,Brand Search ES Q1,26.33,1802,66,3,3225.18
2026-02-13,Clinica Vantia,Google Ads,LeadGen Search ES Q1,39.49,2823,106,3,2624.29
2026-02-14,Clinica Vantia,Google Ads,Brand Search ES Q1,25.91,2627,113,5,5090.89
2026-02-14,Clinica Vantia,Google Ads,LeadGen Search ES Q1,38.86,3893,153,8,7024.8
2026-02-15,Clinica Vantia,Google Ads,Brand Search ES Q1,17.13,1356,45,2,1622.36
2026-02-15,Clinica Vantia,Google Ads,LeadGen Search ES Q1,25.7,2123,78,1,769.06
2026-02-16,Clinica Vantia,Google Ads,Brand Search ES Q1,25.4,2285,116,6,3692.84
2026-02-16,Clinica Vantia,Google Ads,LeadGen Search ES Q1,38.1,3472,184,8,7808.23
2026-02-17,Clinica Vantia,Google Ads,Brand Search ES Q1,24.25,1953,80,3,1716.91
2026-02-17,Clinica Vantia,Google Ads,LeadGen Search ES Q1,36.37,2952,138,4,4331.8
2026-02-18,Clinica Vantia,Google Ads,Brand Search ES Q1,23.7,1703,63,3,2908.14
2026-02-18,Clinica Vantia,Google Ads,LeadGen Search ES Q1,35.55,2634,88,7,12965.82
2026-02-19,Clinica Vantia,Google Ads,Brand Search ES Q1,22.38,2040,72,1,899.74
2026-02-19,Clinica Vantia,Google Ads,LeadGen Search ES Q1,33.57,2941,128,5,5387.69
2026-02-20,Clinica Vantia,Google Ads,Brand Search ES Q1,24.02,3038,95,3,5049.96
2026-02-20,Clinica Vantia,Google Ads,LeadGen Search ES Q1,36.03,4493,136,7,7606.41
2026-02-21,Clinica Vantia,Google Ads,Brand Search ES Q1,31.94,3715,181,5,4289.13
2026-02-21,Clinica Vantia,Google Ads,LeadGen Search ES Q1,47.91,5564,232,15,12167.69
2026-02-22,Clinica Vantia,Google Ads,Brand Search ES Q1,31.75,3073,166,10,7067.01
2026-02-22,Clinica Vantia,Google Ads,LeadGen Search ES Q1,47.62,4531,262,6,4931.77
2026-02-23,Clinica Vantia,Google Ads,Brand Search ES Q1,32.85,3161,130,4,3954.63
2026-02-23,Clinica Vantia,Google Ads,LeadGen Search ES Q1,49.27,4728,181,8,4453.3
2026-02-24,Clinica Vantia,Google Ads,Brand Search ES Q1,32.62,3633,127,5,
2026-02-24,Clinica Vantia,Google Ads,LeadGen Search ES Q1,48.93,5444,184,9,10948.48
2026-02-25,Clinica Vantia,Google Ads,Brand Search ES Q1,29.04,3913,147,5,3035.4
2026-02-25,Clinica Vantia,Google Ads,LeadGen Search ES Q1,43.56,5825,191,7,4650.83
2026-02-26,Clinica Vantia,Google Ads,Brand Search ES Q1,22.1,2142,100,5,5987.0
2026-02-26,Clinica Vantia,Google Ads,LeadGen Search ES Q1,33.15,3071,139,4,2820.99
2026-02-27,Clinica Vantia,Google Ads,Brand Search ES Q1,24.55,2518,123,6,4745.73
2026-02-27,Clinica Vantia,Google Ads,LeadGen Search ES Q1,36.83,3797,213,7,8478.94
2026-02-28,Clinica Vantia,Google Ads,Brand Search ES Q1,26.51,2022,134,3,2265.72
2026-02-28,Clinica Vantia,Google Ads,LeadGen Search ES Q1,39.77,3048,197,6,4763.01
2026-03-01,Clinica Vantia,Google Ads,Brand Search ES Q1,21.41,2034,65,0,0.0
2026-03-01,Clinica Vantia,Google Ads,LeadGen Search ES Q1,32.11,3063,119,5,5899.72
2026-03-02,Clinica Vantia,Google Ads,Brand Search ES Q1,28.65,3449,104,9,5869.24
2026-03-02,Clinica Vantia,Google Ads,LeadGen Search ES Q1,42.98,5173,175,11,10279.01
2026-03-03,Clinica Vantia,Google Ads,Brand Search ES Q1,19.73,1870,80,4,3395.78
2026-03-03,Clinica Vantia,Google Ads,LeadGen Search ES Q1,29.6,2798,126,7,9542.92
2026-03-04,Clinica Vantia,Google Ads,Brand Search ES Q1,23.86,1972,88,3,2197.96
2026-03-04,Clinica Vantia,Google Ads,LeadGen Search ES Q1,35.78,2950,159,6,5389.51
2026-03-05,Clinica Vantia,Google Ads,Brand Search ES Q1,24.66,2639,97,1,
2026-03-05,Clinica Vantia,Google Ads,LeadGen Search ES Q1,36.99,4007,177,5,5271.07
2026-03-06,Clinica Vantia,Google Ads,Brand Search ES Q1,26.69,3324,141,13,19463.32
2026-03-06,Clinica Vantia,Google Ads,LeadGen Search ES Q1,40.03,4989,242,8,6993.98
2026-03-07,Clinica Vantia,Google Ads,Brand Search ES Q1,21.0,2192,68,1,1738.39
2026-03-07,Clinica Vantia,Google Ads,LeadGen Search ES Q1,31.51,3251,97,1,838.52
2026-03-08,Clinica Vantia,Google Ads,Brand Search ES Q1,17.47,1808,56,3,3104.89
2026-03-08,Clinica Vantia,Google Ads,LeadGen Search ES Q1,26.2,2658,72,3,2999.79
2026-03-09,Clinica Vantia,Google Ads,Brand Search ES Q1,24.8,1809,73,5,2996.2
2026-03-09,Clinica Vantia,Google Ads,LeadGen Search ES Q1,37.2,2687,121,5,5787.33
2026-03-10,Clinica Vantia,Google Ads,Brand Search ES Q1,23.59,2253,99,4,
2026-03-10,Clinica Vantia,Google Ads,LeadGen Search ES Q1,35.38,3498,164,9,10266.62
2026-03-11,Clinica Vantia,Google Ads,Brand Search ES Q1,24.1,2242,69,1,863.51
2026-03-11,Clinica Vantia,Google Ads,LeadGen Search ES Q1,36.15,3360,124,6,
2026-03-12,Clinica Vantia,Google Ads,Brand Search ES Q1,19.98,1901,61,2,1836.9
2026-03-12,Clinica Vantia,Google Ads,LeadGen Search ES Q1,29.96,2922,109,1,943.26
2026-03-13,Clinica Vantia,Google Ads,Brand Search ES Q1,21.35,1629,81,2,2555.76
2026-03-13,Clinica Vantia,Google Ads,LeadGen Search ES Q1,32.03,2366,115,7,6405.93
2026-03-14,Clinica Vantia,Google Ads,Brand Search ES Q1,20.37,1999,70,2,1835.61
2026-03-14,Clinica Vantia,Google Ads,LeadGen Search ES Q1,30.56,2940,77,3,2465.66
2026-03-15,Clinica Vantia,Google Ads,Brand Search ES Q1,23.43,1798,52,1,719.41
2026-03-15,Clinica Vantia,Google Ads,LeadGen Search ES Q1,35.14,2736,100,2,2258.72
2026-03-16,Clinica Vantia,Google Ads,Brand Search ES Q1,22.66,2640,152,5,5173.06
2026-03-16,Clinica Vantia,Google Ads,LeadGen Search ES Q1,34.0,4000,221,8,6568.43
2026-03-17,Clinica Vantia,Google Ads,Brand Search ES Q1,26.39,2475,88,2,1190.44
2026-03-17,Clinica Vantia,Google Ads,LeadGen Search ES Q1,39.58,3878,122,3,2281.21
2026-03-18,Clinica Vantia,Google Ads,Brand Search ES Q1,20.55,1773,101,3,1419.46
2026-03-18,Clinica Vantia,Google Ads,LeadGen Search ES Q1,30.82,2705,132,0,0.0
2026-03-19,Clinica Vantia,Google Ads,Brand Search ES Q1,26.41,3533,120,2,1873.58
2026-03-19,Clinica Vantia,Google Ads,LeadGen Search ES Q1,39.61,5329,181,6,4487.22
2026-03-20,Clinica Vantia,Google Ads,Brand Search ES Q1,21.55,3002,138,4,4243.28
2026-03-20,Clinica Vantia,Google Ads,LeadGen Search ES Q1,32.32,4365,212,4,3772.58
2026-03-21,Clinica Vantia,Google Ads,Brand Search ES Q1,20.98,1815,94,4,3791.81
2026-03-21,Clinica Vantia,Google Ads,LeadGen Search ES Q1,31.47,2721,166,7,5285.37
2026-03-22,Clinica Vantia,Google Ads,Brand Search ES Q1,24.39,3181,181,4,2570.03
2026-03-22,Clinica Vantia,Google Ads,LeadGen Search ES Q1,36.58,4680,266,5,3241.17
2026-03-23,Clinica Vantia,Google Ads,Brand Search ES Q1,26.98,3821,173,3,2379.42
2026-03-23,Clinica Vantia,Google Ads,LeadGen Search ES Q1,40.47,5572,253,6,5036.46
2026-03-24,Clinica Vantia,Google Ads,Brand Search ES Q1,27.35,2863,156,3,1926.35
2026-03-24,Clinica Vantia,Google Ads,LeadGen Search ES Q1,41.03,4096,234,5,3534.08
2026-03-25,Clinica Vantia,Google Ads,Brand Search ES Q1,25.75,3221,107,5,
2026-03-25,Clinica Vantia,Google Ads,LeadGen Search ES Q1,38.62,4812,156,3,1963.22
2026-03-26,Clinica Vantia,Google Ads,Brand Search ES Q1,27.3,2219,87,5,7936.34
2026-03-26,Clinica Vantia,Google Ads,LeadGen Search ES Q1,40.95,3359,103,1,1291.49
2026-03-27,Clinica Vantia,Google Ads,Brand Search ES Q1,18.82,1607,73,9,8404.36
2026-03-27,Clinica Vantia,Google Ads,LeadGen Search ES Q1,28.23,2425,124,8,9531.28
2026-03-28,Clinica Vantia,Google Ads,Brand Search ES Q1,21.6,1879,58,3,3177.24
2026-03-28,Clinica Vantia,Google Ads,LeadGen Search ES Q1,32.4,2984,101,3,2017.76
2026-03-29,Clinica Vantia,Google Ads,Brand Search ES Q1,24.9,2093,90,6,4569.01
2026-03-29,Clinica Vantia,Google Ads,LeadGen Search ES Q1,37.35,3164,158,6,3452.6
2026-03-30,Clinica Vantia,Google Ads,Brand Search ES Q1,25.54,1959,111,4,2807.46
2026-03-30,Clinica Vantia,Google Ads,LeadGen Search ES Q1,38.31,2901,131,1,656.85
2026-03-31,Clinica Vantia,Google Ads,Brand Search ES Q1,23.18,1675,62,2,1022.43
2026-03-31,Clinica Vantia,Google Ads,LeadGen Search ES Q1,34.77,2413,102,2,1560.53
2026-04-01,Clinica Vantia,Google Ads,Brand Search ES Q2,24.38,2200,63,2,3093.21
2026-04-01,Clinica Vantia,Google Ads,LeadGen Search ES Q2,36.57,3252,91,1,
2026-04-02,Clinica Vantia,Google Ads,Brand Search ES Q2,24.2,3153,135,6,5088.44
2026-04-02,Clinica Vantia,Google Ads,LeadGen Search ES Q2,36.31,4798,190,8,5919.13
2026-04-03,Clinica Vantia,Google Ads,Brand Search ES Q2,23.08,1750,80,3,1901.7
2026-04-03,Clinica Vantia,Google Ads,LeadGen Search ES Q2,34.62,2500,107,2,1673.09
2026-04-04,Clinica Vantia,Google Ads,Brand Search ES Q2,21.67,2023,109,5,5192.46
2026-04-04,Clinica Vantia,Google Ads,LeadGen Search ES Q2,32.5,3112,175,12,9623.89
2026-04-05,Clinica Vantia,Google Ads,Brand Search ES Q2,23.42,3022,162,1,
2026-04-05,Clinica Vantia,Google Ads,LeadGen Search ES Q2,35.12,4567,269,8,6138.25
2026-04-06,Clinica Vantia,Google Ads,Brand Search ES Q2,22.38,2208,111,5,4141.75
2026-04-06,Clinica Vantia,Google Ads,LeadGen Search ES Q2,33.58,3286,179,3,3915.69
2026-04-07,Clinica Vantia,Google Ads,Brand Search ES Q2,23.18,2118,91,1,660.41
2026-04-07,Clinica Vantia,Google Ads,LeadGen Search ES Q2,34.78,3250,140,4,3058.41
2026-04-08,Clinica Vantia,Google Ads,Brand Search ES Q2,19.93,1884,76,2,1580.48
2026-04-08,Clinica Vantia,Google Ads,LeadGen Search ES Q2,29.9,2959,108,4,6480.12
2026-04-09,Clinica Vantia,Google Ads,Brand Search ES Q2,25.45,2766,106,5,4831.85
2026-04-09,Clinica Vantia,Google Ads,LeadGen Search ES Q2,38.18,4313,129,3,3421.36
2026-04-10,Clinica Vantia,Google Ads,Brand Search ES Q2,23.49,2283,122,3,3538.87
2026-04-10,Clinica Vantia,Google Ads,LeadGen Search ES Q2,35.23,3534,205,8,5553.64
2026-04-11,Clinica Vantia,Google Ads,Brand Search ES Q2,24.21,1866,101,3,2440.98
2026-04-11,Clinica Vantia,Google Ads,LeadGen Search ES Q2,36.32,2747,134,6,6226.06
2026-04-12,Clinica Vantia,Google Ads,Brand Search ES Q2,19.08,1758,69,0,0.0
2026-04-12,Clinica Vantia,Google Ads,LeadGen Search ES Q2,28.62,2662,115,5,6090.56
2026-04-13,Clinica Vantia,Google Ads,Brand Search ES Q2,24.16,2499,90,3,3158.0
2026-04-13,Clinica Vantia,Google Ads,LeadGen Search ES Q2,36.24,3575,131,4,2018.95
2026-04-14,Clinica Vantia,Google Ads,Brand Search ES Q2,19.95,1980,73,3,2918.54
2026-04-14,Clinica Vantia,Google Ads,LeadGen Search ES Q2,29.93,2839,82,5,4704.36
2026-04-15,Clinica Vantia,Google Ads,Brand Search ES Q2,29.31,3593,118,6,5539.46
2026-04-15,Clinica Vantia,Google Ads,LeadGen Search ES Q2,43.96,5253,201,7,6844.4
2026-04-16,Clinica Vantia,Google Ads,Brand Search ES Q2,36.78,4354,147,4,3144.61
2026-04-16,Clinica Vantia,Google Ads,LeadGen Search ES Q2,55.17,6571,222,4,4825.66
2026-04-17,Clinica Vantia,Google Ads,Brand Search ES Q2,19.63,1517,79,7,4028.88
2026-04-17,Clinica Vantia,Google Ads,LeadGen Search ES Q2,29.44,2330,132,7,7397.34
2026-04-18,Clinica Vantia,Google Ads,Brand Search ES Q2,21.31,1884,81,3,1923.62
2026-04-18,Clinica Vantia,Google Ads,LeadGen Search ES Q2,31.97,2887,120,6,4971.97
2026-04-19,Clinica Vantia,Google Ads,Brand Search ES Q2,23.3,1749,79,6,4328.65
2026-04-19,Clinica Vantia,Google Ads,LeadGen Search ES Q2,34.95,2611,119,8,6581.05
2026-04-20,Clinica Vantia,Google Ads,Brand Search ES Q2,27.87,2193,131,6,5965.87
2026-04-20,Clinica Vantia,Google Ads,LeadGen Search ES Q2,41.81,3303,161,7,7038.41
2026-04-21,Clinica Vantia,Google Ads,Brand Search ES Q2,18.83,1490,80,2,1556.99
2026-04-21,Clinica Vantia,Google Ads,LeadGen Search ES Q2,28.24,2396,113,1,1073.11
2026-04-22,Clinica Vantia,Google Ads,Brand Search ES Q2,29.21,3761,194,7,4611.6
2026-04-22,Clinica Vantia,Google Ads,LeadGen Search ES Q2,43.81,5468,271,6,6378.01
2026-04-23,Clinica Vantia,Google Ads,Brand Search ES Q2,21.39,1787,74,1,663.4
2026-04-23,Clinica Vantia,Google Ads,LeadGen Search ES Q2,32.08,2630,93,2,1117.19
2026-04-24,Clinica Vantia,Google Ads,Brand Search ES Q2,28.39,2512,87,2,1723.97
2026-04-24,Clinica Vantia,Google Ads,LeadGen Search ES Q2,42.58,3816,142,3,2047.69
2026-04-25,Clinica Vantia,Google Ads,Brand Search ES Q2,23.55,1665,91,3,2940.63
2026-04-25,Clinica Vantia,Google Ads,LeadGen Search ES Q2,35.32,2498,139,5,4896.46
2026-04-26,Clinica Vantia,Google Ads,Brand Search ES Q2,25.17,2206,116,2,2175.53
2026-04-26,Clinica Vantia,Google Ads,LeadGen Search ES Q2,37.75,3238,184,18,13532.42
2026-04-27,Clinica Vantia,Google Ads,Brand Search ES Q2,25.91,3496,108,5,3249.47
2026-04-27,Clinica Vantia,Google Ads,LeadGen Search ES Q2,38.86,5089,182,7,7790.97
2026-04-28,Clinica Vantia,Google Ads,Brand Search ES Q2,19.4,1944,78,3,3261.24
2026-04-28,Clinica Vantia,Google Ads,LeadGen Search ES Q2,29.1,2913,123,6,7326.27
2026-04-29,Clinica Vantia,Google Ads,Brand Search ES Q2,22.35,3182,132,3,2963.23
2026-04-29,Clinica Vantia,Google Ads,LeadGen Search ES Q2,33.52,4795,167,3,2676.46
2026-04-30,Clinica Vantia,Google Ads,Brand Search ES Q2,19.9,1435,53,0,0.0
2026-04-30,Clinica Vantia,Google Ads,LeadGen Search ES Q2,29.85,2218,91,6,3978.11
2026-05-01,Clinica Vantia,Google Ads,Brand Search ES Q2,25.79,2139,67,2,1938.89
2026-05-01,Clinica Vantia,Google Ads,LeadGen Search ES Q2,38.68,3269,103,4,2188.9
2026-05-02,Clinica Vantia,Google Ads,Brand Search ES Q2,26.79,2199,120,7,5962.31
2026-05-02,Clinica Vantia,Google Ads,LeadGen Search ES Q2,40.19,3323,158,7,4879.21
2026-05-03,Clinica Vantia,Google Ads,Brand Search ES Q2,19.18,2237,77,1,761.49
2026-05-03,Clinica Vantia,Google Ads,LeadGen Search ES Q2,28.76,3346,97,4,3100.59
2026-05-04,Clinica Vantia,Google Ads,Brand Search ES Q2,29.11,3640,123,5,6035.41
2026-05-04,Clinica Vantia,Google Ads,LeadGen Search ES Q2,43.66,5445,176,10,10599.17
2026-05-05,Clinica Vantia,Google Ads,Brand Search ES Q2,22.08,2203,103,4,2573.21
2026-05-05,Clinica Vantia,Google Ads,LeadGen Search ES Q2,33.11,3248,183,10,6737.89
2026-05-06,Clinica Vantia,Google Ads,Brand Search ES Q2,20.41,1990,72,2,1492.46
2026-05-06,Clinica Vantia,Google Ads,LeadGen Search ES Q2,30.61,3067,100,3,3640.08
2026-05-07,Clinica Vantia,Google Ads,Brand Search ES Q2,27.33,3204,130,6,5007.31
2026-05-07,Clinica Vantia,Google Ads,LeadGen Search ES Q2,41.0,5067,183,8,7930.65
2026-05-08,Clinica Vantia,Google Ads,Brand Search ES Q2,23.92,2628,146,6,3662.37
2026-05-08,Clinica Vantia,Google Ads,LeadGen Search ES Q2,35.88,3917,210,15,
2026-05-09,Clinica Vantia,Google Ads,Brand Search ES Q2,23.16,3189,96,2,1847.56
2026-05-09,Clinica Vantia,Google Ads,LeadGen Search ES Q2,34.75,4877,155,1,834.5
2026-05-10,Clinica Vantia,Google Ads,Brand Search ES Q2,23.35,2624,85,0,0.0
2026-05-10,Clinica Vantia,Google Ads,LeadGen Search ES Q2,35.03,3997,155,3,2165.66
2026-05-11,Clinica Vantia,Google Ads,Brand Search ES Q2,19.92,1513,73,2,1294.51
2026-05-11,Clinica Vantia,Google Ads,LeadGen Search ES Q2,29.87,2148,114,3,2188.74
2026-05-12,Clinica Vantia,Google Ads,Brand Search ES Q2,25.77,2206,64,6,7882.54
2026-05-12,Clinica Vantia,Google Ads,LeadGen Search ES Q2,38.65,3461,116,0,0.0
2026-05-13,Clinica Vantia,Google Ads,Brand Search ES Q2,23.57,1685,72,0,0.0
2026-05-13,Clinica Vantia,Google Ads,LeadGen Search ES Q2,35.35,2644,112,2,1230.55
2026-05-14,Clinica Vantia,Google Ads,Brand Search ES Q2,25.74,2689,118,1,770.66
2026-05-14,Clinica Vantia,Google Ads,LeadGen Search ES Q2,38.62,4111,195,4,3146.55
2026-05-15,Clinica Vantia,Google Ads,Brand Search ES Q2,26.09,2798,118,4,3463.01
2026-05-15,Clinica Vantia,Google Ads,LeadGen Search ES Q2,39.13,4296,174,6,4056.56
2026-05-16,Clinica Vantia,Google Ads,Brand Search ES Q2,33.83,2809,110,3,2031.2
2026-05-16,Clinica Vantia,Google Ads,LeadGen Search ES Q2,50.74,4115,196,8,5295.92
2026-05-17,Clinica Vantia,Google Ads,Brand Search ES Q2,27.52,2255,128,3,2157.04
2026-05-17,Clinica Vantia,Google Ads,LeadGen Search ES Q2,41.28,3274,172,8,
2026-05-18,Clinica Vantia,Google Ads,Brand Search ES Q2,27.65,3060,174,5,
2026-05-18,Clinica Vantia,Google Ads,LeadGen Search ES Q2,41.48,4725,227,14,11586.93
2026-05-19,Clinica Vantia,Google Ads,Brand Search ES Q2,25.49,2105,67,5,2924.2
2026-05-19,Clinica Vantia,Google Ads,LeadGen Search ES Q2,38.23,3085,95,4,3435.74
2026-05-20,Clinica Vantia,Google Ads,Brand Search ES Q2,24.0,1881,82,3,2578.51
2026-05-20,Clinica Vantia,Google Ads,LeadGen Search ES Q2,36.0,2854,108,4,3009.61
2026-05-21,Clinica Vantia,Google Ads,Brand Search ES Q2,22.48,2938,170,7,7899.54
2026-05-21,Clinica Vantia,Google Ads,LeadGen Search ES Q2,33.72,4483,261,14,11635.78
2026-05-22,Clinica Vantia,Google Ads,Brand Search ES Q2,23.03,1681,43,1,1047.57
2026-05-22,Clinica Vantia,Google Ads,LeadGen Search ES Q2,34.54,2445,83,2,2550.36
2026-05-23,Clinica Vantia,Google Ads,Brand Search ES Q2,28.63,2629,81,1,1122.48
2026-05-23,Clinica Vantia,Google Ads,LeadGen Search ES Q2,42.95,3821,151,5,3374.43
2026-05-24,Clinica Vantia,Google Ads,Brand Search ES Q2,25.91,3153,130,3,2862.36
2026-05-24,Clinica Vantia,Google Ads,LeadGen Search ES Q2,38.86,4545,189,6,5453.23
2026-05-25,Clinica Vantia,Google Ads,Brand Search ES Q2,20.98,2125,68,4,3373.82
2026-05-25,Clinica Vantia,Google Ads,LeadGen Search ES Q2,31.47,3155,90,7,5604.97
2026-05-26,Clinica Vantia,Google Ads,Brand Search ES Q2,24.06,2254,67,4,3344.04
2026-05-26,Clinica Vantia,Google Ads,LeadGen Search ES Q2,36.09,3447,129,8,7500.98
2026-05-27,Clinica Vantia,Google Ads,Brand Search ES Q2,20.81,1594,95,2,1720.2
2026-05-27,Clinica Vantia,Google Ads,LeadGen Search ES Q2,31.21,2375,125,2,1964.79
2026-05-28,Clinica Vantia,Google Ads,Brand Search ES Q2,17.23,1527,74,0,0.0
2026-05-28,Clinica Vantia,Google Ads,LeadGen Search ES Q2,25.84,2311,87,2,1281.95
2026-05-29,Clinica Vantia,Google Ads,Brand Search ES Q2,23.17,1855,69,4,2831.4
2026-05-29,Clinica Vantia,Google Ads,LeadGen Search ES Q2,34.76,2825,134,10,9844.96
2026-05-30,Clinica Vantia,Google Ads,Brand Search ES Q2,25.6,2033,113,4,4326.22
2026-05-30,Clinica Vantia,Google Ads,LeadGen Search ES Q2,38.39,3106,165,10,7807.42
2026-05-31,Clinica Vantia,Google Ads,Brand Search ES Q2,19.27,1796,51,2,1760.7
2026-05-31,Clinica Vantia,Google Ads,LeadGen Search ES Q2,28.91,2609,93,2,1908.35
2026-06-01,Clinica Vantia,Google Ads,Brand Search ES Q2,23.24,1928,69,0,0.0
2026-06-01,Clinica Vantia,Google Ads,LeadGen Search ES Q2,34.86,2890,96,3,3578.4
2026-06-02,Clinica Vantia,Google Ads,Brand Search ES Q2,19.17,2074,88,1,864.87
2026-06-02,Clinica Vantia,Google Ads,LeadGen Search ES Q2,28.75,3052,156,7,
2026-06-03,Clinica Vantia,Google Ads,Brand Search ES Q2,20.07,2125,86,2,1578.55
2026-06-03,Clinica Vantia,Google Ads,LeadGen Search ES Q2,30.11,3211,138,5,6082.33
2026-06-04,Clinica Vantia,Google Ads,Brand Search ES Q2,22.92,2377,84,3,2124.55
2026-06-04,Clinica Vantia,Google Ads,LeadGen Search ES Q2,34.38,3536,120,3,2376.44
2026-06-05,Clinica Vantia,Google Ads,Brand Search ES Q2,22.22,1766,73,2,2377.74
2026-06-05,Clinica Vantia,Google Ads,LeadGen Search ES Q2,33.33,2741,126,4,3265.58
2026-06-06,Clinica Vantia,Google Ads,Brand Search ES Q2,34.46,3665,166,7,3458.75
2026-06-06,Clinica Vantia,Google Ads,LeadGen Search ES Q2,51.69,5604,240,5,3427.28
2026-06-07,Clinica Vantia,Google Ads,Brand Search ES Q2,30.12,3119,141,4,3731.76
2026-06-07,Clinica Vantia,Google Ads,LeadGen Search ES Q2,45.18,4674,236,5,3794.8
2026-06-08,Clinica Vantia,Google Ads,Brand Search ES Q2,22.59,2313,122,3,2485.75
2026-06-08,Clinica Vantia,Google Ads,LeadGen Search ES Q2,33.88,3548,179,2,1248.19
2026-06-09,Clinica Vantia,Google Ads,Brand Search ES Q2,26.5,3133,160,7,5406.61
2026-06-09,Clinica Vantia,Google Ads,LeadGen Search ES Q2,39.74,4607,243,10,16220.15
2026-06-10,Clinica Vantia,Google Ads,Brand Search ES Q2,24.24,2377,101,2,1943.6
2026-06-10,Clinica Vantia,Google Ads,LeadGen Search ES Q2,36.36,3574,192,8,4304.8
2026-06-11,Clinica Vantia,Google Ads,Brand Search ES Q2,23.81,2244,103,5,2684.05
2026-06-11,Clinica Vantia,Google Ads,LeadGen Search ES Q2,35.71,3296,147,6,4780.16
2026-06-12,Clinica Vantia,Google Ads,Brand Search ES Q2,30.85,3855,148,9,8598.06
2026-06-12,Clinica Vantia,Google Ads,LeadGen Search ES Q2,46.27,5695,208,6,7879.32
2026-06-13,Clinica Vantia,Google Ads,Brand Search ES Q2,25.62,2247,103,5,6062.85
2026-06-13,Clinica Vantia,Google Ads,LeadGen Search ES Q2,38.43,3294,135,5,6069.22
2026-06-14,Clinica Vantia,Google Ads,Brand Search ES Q2,25.89,3667,129,2,1915.67
2026-06-14,Clinica Vantia,Google Ads,LeadGen Search ES Q2,38.84,5315,183,4,3833.46
2026-06-15,Clinica Vantia,Google Ads,Brand Search ES Q2,20.8,2511,79,2,1777.08
2026-06-15,Clinica Vantia,Google Ads,LeadGen Search ES Q2,31.19,3704,110,3,1888.72
2026-06-16,Clinica Vantia,Google Ads,Brand Search ES Q2,24.46,3424,177,4,4382.59
2026-06-16,Clinica Vantia,Google Ads,LeadGen Search ES Q2,36.68,5058,250,6,6367.05
2026-06-17,Clinica Vantia,Google Ads,Brand Search ES Q2,23.76,2058,112,5,4894.34
2026-06-17,Clinica Vantia,Google Ads,LeadGen Search ES Q2,35.64,2994,154,4,3679.85
2026-06-18,Clinica Vantia,Google Ads,Brand Search ES Q2,23.54,2106,100,0,0.0
2026-06-18,Clinica Vantia,Google Ads,LeadGen Search ES Q2,35.31,3179,178,3,2812.44
2026-06-19,Clinica Vantia,Google Ads,Brand Search ES Q2,31.55,4350,168,1,742.8
2026-06-19,Clinica Vantia,Google Ads,LeadGen Search ES Q2,47.33,6566,281,9,9756.72
2026-06-20,Clinica Vantia,Google Ads,Brand Search ES Q2,21.02,1957,51,3,2357.14
2026-06-20,Clinica Vantia,Google Ads,LeadGen Search ES Q2,31.53,2861,96,3,2583.93
2026-06-21,Clinica Vantia,Google Ads,Brand Search ES Q2,24.25,2108,96,2,1384.59
2026-06-21,Clinica Vantia,Google Ads,LeadGen Search ES Q2,36.38,3248,172,2,2384.33
2026-06-22,Clinica Vantia,Google Ads,Brand Search ES Q2,24.15,3009,178,5,5441.27
2026-06-22,Clinica Vantia,Google Ads,LeadGen Search ES Q2,36.22,4620,262,12,8422.86
2026-06-23,Clinica Vantia,Google Ads,Brand Search ES Q2,17.01,1403,60,1,933.01
2026-06-23,Clinica Vantia,Google Ads,LeadGen Search ES Q2,25.51,2202,88,2,2205.96
2026-06-24,Clinica Vantia,Google Ads,Brand Search ES Q2,21.52,1546,48,1,1380.88
2026-06-24,Clinica Vantia,Google Ads,LeadGen Search ES Q2,32.27,2418,68,6,
2026-06-25,Clinica Vantia,Google Ads,Brand Search ES Q2,21.2,2324,82,3,2416.0
2026-06-25,Clinica Vantia,Google Ads,LeadGen Search ES Q2,31.8,3475,103,8,9356.11
2026-06-26,Clinica Vantia,Google Ads,Brand Search ES Q2,21.95,1629,77,0,0.0
2026-06-26,Clinica Vantia,Google Ads,LeadGen Search ES Q2,32.92,2435,127,2,1641.69
2026-06-27,Clinica Vantia,Google Ads,Brand Search ES Q2,26.2,2061,123,6,5177.29
2026-06-27,Clinica Vantia,Google Ads,LeadGen Search ES Q2,39.3,3040,160,7,7015.46
2026-06-28,Clinica Vantia,Google Ads,Brand Search ES Q2,27.22,1899,109,0,0.0
2026-06-28,Clinica Vantia,Google Ads,LeadGen Search ES Q2,40.83,2991,169,6,4677.9
2026-06-29,Clinica Vantia,Google Ads,Brand Search ES Q2,24.12,2980,166,5,6874.23
2026-06-29,Clinica Vantia,Google Ads,LeadGen Search ES Q2,36.19,4408,259,11,12091.3
2026-06-30,Clinica Vantia,Google Ads,Brand Search ES Q2,22.26,2179,53,0,0.0
2026-06-30,Clinica Vantia,Google Ads,LeadGen Search ES Q2,33.39,3256,113,3,2527.63
2026-07-01,Clinica Vantia,Google Ads,Brand Search ES Q3,18.92,1460,61,0,0.0
2026-07-01,Clinica Vantia,Google Ads,LeadGen Search ES Q3,28.38,2227,119,4,4307.52
2026-07-02,Clinica Vantia,Google Ads,Brand Search ES Q3,24.05,3058,125,5,2702.87
2026-07-02,Clinica Vantia,Google Ads,LeadGen Search ES Q3,36.08,4499,183,8,6049.03
2026-07-03,Clinica Vantia,Google Ads,Brand Search ES Q3,27.02,3226,100,2,1381.81
2026-07-03,Clinica Vantia,Google Ads,LeadGen Search ES Q3,40.54,4897,161,6,6402.64
2026-07-04,Clinica Vantia,Google Ads,Brand Search ES Q3,25.28,2649,132,6,4855.09
2026-07-04,Clinica Vantia,Google Ads,LeadGen Search ES Q3,37.92,4038,206,10,9217.44
2026-07-05,Clinica Vantia,Google Ads,Brand Search ES Q3,15.68,1906,105,2,909.29
2026-07-05,Clinica Vantia,Google Ads,LeadGen Search ES Q3,23.52,2869,177,9,5791.2
2026-07-06,Clinica Vantia,Google Ads,Brand Search ES Q3,30.08,3677,217,9,6931.22
2026-07-06,Clinica Vantia,Google Ads,LeadGen Search ES Q3,45.12,5519,276,10,11513.14
2026-07-07,Clinica Vantia,Google Ads,Brand Search ES Q3,26.05,3346,184,4,2448.43
2026-07-07,Clinica Vantia,Google Ads,LeadGen Search ES Q3,39.07,4923,287,5,3684.66
2026-07-08,Clinica Vantia,Google Ads,Brand Search ES Q3,24.35,2907,116,1,
2026-07-08,Clinica Vantia,Google Ads,LeadGen Search ES Q3,36.52,4393,159,6,3352.85
2026-07-09,Clinica Vantia,Google Ads,Brand Search ES Q3,23.09,3130,192,9,13387.3
2026-07-09,Clinica Vantia,Google Ads,LeadGen Search ES Q3,34.64,4559,258,17,
2026-07-10,Clinica Vantia,Google Ads,Brand Search ES Q3,22.27,2554,94,3,2421.08
2026-07-10,Clinica Vantia,Google Ads,LeadGen Search ES Q3,33.41,3858,142,5,4973.83
2026-07-11,Clinica Vantia,Google Ads,Brand Search ES Q3,26.66,3688,179,4,3474.95
2026-07-11,Clinica Vantia,Google Ads,LeadGen Search ES Q3,39.99,5716,251,3,2373.87
2026-07-12,Clinica Vantia,Google Ads,Brand Search ES Q3,25.64,2607,157,3,2982.81
2026-07-12,Clinica Vantia,Google Ads,LeadGen Search ES Q3,38.46,3767,232,7,6666.61
2026-07-13,Clinica Vantia,Google Ads,Brand Search ES Q3,20.6,2604,120,5,3392.46
2026-07-13,Clinica Vantia,Google Ads,LeadGen Search ES Q3,30.9,3967,194,5,6419.22
2026-07-14,Clinica Vantia,Google Ads,Brand Search ES Q3,23.74,2158,115,10,7097.59
2026-07-14,Clinica Vantia,Google Ads,LeadGen Search ES Q3,35.61,3164,159,5,4134.37
2026-07-15,Clinica Vantia,Google Ads,Brand Search ES Q3,23.1,1607,92,3,2375.16
2026-07-15,Clinica Vantia,Google Ads,LeadGen Search ES Q3,34.65,2572,144,9,6649.13
2026-07-16,Clinica Vantia,Google Ads,Brand Search ES Q3,25.92,2354,91,4,2545.07
2026-07-16,Clinica Vantia,Google Ads,LeadGen Search ES Q3,38.89,3460,138,2,1763.92
2026-07-17,Clinica Vantia,Google Ads,Brand Search ES Q3,23.74,2712,138,6,5428.76
2026-07-17,Clinica Vantia,Google Ads,LeadGen Search ES Q3,35.61,4117,181,9,6753.31
2026-07-18,Clinica Vantia,Google Ads,Brand Search ES Q3,23.92,1868,60,5,4107.58
2026-07-18,Clinica Vantia,Google Ads,LeadGen Search ES Q3,35.88,2821,96,3,3333.56
2026-07-19,Clinica Vantia,Google Ads,Brand Search ES Q3,27.19,2042,100,1,732.85
2026-07-19,Clinica Vantia,Google Ads,LeadGen Search ES Q3,40.78,2994,153,3,1499.58
2026-07-20,Clinica Vantia,Google Ads,Brand Search ES Q3,26.77,3385,109,4,2530.29
2026-07-20,Clinica Vantia,Google Ads,LeadGen Search ES Q3,40.16,5012,158,3,1981.55
2026-07-21,Clinica Vantia,Google Ads,Brand Search ES Q3,22.66,2834,126,5,4357.64
2026-07-21,Clinica Vantia,Google Ads,LeadGen Search ES Q3,33.99,4207,183,5,3479.16
2026-07-22,Clinica Vantia,Google Ads,Brand Search ES Q3,20.77,1797,71,4,4422.24
2026-07-22,Clinica Vantia,Google Ads,LeadGen Search ES Q3,31.15,2789,164,6,4475.23
2026-07-23,Clinica Vantia,Google Ads,Brand Search ES Q3,21.59,2266,112,5,4891.53
2026-07-23,Clinica Vantia,Google Ads,LeadGen Search ES Q3,32.39,3392,150,10,4932.74
2026-07-24,Clinica Vantia,Google Ads,Brand Search ES Q3,25.07,1939,96,6,5709.9
2026-07-24,Clinica Vantia,Google Ads,LeadGen Search ES Q3,37.6,2783,121,7,7518.33
2026-07-25,Clinica Vantia,Google Ads,Brand Search ES Q3,27.75,3321,196,4,1923.06
2026-07-25,Clinica Vantia,Google Ads,LeadGen Search ES Q3,41.63,4937,263,8,8172.61
2026-07-26,Clinica Vantia,Google Ads,Brand Search ES Q3,28.97,2686,79,2,2199.18
2026-07-26,Clinica Vantia,Google Ads,LeadGen Search ES Q3,43.45,4027,129,2,2053.94
2026-07-27,Clinica Vantia,Google Ads,Brand Search ES Q3,22.5,1801,118,4,2741.56
2026-07-27,Clinica Vantia,Google Ads,LeadGen Search ES Q3,33.75,2686,140,3,2486.19
2026-07-28,Clinica Vantia,Google Ads,Brand Search ES Q3,26.45,2171,95,2,1022.03
2026-07-28,Clinica Vantia,Google Ads,LeadGen Search ES Q3,39.67,3375,152,3,1193.96
2026-07-29,Clinica Vantia,Google Ads,Brand Search ES Q3,32.67,3239,192,4,2789.66
2026-07-29,Clinica Vantia,Google Ads,LeadGen Search ES Q3,49.01,5037,306,5,4347.63
2026-07-30,Clinica Vantia,Google Ads,Brand Search ES Q3,19.94,2148,85,5,3796.38
2026-07-30,Clinica Vantia,Google Ads,LeadGen Search ES Q3,29.91,3266,128,4,2603.99
2026-07-31,Clinica Vantia,Google Ads,Brand Search ES Q3,18.07,1840,72,1,896.76
2026-07-31,Clinica Vantia,Google Ads,LeadGen Search ES Q3,27.1,2853,113,2,1356.3
2025-02-01,Nordfit Equipment,Google Ads,es-search-brand-q1,65.89,6721,265,10,433.0
2025-02-01,Nordfit Equipment,Google Ads,es-shopping-generic-q1,87.86,8989,338,8,491.54
2025-02-01,Nordfit Equipment,Google Ads,GYM_PROMO_OLD,32.95,3430,126,4,257.65
2025-02-02,Nordfit Equipment,Google Ads,es-search-brand-q1,85.06,7226,299,9,665.55
2025-02-02,Nordfit Equipment,Google Ads,es-shopping-generic-q1,113.41,9610,376,15,990.55
2025-02-02,Nordfit Equipment,Google Ads,GYM_PROMO_OLD,42.53,3628,146,5,389.94
2025-02-03,Nordfit Equipment,Google Ads,es-search-brand-q1,73.14,6004,221,8,734.25
2025-02-03,Nordfit Equipment,Google Ads,es-shopping-generic-q1,97.52,8031,292,13,998.79
2025-02-03,Nordfit Equipment,Google Ads,GYM_PROMO_OLD,36.57,3037,104,5,242.47
2025-02-04,Nordfit Equipment,Google Ads,es-search-brand-q1,82.93,8981,417,17,1020.9
2025-02-04,Nordfit Equipment,Google Ads,es-shopping-generic-q1,110.57,11996,542,24,2419.19
2025-02-04,Nordfit Equipment,Google Ads,GYM_PROMO_OLD,41.47,4412,210,11,579.8
2025-02-05,Nordfit Equipment,Google Ads,es-search-brand-q1,71.86,5505,261,13,680.55
2025-02-05,Nordfit Equipment,Google Ads,es-shopping-generic-q1,95.81,7214,378,20,1035.63
2025-02-05,Nordfit Equipment,Google Ads,GYM_PROMO_OLD,35.93,2647,149,7,440.87
2025-02-06,Nordfit Equipment,Google Ads,es-search-brand-q1,69.43,8538,379,10,556.05
2025-02-06,Nordfit Equipment,Google Ads,es-shopping-generic-q1,92.57,11698,475,17,1290.26
2025-02-06,Nordfit Equipment,Google Ads,GYM_PROMO_OLD,34.71,4216,170,4,217.59
2025-02-07,Nordfit Equipment,Google Ads,es-search-brand-q1,94.27,8651,492,28,1543.17
2025-02-07,Nordfit Equipment,Google Ads,es-shopping-generic-q1,125.69,11446,639,29,1643.61
2025-02-07,Nordfit Equipment,Google Ads,GYM_PROMO_OLD,47.13,4360,242,14,879.73
2025-02-08,Nordfit Equipment,Google Ads,es-search-brand-q1,80.53,9379,430,17,1233.59
2025-02-08,Nordfit Equipment,Google Ads,es-shopping-generic-q1,107.38,12526,513,19,1163.43
2025-02-08,Nordfit Equipment,Google Ads,GYM_PROMO_OLD,40.27,4553,210,5,295.33
2025-02-09,Nordfit Equipment,Google Ads,es-search-brand-q1,77.21,9558,540,24,1737.13
2025-02-09,Nordfit Equipment,Google Ads,es-shopping-generic-q1,102.94,12493,683,33,2601.19
2025-02-09,Nordfit Equipment,Google Ads,GYM_PROMO_OLD,38.6,4904,273,8,519.82
2025-02-10,Nordfit Equipment,Google Ads,es-search-brand-q1,78.58,6011,238,4,155.28
2025-02-10,Nordfit Equipment,Google Ads,es-shopping-generic-q1,104.77,8079,375,10,792.85
2025-02-10,Nordfit Equipment,Google Ads,GYM_PROMO_OLD,39.29,3082,137,2,120.21
2025-02-11,Nordfit Equipment,Google Ads,es-search-brand-q1,73.95,6316,271,14,1371.49
2025-02-11,Nordfit Equipment,Google Ads,es-shopping-generic-q1,98.6,8500,354,16,845.72
2025-02-11,Nordfit Equipment,Google Ads,GYM_PROMO_OLD,36.97,3057,152,5,339.29
2025-02-12,Nordfit Equipment,Google Ads,es-search-brand-q1,79.48,7156,205,8,541.98
2025-02-12,Nordfit Equipment,Google Ads,es-shopping-generic-q1,105.97,9592,320,16,1099.97
2025-02-12,Nordfit Equipment,Google Ads,GYM_PROMO_OLD,39.74,3757,101,2,122.54
2025-02-13,Nordfit Equipment,Google Ads,es-search-brand-q1,71.27,6535,333,2,125.24
2025-02-13,Nordfit Equipment,Google Ads,es-shopping-generic-q1,95.03,8691,524,14,578.79
2025-02-13,Nordfit Equipment,Google Ads,GYM_PROMO_OLD,35.63,3251,161,5,341.39
2025-02-14,Nordfit Equipment,Google Ads,es-search-brand-q1,75.05,5990,187,9,616.25
2025-02-14,Nordfit Equipment,Google Ads,es-shopping-generic-q1,100.07,7718,238,9,532.71
2025-02-14,Nordfit Equipment,Google Ads,GYM_PROMO_OLD,37.53,2855,88,1,93.84
2025-02-15,Nordfit Equipment,Google Ads,es-search-brand-q1,70.72,10085,575,23,
2025-02-15,Nordfit Equipment,Google Ads,es-shopping-generic-q1,94.29,13250,773,36,3001.2
2025-02-15,Nordfit Equipment,Google Ads,GYM_PROMO_OLD,35.36,4987,307,18,1613.03
2025-02-16,Nordfit Equipment,Google Ads,es-search-brand-q1,60.06,5156,184,7,491.31
2025-02-16,Nordfit Equipment,Google Ads,es-shopping-generic-q1,80.08,6979,260,5,274.06
2025-02-16,Nordfit Equipment,Google Ads,GYM_PROMO_OLD,30.03,2565,86,1,75.05
2025-02-17,Nordfit Equipment,Google Ads,es-search-brand-q1,96.97,9443,345,7,468.76
2025-02-17,Nordfit Equipment,Google Ads,es-shopping-generic-q1,129.3,12490,436,13,928.55
2025-02-17,Nordfit Equipment,Google Ads,GYM_PROMO_OLD,48.49,4655,165,5,306.01
2025-02-18,Nordfit Equipment,Google Ads,es-search-brand-q1,77.24,9030,316,4,428.48
2025-02-18,Nordfit Equipment,Google Ads,es-shopping-generic-q1,102.98,12065,423,8,416.18
2025-02-18,Nordfit Equipment,Google Ads,GYM_PROMO_OLD,38.62,4578,167,4,381.54
2025-02-19,Nordfit Equipment,Google Ads,es-search-brand-q1,74.33,6027,232,2,172.3
2025-02-19,Nordfit Equipment,Google Ads,es-shopping-generic-q1,99.11,8152,272,5,451.21
2025-02-19,Nordfit Equipment,Google Ads,GYM_PROMO_OLD,37.17,3048,83,1,75.09
2025-02-20,Nordfit Equipment,Google Ads,es-search-brand-q1,82.51,8678,471,32,2340.53
2025-02-20,Nordfit Equipment,Google Ads,es-shopping-generic-q1,110.01,11394,632,39,2521.88
2025-02-20,Nordfit Equipment,Google Ads,GYM_PROMO_OLD,41.25,4348,251,12,791.8
2025-02-21,Nordfit Equipment,Google Ads,es-search-brand-q1,84.46,6278,205,9,755.84
2025-02-21,Nordfit Equipment,Google Ads,es-shopping-generic-q1,112.61,8310,291,11,722.42
2025-02-21,Nordfit Equipment,Google Ads,GYM_PROMO_OLD,42.23,3062,100,7,546.54
2025-02-22,Nordfit Equipment,Google Ads,es-search-brand-q1,61.38,4998,185,5,369.35
2025-02-22,Nordfit Equipment,Google Ads,es-shopping-generic-q1,81.83,6656,263,3,194.92
2025-02-22,Nordfit Equipment,Google Ads,GYM_PROMO_OLD,30.69,2512,100,2,157.28
2025-02-23,Nordfit Equipment,Google Ads,es-search-brand-q1,74.52,6343,233,8,966.28
2025-02-23,Nordfit Equipment,Google Ads,es-shopping-generic-q1,99.36,8372,241,13,1446.01
2025-02-23,Nordfit Equipment,Google Ads,GYM_PROMO_OLD,37.26,3140,106,4,233.52
2025-02-24,Nordfit Equipment,Google Ads,es-search-brand-q1,104.29,8185,379,11,959.93
2025-02-24,Nordfit Equipment,Google Ads,es-shopping-generic-q1,139.05,10757,490,15,984.31
2025-02-24,Nordfit Equipment,Google Ads,GYM_PROMO_OLD,52.14,4075,177,8,637.17
2025-02-25,Nordfit Equipment,Google Ads,es-search-brand-q1,69.85,5845,332,7,430.06
2025-02-25,Nordfit Equipment,Google Ads,es-shopping-generic-q1,93.14,7633,407,19,1137.15
2025-02-25,Nordfit Equipment,Google Ads,GYM_PROMO_OLD,34.93,2929,156,1,59.84
2025-02-26,Nordfit Equipment,Google Ads,es-search-brand-q1,85.76,8801,434,27,1542.28
2025-02-26,Nordfit Equipment,Google Ads,es-shopping-generic-q1,114.34,11717,562,22,1538.52
2025-02-26,Nordfit Equipment,Google Ads,GYM_PROMO_OLD,42.88,4364,216,9,693.44
2025-02-27,Nordfit Equipment,Google Ads,es-search-brand-q1,75.84,5606,214,11,1018.62
2025-02-27,Nordfit Equipment,Google Ads,es-shopping-generic-q1,101.12,7372,271,8,577.59
2025-02-27,Nordfit Equipment,Google Ads,GYM_PROMO_OLD,37.92,2887,124,5,311.81
2025-02-28,Nordfit Equipment,Google Ads,es-search-brand-q1,85.63,7869,446,15,854.32
2025-02-28,Nordfit Equipment,Google Ads,es-shopping-generic-q1,114.17,10517,542,22,1822.51
2025-02-28,Nordfit Equipment,Google Ads,GYM_PROMO_OLD,42.82,3839,185,5,397.13
2025-03-01,Nordfit Equipment,Google Ads,es-search-brand-q1,62.77,8004,402,22,1422.75
2025-03-01,Nordfit Equipment,Google Ads,es-shopping-generic-q1,83.7,10676,513,28,1798.2
2025-03-01,Nordfit Equipment,Google Ads,GYM_PROMO_OLD,31.39,3981,190,4,305.81
2025-03-02,Nordfit Equipment,Google Ads,es-search-brand-q1,78.46,5674,297,8,507.7
2025-03-02,Nordfit Equipment,Google Ads,es-shopping-generic-q1,104.61,7866,443,11,1261.08
2025-03-02,Nordfit Equipment,Google Ads,GYM_PROMO_OLD,39.23,2847,166,4,222.15
2025-03-03,Nordfit Equipment,Google Ads,es-search-brand-q1,81.71,5812,227,8,744.68
2025-03-03,Nordfit Equipment,Google Ads,es-shopping-generic-q1,108.94,7787,320,10,516.0
2025-03-03,Nordfit Equipment,Google Ads,GYM_PROMO_OLD,40.85,2976,129,6,635.43
2025-03-04,Nordfit Equipment,Google Ads,es-search-brand-q1,82.45,8855,425,13,886.0
2025-03-04,Nordfit Equipment,Google Ads,es-shopping-generic-q1,109.94,11700,607,22,1513.28
2025-03-04,Nordfit Equipment,Google Ads,GYM_PROMO_OLD,41.23,4348,207,4,328.61
2025-03-05,Nordfit Equipment,Google Ads,es-search-brand-q1,84.22,7430,399,17,869.4
2025-03-05,Nordfit Equipment,Google Ads,es-shopping-generic-q1,112.29,10072,496,31,1789.01
2025-03-05,Nordfit Equipment,Google Ads,GYM_PROMO_OLD,42.11,3704,211,10,683.77
2025-03-06,Nordfit Equipment,Google Ads,es-search-brand-q1,56.19,4176,225,11,1019.91
2025-03-06,Nordfit Equipment,Google Ads,es-shopping-generic-q1,74.92,5479,256,11,757.2
2025-03-06,Nordfit Equipment,Google Ads,GYM_PROMO_OLD,28.1,2110,110,2,97.24
2025-03-07,Nordfit Equipment,Google Ads,es-search-brand-q1,63.94,5372,283,9,390.2
2025-03-07,Nordfit Equipment,Google Ads,es-shopping-generic-q1,85.25,7187,412,14,1088.99
2025-03-07,Nordfit Equipment,Google Ads,GYM_PROMO_OLD,31.97,2763,157,2,172.68
2025-03-08,Nordfit Equipment,Google Ads,es-search-brand-q1,71.48,7449,363,19,1686.31
2025-03-08,Nordfit Equipment,Google Ads,es-shopping-generic-q1,95.31,9769,447,25,
2025-03-08,Nordfit Equipment,Google Ads,GYM_PROMO_OLD,35.74,3780,170,8,722.79
2025-03-09,Nordfit Equipment,Google Ads,es-search-brand-q1,73.43,6027,194,6,261.38
2025-03-09,Nordfit Equipment,Google Ads,es-shopping-generic-q1,97.9,7809,273,6,363.96
2025-03-09,Nordfit Equipment,Google Ads,GYM_PROMO_OLD,36.71,3094,100,1,64.42
2025-03-10,Nordfit Equipment,Google Ads,es-search-brand-q1,82.92,7670,417,12,576.12
2025-03-10,Nordfit Equipment,Google Ads,es-shopping-generic-q1,110.56,10249,553,12,810.23
2025-03-10,Nordfit Equipment,Google Ads,GYM_PROMO_OLD,41.46,3788,189,6,419.69
2025-03-11,Nordfit Equipment,Google Ads,es-search-brand-q1,98.37,11451,348,9,908.83
2025-03-11,Nordfit Equipment,Google Ads,es-shopping-generic-q1,131.15,15201,499,25,1503.58
2025-03-11,Nordfit Equipment,Google Ads,GYM_PROMO_OLD,49.18,5885,196,3,158.25
2025-03-12,Nordfit Equipment,Google Ads,es-search-brand-q1,96.41,7725,335,7,444.99
2025-03-12,Nordfit Equipment,Google Ads,es-shopping-generic-q1,128.55,10125,436,15,982.86
2025-03-12,Nordfit Equipment,Google Ads,GYM_PROMO_OLD,48.21,3807,161,2,121.2
2025-03-13,Nordfit Equipment,Google Ads,es-search-brand-q1,58.46,7222,369,17,1514.97
2025-03-13,Nordfit Equipment,Google Ads,es-shopping-generic-q1,77.95,9582,483,27,2322.39
2025-03-13,Nordfit Equipment,Google Ads,GYM_PROMO_OLD,29.23,3604,162,6,373.94
2025-03-14,Nordfit Equipment,Google Ads,es-search-brand-q1,80.5,7186,287,10,486.16
2025-03-14,Nordfit Equipment,Google Ads,es-shopping-generic-q1,107.33,9455,333,14,527.39
2025-03-14,Nordfit Equipment,Google Ads,GYM_PROMO_OLD,40.25,3576,133,3,
2025-03-15,Nordfit Equipment,Google Ads,es-search-brand-q1,66.11,5558,308,14,1616.39
2025-03-15,Nordfit Equipment,Google Ads,es-shopping-generic-q1,88.15,7596,396,21,2159.34
2025-03-15,Nordfit Equipment,Google Ads,GYM_PROMO_OLD,33.06,2743,133,5,252.61
2025-03-16,Nordfit Equipment,Google Ads,es-search-brand-q1,103.42,14689,671,25,1509.66
2025-03-16,Nordfit Equipment,Google Ads,es-shopping-generic-q1,137.89,19728,754,28,1937.1
2025-03-16,Nordfit Equipment,Google Ads,GYM_PROMO_OLD,51.71,7362,300,13,647.84
2025-03-17,Nordfit Equipment,Google Ads,es-search-brand-q1,58.5,6318,335,20,1610.07
2025-03-17,Nordfit Equipment,Google Ads,es-shopping-generic-q1,78.0,8503,443,21,1115.11
2025-03-17,Nordfit Equipment,Google Ads,GYM_PROMO_OLD,29.25,3167,143,6,605.42
2025-03-18,Nordfit Equipment,Google Ads,es-search-brand-q1,82.62,10920,445,10,834.33
2025-03-18,Nordfit Equipment,Google Ads,es-shopping-generic-q1,110.16,14739,666,16,1168.23
2025-03-18,Nordfit Equipment,Google Ads,GYM_PROMO_OLD,41.31,5501,229,2,109.15
2025-03-19,Nordfit Equipment,Google Ads,es-search-brand-q1,109.01,12667,614,9,795.71
2025-03-19,Nordfit Equipment,Google Ads,es-shopping-generic-q1,145.34,17001,773,18,1156.01
2025-03-20,Nordfit Equipment,Google Ads,es-search-brand-q1,111.38,11542,622,21,1926.98
2025-03-20,Nordfit Equipment,Google Ads,es-shopping-generic-q1,148.51,15761,768,22,1362.93
2025-03-21,Nordfit Equipment,Google Ads,es-search-brand-q1,96.94,13773,501,28,2424.44
2025-03-21,Nordfit Equipment,Google Ads,es-shopping-generic-q1,129.26,18380,699,23,1558.21
2025-03-22,Nordfit Equipment,Google Ads,es-search-brand-q1,85.28,7029,273,14,807.98
2025-03-22,Nordfit Equipment,Google Ads,es-shopping-generic-q1,113.7,9402,390,18,2228.43
2025-03-23,Nordfit Equipment,Google Ads,es-search-brand-q1,119.63,11333,378,13,708.65
2025-03-23,Nordfit Equipment,Google Ads,es-shopping-generic-q1,159.51,14806,493,18,1035.11
2025-03-24,Nordfit Equipment,Google Ads,es-search-brand-q1,101.89,10985,515,17,1503.89
2025-03-24,Nordfit Equipment,Google Ads,es-shopping-generic-q1,135.86,14793,622,30,1344.37
2025-03-25,Nordfit Equipment,Google Ads,es-search-brand-q1,70.64,7314,415,18,1302.88
2025-03-25,Nordfit Equipment,Google Ads,es-shopping-generic-q1,94.19,9854,556,22,1550.03
2025-03-26,Nordfit Equipment,Google Ads,es-search-brand-q1,89.14,11991,616,33,2378.44
2025-03-26,Nordfit Equipment,Google Ads,es-shopping-generic-q1,118.85,15793,782,39,3027.62
2025-03-27,Nordfit Equipment,Google Ads,es-search-brand-q1,107.1,11212,542,28,1907.98
2025-03-27,Nordfit Equipment,Google Ads,es-shopping-generic-q1,142.79,15120,710,28,1781.37
2025-03-28,Nordfit Equipment,Google Ads,es-search-brand-q1,95.99,10301,433,12,1098.91
2025-03-28,Nordfit Equipment,Google Ads,es-shopping-generic-q1,127.98,13968,527,19,2252.04
2025-03-29,Nordfit Equipment,Google Ads,es-search-brand-q1,86.56,9995,397,12,1112.2
2025-03-29,Nordfit Equipment,Google Ads,es-shopping-generic-q1,115.42,13052,525,15,1395.04
2025-03-30,Nordfit Equipment,Google Ads,es-search-brand-q1,91.21,6913,307,7,477.11
2025-03-30,Nordfit Equipment,Google Ads,es-shopping-generic-q1,121.61,9322,411,9,743.46
2025-03-31,Nordfit Equipment,Google Ads,es-search-brand-q1,80.56,7719,326,5,307.47
2025-03-31,Nordfit Equipment,Google Ads,es-shopping-generic-q1,107.42,10079,507,12,867.33
2025-04-01,Nordfit Equipment,Google Ads,es-search-brand-q2,75.64,6511,364,7,570.01
2025-04-01,Nordfit Equipment,Google Ads,es-shopping-generic-q2,100.86,8610,481,17,1103.04
2025-04-02,Nordfit Equipment,Google Ads,es-search-brand-q2,80.82,9399,518,18,1100.0
2025-04-02,Nordfit Equipment,Google Ads,es-shopping-generic-q2,107.76,12180,639,33,2302.1
2025-04-03,Nordfit Equipment,Google Ads,es-search-brand-q2,63.03,4863,140,2,131.12
2025-04-03,Nordfit Equipment,Google Ads,es-shopping-generic-q2,84.04,6661,209,1,76.84
2025-04-04,Nordfit Equipment,Google Ads,es-search-brand-q2,74.61,9062,339,7,493.35
2025-04-04,Nordfit Equipment,Google Ads,es-shopping-generic-q2,99.49,11975,483,13,799.57
2025-04-05,Nordfit Equipment,Google Ads,es-search-brand-q2,151.12,19971,710,16,985.2
2025-04-05,Nordfit Equipment,Google Ads,es-shopping-generic-q2,201.5,27022,1025,27,2208.47
2025-04-06,Nordfit Equipment,Google Ads,es-search-brand-q2,90.47,7071,276,9,738.51
2025-04-06,Nordfit Equipment,Google Ads,es-shopping-generic-q2,120.63,9431,412,20,1617.33
2025-04-07,Nordfit Equipment,Google Ads,es-search-brand-q2,96.6,11338,695,29,2624.52
2025-04-07,Nordfit Equipment,Google Ads,es-shopping-generic-q2,128.8,14970,888,46,2448.44
2025-04-08,Nordfit Equipment,Google Ads,es-search-brand-q2,99.72,10258,444,16,785.76
2025-04-08,Nordfit Equipment,Google Ads,es-shopping-generic-q2,132.96,13669,595,27,1639.16
2025-04-09,Nordfit Equipment,Google Ads,es-search-brand-q2,129.35,13245,570,17,1916.77
2025-04-09,Nordfit Equipment,Google Ads,es-shopping-generic-q2,172.47,17342,766,19,1273.6
2025-04-10,Nordfit Equipment,Google Ads,es-search-brand-q2,64.6,7419,359,11,1310.67
2025-04-10,Nordfit Equipment,Google Ads,es-shopping-generic-q2,86.14,9625,478,10,787.37
2025-04-11,Nordfit Equipment,Google Ads,es-search-brand-q2,126.38,14186,463,21,1246.58
2025-04-11,Nordfit Equipment,Google Ads,es-shopping-generic-q2,168.51,19137,591,21,1691.87
2025-04-12,Nordfit Equipment,Google Ads,es-search-brand-q2,85.57,6271,280,11,836.88
2025-04-12,Nordfit Equipment,Google Ads,es-shopping-generic-q2,114.1,8567,346,16,1209.2
2025-04-13,Nordfit Equipment,Google Ads,es-search-brand-q2,81.11,8254,438,27,1495.99
2025-04-13,Nordfit Equipment,Google Ads,es-shopping-generic-q2,108.15,11020,545,19,778.6
2025-04-14,Nordfit Equipment,Google Ads,es-search-brand-q2,64.13,6493,362,15,588.9
2025-04-14,Nordfit Equipment,Google Ads,es-shopping-generic-q2,85.51,8838,473,31,3047.64
2025-04-15,Nordfit Equipment,Google Ads,es-search-brand-q2,101.61,10192,395,21,858.35
2025-04-15,Nordfit Equipment,Google Ads,es-shopping-generic-q2,135.48,13742,517,29,2578.15
2025-04-16,Nordfit Equipment,Google Ads,es-search-brand-q2,101.46,12774,458,15,1118.89
2025-04-16,Nordfit Equipment,Google Ads,es-shopping-generic-q2,135.29,16913,649,20,2081.26
2025-04-17,Nordfit Equipment,Google Ads,es-search-brand-q2,79.77,8684,314,19,1351.13
2025-04-17,Nordfit Equipment,Google Ads,es-shopping-generic-q2,106.36,11451,415,17,853.87
2025-04-18,Nordfit Equipment,Google Ads,es-search-brand-q2,80.42,7416,326,5,589.81
2025-04-18,Nordfit Equipment,Google Ads,es-shopping-generic-q2,107.23,10096,478,13,843.15
2025-04-19,Nordfit Equipment,Google Ads,es-search-brand-q2,104.64,14784,853,31,1703.43
2025-04-19,Nordfit Equipment,Google Ads,es-shopping-generic-q2,139.52,19850,1124,45,2515.83
2025-04-20,Nordfit Equipment,Google Ads,es-search-brand-q2,104.22,8036,476,20,1178.99
2025-04-20,Nordfit Equipment,Google Ads,es-shopping-generic-q2,138.96,10808,625,24,2169.76
2025-04-21,Nordfit Equipment,Google Ads,es-search-brand-q2,110.49,13012,658,20,1162.8
2025-04-21,Nordfit Equipment,Google Ads,es-shopping-generic-q2,147.32,17367,904,33,1785.37
2025-04-22,Nordfit Equipment,Google Ads,es-search-brand-q2,89.78,6895,308,9,598.0
2025-04-22,Nordfit Equipment,Google Ads,es-shopping-generic-q2,119.71,9137,377,16,1037.74
2025-04-23,Nordfit Equipment,Google Ads,es-search-brand-q2,102.92,7595,387,16,922.17
2025-04-23,Nordfit Equipment,Google Ads,es-shopping-generic-q2,137.23,10222,569,27,2658.95
2025-04-24,Nordfit Equipment,Google Ads,es-search-brand-q2,72.9,7116,360,12,830.0
2025-04-24,Nordfit Equipment,Google Ads,es-shopping-generic-q2,97.2,9677,444,18,1762.36
2025-04-25,Nordfit Equipment,Google Ads,es-search-brand-q2,91.24,12626,395,15,883.8
2025-04-25,Nordfit Equipment,Google Ads,es-shopping-generic-q2,121.66,16521,510,22,1398.58
2025-04-26,Nordfit Equipment,Google Ads,es-search-brand-q2,87.23,8962,298,21,1603.24
2025-04-26,Nordfit Equipment,Google Ads,es-shopping-generic-q2,116.3,12032,398,26,1439.57
2025-04-27,Nordfit Equipment,Google Ads,es-search-brand-q2,90.16,7930,272,3,218.53
2025-04-27,Nordfit Equipment,Google Ads,es-shopping-generic-q2,120.22,10822,426,13,787.9
2025-04-28,Nordfit Equipment,Google Ads,es-search-brand-q2,88.82,6928,316,9,566.16
2025-04-28,Nordfit Equipment,Google Ads,es-shopping-generic-q2,118.42,9276,434,25,1710.94
2025-04-29,Nordfit Equipment,Google Ads,es-search-brand-q2,105.61,11912,442,17,1064.18
2025-04-29,Nordfit Equipment,Google Ads,es-shopping-generic-q2,140.82,15904,618,29,
2025-04-30,Nordfit Equipment,Google Ads,es-search-brand-q2,88.66,9493,451,24,2438.84
2025-04-30,Nordfit Equipment,Google Ads,es-shopping-generic-q2,118.21,12863,626,20,963.43
2025-05-01,Nordfit Equipment,Google Ads,es-search-brand-q2,77.86,8854,518,10,
2025-05-01,Nordfit Equipment,Google Ads,es-shopping-generic-q2,103.82,11854,696,13,794.94
2025-05-02,Nordfit Equipment,Google Ads,es-search-brand-q2,81.72,10767,476,13,598.77
2025-05-02,Nordfit Equipment,Google Ads,es-shopping-generic-q2,108.96,14413,603,14,878.71
2025-05-03,Nordfit Equipment,Google Ads,es-search-brand-q2,77.3,8892,489,15,1116.06
2025-05-03,Nordfit Equipment,Google Ads,es-shopping-generic-q2,103.07,11868,621,14,1096.72
2025-05-04,Nordfit Equipment,Google Ads,es-search-brand-q2,111.65,14024,552,21,1504.95
2025-05-04,Nordfit Equipment,Google Ads,es-shopping-generic-q2,148.86,18962,725,26,1863.48
2025-05-05,Nordfit Equipment,Google Ads,es-search-brand-q2,122.83,15851,797,29,1698.58
2025-05-05,Nordfit Equipment,Google Ads,es-shopping-generic-q2,163.77,20966,1039,29,2328.42
2025-05-06,Nordfit Equipment,Google Ads,es-search-brand-q2,116.59,11159,439,7,398.54
2025-05-06,Nordfit Equipment,Google Ads,es-shopping-generic-q2,155.45,14850,514,21,1630.15
2025-05-07,Nordfit Equipment,Google Ads,es-search-brand-q2,76.61,6166,236,6,294.97
2025-05-07,Nordfit Equipment,Google Ads,es-shopping-generic-q2,102.15,8270,376,5,303.6
2025-05-08,Nordfit Equipment,Google Ads,es-search-brand-q2,108.32,11587,467,21,1185.89
2025-05-08,Nordfit Equipment,Google Ads,es-shopping-generic-q2,144.43,15556,623,30,2038.37
2025-05-09,Nordfit Equipment,Google Ads,es-search-brand-q2,100.16,7532,337,12,934.31
2025-05-09,Nordfit Equipment,Google Ads,es-shopping-generic-q2,133.54,9974,441,14,859.36
2025-05-10,Nordfit Equipment,Google Ads,es-search-brand-q2,101.5,10998,437,9,804.39
2025-05-10,Nordfit Equipment,Google Ads,es-shopping-generic-q2,135.34,14723,585,14,948.49
2025-05-11,Nordfit Equipment,Google Ads,es-search-brand-q2,129.95,12933,660,39,2682.45
2025-05-11,Nordfit Equipment,Google Ads,es-shopping-generic-q2,173.27,17127,943,42,2530.82
2025-05-12,Nordfit Equipment,Google Ads,es-search-brand-q2,109.19,8011,388,11,586.99
2025-05-12,Nordfit Equipment,Google Ads,es-shopping-generic-q2,145.58,10834,573,9,618.17
2025-05-13,Nordfit Equipment,Google Ads,es-search-brand-q2,95.79,10582,452,20,1359.05
2025-05-13,Nordfit Equipment,Google Ads,es-shopping-generic-q2,127.72,14342,524,24,2418.77
2025-05-14,Nordfit Equipment,Google Ads,es-search-brand-q2,81.67,9636,358,7,531.78
2025-05-14,Nordfit Equipment,Google Ads,es-shopping-generic-q2,108.89,13375,480,14,988.07
2025-05-15,Nordfit Equipment,Google Ads,es-search-brand-q2,105.38,12364,559,20,1544.43
2025-05-15,Nordfit Equipment,Google Ads,es-shopping-generic-q2,140.51,16419,772,23,1817.96
2025-05-16,Nordfit Equipment,Google Ads,es-search-brand-q2,114.6,11615,333,16,1019.01
2025-05-16,Nordfit Equipment,Google Ads,es-shopping-generic-q2,152.8,15295,464,23,1492.42
2025-05-17,Nordfit Equipment,Google Ads,es-search-brand-q2,88.6,7193,381,19,1783.29
2025-05-17,Nordfit Equipment,Google Ads,es-shopping-generic-q2,118.14,9755,539,18,1126.05
2025-05-18,Nordfit Equipment,Google Ads,es-search-brand-q2,76.28,6935,321,9,583.32
2025-05-18,Nordfit Equipment,Google Ads,es-shopping-generic-q2,101.71,9356,404,10,1001.72
2025-05-19,Nordfit Equipment,Google Ads,es-search-brand-q2,81.86,10440,439,12,884.45
2025-05-19,Nordfit Equipment,Google Ads,es-shopping-generic-q2,109.14,13912,549,15,1093.13
2025-05-20,Nordfit Equipment,Google Ads,es-search-brand-q2,118.41,12157,648,14,1362.09
2025-05-20,Nordfit Equipment,Google Ads,es-shopping-generic-q2,157.87,15990,801,14,747.77
2025-05-21,Nordfit Equipment,Google Ads,es-search-brand-q2,95.46,8293,473,12,743.24
2025-05-21,Nordfit Equipment,Google Ads,es-shopping-generic-q2,127.28,11162,591,19,1123.31
2025-05-22,Nordfit Equipment,Google Ads,es-search-brand-q2,118.86,14306,525,29,1569.33
2025-05-22,Nordfit Equipment,Google Ads,es-shopping-generic-q2,158.49,18621,691,24,2754.92
2025-05-23,Nordfit Equipment,Google Ads,es-search-brand-q2,90.76,7535,371,4,381.28
2025-05-23,Nordfit Equipment,Google Ads,es-shopping-generic-q2,121.01,10072,493,10,810.26
2025-05-24,Nordfit Equipment,Google Ads,es-search-brand-q2,95.59,11893,428,12,787.48
2025-05-24,Nordfit Equipment,Google Ads,es-shopping-generic-q2,127.45,15705,617,30,1284.28
2025-05-25,Nordfit Equipment,Google Ads,es-search-brand-q2,78.37,8125,381,9,689.76
2025-05-25,Nordfit Equipment,Google Ads,es-shopping-generic-q2,104.49,11049,537,17,1044.22
2025-05-26,Nordfit Equipment,Google Ads,es-search-brand-q2,96.1,9112,385,20,734.31
2025-05-26,Nordfit Equipment,Google Ads,es-shopping-generic-q2,128.14,11967,507,14,
2025-05-27,Nordfit Equipment,Google Ads,es-search-brand-q2,93.4,10337,426,12,931.64
2025-05-27,Nordfit Equipment,Google Ads,es-shopping-generic-q2,124.53,13781,607,18,1799.61
2025-05-28,Nordfit Equipment,Google Ads,es-search-brand-q2,76.59,7881,398,19,1113.85
2025-05-28,Nordfit Equipment,Google Ads,es-shopping-generic-q2,102.12,10638,524,22,1399.89
2025-05-29,Nordfit Equipment,Google Ads,es-search-brand-q2,100.35,7855,298,12,530.28
2025-05-29,Nordfit Equipment,Google Ads,es-shopping-generic-q2,133.79,10445,371,15,1085.9
2025-05-30,Nordfit Equipment,Google Ads,es-search-brand-q2,94.53,10735,540,14,689.74
2025-05-30,Nordfit Equipment,Google Ads,es-shopping-generic-q2,126.04,13979,663,24,1931.25
2025-05-31,Nordfit Equipment,Google Ads,es-search-brand-q2,100.0,11583,411,14,820.3
2025-05-31,Nordfit Equipment,Google Ads,es-shopping-generic-q2,133.33,15326,594,24,1182.99
2025-06-01,Nordfit Equipment,Google Ads,es-search-brand-q2,91.56,8242,442,11,811.06
2025-06-01,Nordfit Equipment,Google Ads,es-shopping-generic-q2,122.08,11019,649,19,1424.42
2025-06-02,Nordfit Equipment,Google Ads,es-search-brand-q2,78.15,10697,565,31,3002.85
2025-06-02,Nordfit Equipment,Google Ads,es-shopping-generic-q2,104.2,14493,711,38,3225.91
2025-06-03,Nordfit Equipment,Google Ads,es-search-brand-q2,87.37,6990,318,11,1280.28
2025-06-03,Nordfit Equipment,Google Ads,es-shopping-generic-q2,116.49,9401,464,9,541.42
2025-06-04,Nordfit Equipment,Google Ads,es-search-brand-q2,98.69,8884,321,18,1844.92
2025-06-04,Nordfit Equipment,Google Ads,es-shopping-generic-q2,131.59,11915,440,9,570.42
2025-06-05,Nordfit Equipment,Google Ads,es-search-brand-q2,86.9,7282,269,5,381.36
2025-06-05,Nordfit Equipment,Google Ads,es-shopping-generic-q2,115.87,9599,343,15,1441.3
2025-06-06,Nordfit Equipment,Google Ads,es-search-brand-q2,88.28,11996,660,27,1822.45
2025-06-06,Nordfit Equipment,Google Ads,es-shopping-generic-q2,117.7,15757,844,23,1985.61
2025-06-07,Nordfit Equipment,Google Ads,es-search-brand-q2,99.96,9699,366,9,708.29
2025-06-07,Nordfit Equipment,Google Ads,es-shopping-generic-q2,133.28,12594,512,10,695.58
2025-06-08,Nordfit Equipment,Google Ads,es-search-brand-q2,102.21,11259,626,16,1126.23
2025-06-08,Nordfit Equipment,Google Ads,es-shopping-generic-q2,136.28,14907,847,14,1220.78
2025-06-09,Nordfit Equipment,Google Ads,es-search-brand-q2,94.63,12539,464,16,
2025-06-09,Nordfit Equipment,Google Ads,es-shopping-generic-q2,126.18,16432,565,15,1252.07
2025-06-10,Nordfit Equipment,Google Ads,es-search-brand-q2,85.97,6308,248,16,1183.16
2025-06-10,Nordfit Equipment,Google Ads,es-shopping-generic-q2,114.63,8597,383,21,1108.44
2025-06-11,Nordfit Equipment,Google Ads,es-search-brand-q2,92.86,10664,570,15,1250.4
2025-06-11,Nordfit Equipment,Google Ads,es-shopping-generic-q2,123.81,14189,758,31,2115.25
2025-06-12,Nordfit Equipment,Google Ads,es-search-brand-q2,105.04,13269,587,27,1662.49
2025-06-12,Nordfit Equipment,Google Ads,es-shopping-generic-q2,140.05,17651,714,22,1227.41
2025-06-13,Nordfit Equipment,Google Ads,es-search-brand-q2,73.67,7521,370,15,1030.15
2025-06-13,Nordfit Equipment,Google Ads,es-shopping-generic-q2,98.22,10174,517,31,1309.19
2025-06-14,Nordfit Equipment,Google Ads,es-search-brand-q2,111.15,10259,436,16,1162.08
2025-06-14,Nordfit Equipment,Google Ads,es-shopping-generic-q2,148.2,13647,634,20,1516.61
2025-06-15,Nordfit Equipment,Google Ads,es-search-brand-q2,86.94,11021,301,9,859.19
2025-06-15,Nordfit Equipment,Google Ads,es-shopping-generic-q2,115.92,14770,478,10,759.22
2025-06-16,Nordfit Equipment,Google Ads,es-search-brand-q2,103.35,7639,308,13,988.6
2025-06-16,Nordfit Equipment,Google Ads,es-shopping-generic-q2,137.8,10176,381,24,1475.91
2025-06-17,Nordfit Equipment,Google Ads,es-search-brand-q2,94.13,7989,260,9,520.66
2025-06-17,Nordfit Equipment,Google Ads,es-shopping-generic-q2,125.51,10808,333,7,636.49
2025-06-18,Nordfit Equipment,Google Ads,es-search-brand-q2,101.18,9680,437,8,379.87
2025-06-18,Nordfit Equipment,Google Ads,es-shopping-generic-q2,134.9,12725,522,14,1005.25
2025-06-19,Nordfit Equipment,Google Ads,es-search-brand-q2,102.87,7704,407,17,1232.4
2025-06-19,Nordfit Equipment,Google Ads,es-shopping-generic-q2,137.15,10303,538,16,1372.72
2025-06-20,Nordfit Equipment,Google Ads,es-search-brand-q2,99.89,8888,288,6,514.68
2025-06-20,Nordfit Equipment,Google Ads,es-shopping-generic-q2,133.18,11759,433,10,502.99
2025-06-21,Nordfit Equipment,Google Ads,es-search-brand-q2,91.92,12458,499,15,990.77
2025-06-21,Nordfit Equipment,Google Ads,es-shopping-generic-q2,122.56,16836,639,32,4058.14
2025-06-22,Nordfit Equipment,Google Ads,es-search-brand-q2,83.51,9502,561,25,2352.58
2025-06-22,Nordfit Equipment,Google Ads,es-shopping-generic-q2,111.34,12533,641,24,1105.59
2025-06-23,Nordfit Equipment,Google Ads,es-search-brand-q2,99.68,13380,727,30,2536.72
2025-06-23,Nordfit Equipment,Google Ads,es-shopping-generic-q2,132.9,18110,1017,47,1855.73
2025-06-24,Nordfit Equipment,Google Ads,es-search-brand-q2,101.16,7399,310,13,1196.36
2025-06-24,Nordfit Equipment,Google Ads,es-shopping-generic-q2,134.88,9896,455,21,802.43
2025-06-25,Nordfit Equipment,Google Ads,es-search-brand-q2,102.27,8116,418,13,1115.89
2025-06-25,Nordfit Equipment,Google Ads,es-shopping-generic-q2,136.36,11170,551,18,986.35
2025-06-26,Nordfit Equipment,Google Ads,es-search-brand-q2,82.83,9786,344,8,560.43
2025-06-26,Nordfit Equipment,Google Ads,es-shopping-generic-q2,110.43,12870,499,21,1661.6
2025-06-27,Nordfit Equipment,Google Ads,es-search-brand-q2,86.67,12062,613,24,1682.19
2025-06-27,Nordfit Equipment,Google Ads,es-shopping-generic-q2,115.56,16077,792,41,2787.62
2025-06-28,Nordfit Equipment,Google Ads,es-search-brand-q2,110.22,12113,365,20,853.47
2025-06-28,Nordfit Equipment,Google Ads,es-shopping-generic-q2,146.96,16399,497,18,895.61
2025-06-29,Nordfit Equipment,Google Ads,es-search-brand-q2,75.41,5721,177,12,678.94
2025-06-29,Nordfit Equipment,Google Ads,es-shopping-generic-q2,100.54,7510,259,15,626.05
2025-06-30,Nordfit Equipment,Google Ads,es-search-brand-q2,101.0,11505,510,22,1767.33
2025-06-30,Nordfit Equipment,Google Ads,es-shopping-generic-q2,134.66,15310,745,21,1647.21
2025-07-01,Nordfit Equipment,Google Ads,es-search-brand-q3,91.63,8759,391,18,955.47
2025-07-01,Nordfit Equipment,Google Ads,es-shopping-generic-q3,122.18,11608,537,25,2581.31
2025-07-02,Nordfit Equipment,Google Ads,es-search-brand-q3,91.67,9879,440,14,2113.06
2025-07-02,Nordfit Equipment,Google Ads,es-shopping-generic-q3,122.23,13120,565,16,1189.78
2025-07-03,Nordfit Equipment,Google Ads,es-search-brand-q3,86.63,7763,288,13,745.58
2025-07-03,Nordfit Equipment,Google Ads,es-shopping-generic-q3,115.51,10394,422,21,1638.97
2025-07-04,Nordfit Equipment,Google Ads,es-search-brand-q3,85.37,10832,335,6,558.06
2025-07-04,Nordfit Equipment,Google Ads,es-shopping-generic-q3,113.82,14459,451,8,660.76
2025-07-05,Nordfit Equipment,Google Ads,es-search-brand-q3,103.69,7773,259,7,311.3
2025-07-05,Nordfit Equipment,Google Ads,es-shopping-generic-q3,138.25,10361,370,16,1521.79
2025-07-06,Nordfit Equipment,Google Ads,es-search-brand-q3,86.62,8057,390,18,853.47
2025-07-06,Nordfit Equipment,Google Ads,es-shopping-generic-q3,115.49,10995,563,22,1357.09
2025-07-07,Nordfit Equipment,Google Ads,es-search-brand-q3,82.64,6332,266,3,173.95
2025-07-07,Nordfit Equipment,Google Ads,es-shopping-generic-q3,110.18,8542,309,5,298.68
2025-07-08,Nordfit Equipment,Google Ads,es-search-brand-q3,95.82,7354,350,11,675.9
2025-07-08,Nordfit Equipment,Google Ads,es-shopping-generic-q3,127.76,9681,468,16,1220.26
2025-07-09,Nordfit Equipment,Google Ads,es-search-brand-q3,103.91,8321,272,7,720.39
2025-07-09,Nordfit Equipment,Google Ads,es-shopping-generic-q3,138.54,10861,369,13,846.32
2025-07-10,Nordfit Equipment,Google Ads,es-search-brand-q3,102.47,11139,476,25,2231.39
2025-07-10,Nordfit Equipment,Google Ads,es-shopping-generic-q3,136.63,14705,579,27,1391.13
2025-07-11,Nordfit Equipment,Google Ads,es-search-brand-q3,99.24,10586,535,32,2315.3
2025-07-11,Nordfit Equipment,Google Ads,es-shopping-generic-q3,132.32,13919,756,29,1714.25
2025-07-12,Nordfit Equipment,Google Ads,es-search-brand-q3,75.1,9763,570,18,961.51
2025-07-12,Nordfit Equipment,Google Ads,es-shopping-generic-q3,100.14,12992,781,25,
2025-07-13,Nordfit Equipment,Google Ads,es-search-brand-q3,86.58,9020,363,14,1139.96
2025-07-13,Nordfit Equipment,Google Ads,es-shopping-generic-q3,115.44,12094,524,34,1381.12
2025-07-14,Nordfit Equipment,Google Ads,es-search-brand-q3,90.71,10891,411,19,821.94
2025-07-14,Nordfit Equipment,Google Ads,es-shopping-generic-q3,120.95,14635,600,36,2237.38
2025-07-15,Nordfit Equipment,Google Ads,es-search-brand-q3,112.0,8551,458,14,1951.24
2025-07-15,Nordfit Equipment,Google Ads,es-shopping-generic-q3,149.34,11499,620,16,813.64
2025-07-16,Nordfit Equipment,Google Ads,es-search-brand-q3,113.88,12217,425,12,1277.86
2025-07-16,Nordfit Equipment,Google Ads,es-shopping-generic-q3,151.84,16063,582,32,2196.49
2025-07-17,Nordfit Equipment,Google Ads,es-search-brand-q3,96.97,7890,402,20,1345.99
2025-07-17,Nordfit Equipment,Google Ads,es-shopping-generic-q3,129.3,10935,533,17,1484.73
2025-07-18,Nordfit Equipment,Google Ads,es-search-brand-q3,92.56,7812,439,13,575.93
2025-07-18,Nordfit Equipment,Google Ads,es-shopping-generic-q3,123.41,10487,595,32,1556.69
2025-07-19,Nordfit Equipment,Google Ads,es-search-brand-q3,108.26,10296,615,21,2503.02
2025-07-19,Nordfit Equipment,Google Ads,es-shopping-generic-q3,144.34,14055,842,21,1293.5
2025-07-20,Nordfit Equipment,Google Ads,es-search-brand-q3,88.04,9872,446,19,910.24
2025-07-20,Nordfit Equipment,Google Ads,es-shopping-generic-q3,117.39,13465,629,16,1004.36
2025-07-21,Nordfit Equipment,Google Ads,es-search-brand-q3,90.81,8578,338,13,
2025-07-21,Nordfit Equipment,Google Ads,es-shopping-generic-q3,121.09,11165,442,17,2235.96
2025-07-22,Nordfit Equipment,Google Ads,es-search-brand-q3,77.34,10001,421,8,548.88
2025-07-22,Nordfit Equipment,Google Ads,es-shopping-generic-q3,103.12,13399,521,12,686.15
2025-07-23,Nordfit Equipment,Google Ads,es-search-brand-q3,84.93,9300,515,11,
2025-07-23,Nordfit Equipment,Google Ads,es-shopping-generic-q3,113.24,12387,749,17,1670.13
2025-07-24,Nordfit Equipment,Google Ads,es-search-brand-q3,115.43,11589,704,28,2196.24
2025-07-24,Nordfit Equipment,Google Ads,es-shopping-generic-q3,153.91,15409,888,42,
2025-07-25,Nordfit Equipment,Google Ads,es-search-brand-q3,116.47,10663,560,20,1247.94
2025-07-25,Nordfit Equipment,Google Ads,es-shopping-generic-q3,155.29,14338,732,34,2488.83
2025-07-26,Nordfit Equipment,Google Ads,es-search-brand-q3,95.05,9777,461,16,1116.85
2025-07-26,Nordfit Equipment,Google Ads,es-shopping-generic-q3,126.74,13244,596,23,920.81
2025-07-27,Nordfit Equipment,Google Ads,es-search-brand-q3,105.66,8045,338,16,876.73
2025-07-27,Nordfit Equipment,Google Ads,es-shopping-generic-q3,140.88,10815,431,16,
2025-07-28,Nordfit Equipment,Google Ads,es-search-brand-q3,104.07,10081,558,25,1682.58
2025-07-28,Nordfit Equipment,Google Ads,es-shopping-generic-q3,138.76,13244,726,20,1122.42
2025-07-29,Nordfit Equipment,Google Ads,es-search-brand-q3,85.56,7828,310,8,479.68
2025-07-29,Nordfit Equipment,Google Ads,es-shopping-generic-q3,114.08,10640,373,20,1302.96
2025-07-30,Nordfit Equipment,Google Ads,es-search-brand-q3,122.11,17008,640,26,2191.18
2025-07-30,Nordfit Equipment,Google Ads,es-shopping-generic-q3,162.82,22387,886,36,2417.0
2025-07-31,Nordfit Equipment,Google Ads,es-search-brand-q3,121.25,9104,393,20,994.79
2025-07-31,Nordfit Equipment,Google Ads,es-shopping-generic-q3,161.66,12086,489,17,1187.28
2025-08-01,Nordfit Equipment,Google Ads,es-search-brand-q3,135.05,17204,846,27,1671.91
2025-08-01,Nordfit Equipment,Google Ads,es-shopping-generic-q3,180.06,22798,1058,46,2648.02
2025-08-02,Nordfit Equipment,Google Ads,es-search-brand-q3,73.29,8931,373,10,1131.98
2025-08-02,Nordfit Equipment,Google Ads,es-shopping-generic-q3,97.72,12002,433,21,1715.95
2025-08-03,Nordfit Equipment,Google Ads,es-search-brand-q3,129.97,13435,431,8,962.39
2025-08-03,Nordfit Equipment,Google Ads,es-shopping-generic-q3,173.3,17874,633,12,559.56
2025-08-04,Nordfit Equipment,Google Ads,es-search-brand-q3,101.03,10684,367,19,1685.11
2025-08-04,Nordfit Equipment,Google Ads,es-shopping-generic-q3,134.71,14120,554,22,907.12
2025-08-05,Nordfit Equipment,Google Ads,es-search-brand-q3,98.84,13430,559,11,597.0
2025-08-05,Nordfit Equipment,Google Ads,es-shopping-generic-q3,131.79,17886,721,19,1533.19
2025-08-06,Nordfit Equipment,Google Ads,es-search-brand-q3,95.5,8360,268,7,412.77
2025-08-06,Nordfit Equipment,Google Ads,es-shopping-generic-q3,127.33,11176,345,11,908.12
2025-08-07,Nordfit Equipment,Google Ads,es-search-brand-q3,117.32,14174,547,26,
2025-08-07,Nordfit Equipment,Google Ads,es-shopping-generic-q3,156.42,19230,782,32,1558.0
2025-08-08,Nordfit Equipment,Google Ads,es-search-brand-q3,131.13,14942,783,22,1364.81
2025-08-08,Nordfit Equipment,Google Ads,es-shopping-generic-q3,174.84,20005,1034,37,3099.65
2025-08-09,Nordfit Equipment,Google Ads,es-search-brand-q3,78.79,6521,262,12,1146.41
2025-08-09,Nordfit Equipment,Google Ads,es-shopping-generic-q3,105.06,8599,360,11,1133.32
2025-08-10,Nordfit Equipment,Google Ads,es-search-brand-q3,145.4,12877,734,28,1419.4
2025-08-10,Nordfit Equipment,Google Ads,es-shopping-generic-q3,193.87,17024,969,37,2585.78
2025-08-11,Nordfit Equipment,Google Ads,es-search-brand-q3,72.31,7301,237,8,572.4
2025-08-11,Nordfit Equipment,Google Ads,es-shopping-generic-q3,96.41,9640,322,14,1202.53
2025-08-12,Nordfit Equipment,Google Ads,es-search-brand-q3,110.98,9643,370,20,1287.25
2025-08-12,Nordfit Equipment,Google Ads,es-shopping-generic-q3,147.97,13092,478,17,1648.29
2025-08-13,Nordfit Equipment,Google Ads,es-search-brand-q3,91.85,10475,435,12,1356.27
2025-08-13,Nordfit Equipment,Google Ads,es-shopping-generic-q3,122.46,13759,588,16,1188.76
2025-08-14,Nordfit Equipment,Google Ads,es-search-brand-q3,107.84,8743,359,13,709.73
2025-08-14,Nordfit Equipment,Google Ads,es-shopping-generic-q3,143.79,11774,495,18,1184.74
2025-08-15,Nordfit Equipment,Google Ads,es-search-brand-q3,88.71,6544,373,10,503.46
2025-08-15,Nordfit Equipment,Google Ads,es-shopping-generic-q3,118.27,8793,478,17,1065.89
2025-08-16,Nordfit Equipment,Google Ads,es-search-brand-q3,81.13,10909,380,12,619.69
2025-08-16,Nordfit Equipment,Google Ads,es-shopping-generic-q3,108.18,14299,462,10,1139.02
2025-08-17,Nordfit Equipment,Google Ads,es-search-brand-q3,75.26,6637,299,6,383.8
2025-08-17,Nordfit Equipment,Google Ads,es-shopping-generic-q3,100.35,8604,367,4,342.05
2025-08-18,Nordfit Equipment,Google Ads,es-search-brand-q3,104.76,8110,359,10,
2025-08-18,Nordfit Equipment,Google Ads,es-shopping-generic-q3,139.68,10902,438,19,1034.36
2025-08-19,Nordfit Equipment,Google Ads,es-search-brand-q3,104.65,14351,701,30,2370.02
2025-08-19,Nordfit Equipment,Google Ads,es-shopping-generic-q3,139.54,19035,867,25,2640.74
2025-08-20,Nordfit Equipment,Google Ads,es-search-brand-q3,95.49,8467,339,12,921.7
2025-08-20,Nordfit Equipment,Google Ads,es-shopping-generic-q3,127.32,11261,508,14,1198.55
2025-08-21,Nordfit Equipment,Google Ads,es-search-brand-q3,88.02,8805,380,15,
2025-08-21,Nordfit Equipment,Google Ads,es-shopping-generic-q3,117.37,11586,502,17,1233.09
2025-08-22,Nordfit Equipment,Google Ads,es-search-brand-q3,86.66,9933,490,19,2495.02
2025-08-22,Nordfit Equipment,Google Ads,es-shopping-generic-q3,115.55,13538,618,18,754.13
2025-08-23,Nordfit Equipment,Google Ads,es-search-brand-q3,104.2,10199,472,16,755.36
2025-08-23,Nordfit Equipment,Google Ads,es-shopping-generic-q3,138.94,13508,622,22,1728.37
2025-08-24,Nordfit Equipment,Google Ads,es-search-brand-q3,97.69,10929,556,32,3309.75
2025-08-24,Nordfit Equipment,Google Ads,es-shopping-generic-q3,130.25,14812,865,44,2826.93
2025-08-25,Nordfit Equipment,Google Ads,es-search-brand-q3,100.3,7859,481,15,1091.31
2025-08-25,Nordfit Equipment,Google Ads,es-shopping-generic-q3,133.73,10409,545,18,1202.11
2025-08-26,Nordfit Equipment,Google Ads,es-search-brand-q3,81.49,8002,428,18,1467.45
2025-08-26,Nordfit Equipment,Google Ads,es-shopping-generic-q3,108.65,10634,542,18,1360.02
2025-08-27,Nordfit Equipment,Google Ads,es-search-brand-q3,94.55,10652,582,18,1253.66
2025-08-27,Nordfit Equipment,Google Ads,es-shopping-generic-q3,126.07,14195,780,34,2439.26
2025-08-28,Nordfit Equipment,Google Ads,es-search-brand-q3,96.06,7400,255,7,422.62
2025-08-28,Nordfit Equipment,Google Ads,es-shopping-generic-q3,128.08,9651,301,10,710.59
2025-08-29,Nordfit Equipment,Google Ads,es-search-brand-q3,88.81,10423,383,23,1022.15
2025-08-29,Nordfit Equipment,Google Ads,es-shopping-generic-q3,118.41,13569,445,16,786.62
2025-08-30,Nordfit Equipment,Google Ads,es-search-brand-q3,104.98,8688,509,26,1685.36
2025-08-30,Nordfit Equipment,Google Ads,es-shopping-generic-q3,139.97,11806,662,29,2976.0
2025-08-31,Nordfit Equipment,Google Ads,es-search-brand-q3,80.21,11321,599,25,1436.01
2025-08-31,Nordfit Equipment,Google Ads,es-shopping-generic-q3,106.94,15136,805,29,1848.49
2025-09-01,Nordfit Equipment,Google Ads,es-search-brand-q3,81.58,8061,358,13,906.55
2025-09-01,Nordfit Equipment,Google Ads,es-shopping-generic-q3,108.78,11024,483,15,1157.33
2025-09-02,Nordfit Equipment,Google Ads,es-search-brand-q3,75.47,10213,358,22,1322.21
2025-09-02,Nordfit Equipment,Google Ads,es-shopping-generic-q3,100.63,13296,420,24,1105.77
2025-09-03,Nordfit Equipment,Google Ads,es-search-brand-q3,102.39,10897,590,34,2142.74
2025-09-03,Nordfit Equipment,Google Ads,es-shopping-generic-q3,136.52,14425,697,29,2990.28
2025-09-04,Nordfit Equipment,Google Ads,es-search-brand-q3,98.19,9862,574,13,1082.23
2025-09-04,Nordfit Equipment,Google Ads,es-shopping-generic-q3,130.91,13246,698,18,1286.06
2025-09-05,Nordfit Equipment,Google Ads,es-search-brand-q3,124.81,12848,614,13,736.96
2025-09-05,Nordfit Equipment,Google Ads,es-shopping-generic-q3,166.41,16990,852,15,1199.21
2025-09-06,Nordfit Equipment,Google Ads,es-search-brand-q3,102.85,14789,626,16,1650.5
2025-09-06,Nordfit Equipment,Google Ads,es-shopping-generic-q3,137.14,19106,801,10,695.05
2025-09-07,Nordfit Equipment,Google Ads,es-search-brand-q3,128.78,11973,552,14,857.23
2025-09-07,Nordfit Equipment,Google Ads,es-shopping-generic-q3,171.71,16031,776,17,
2025-09-08,Nordfit Equipment,Google Ads,es-search-brand-q3,93.3,6843,215,4,293.2
2025-09-08,Nordfit Equipment,Google Ads,es-shopping-generic-q3,124.4,9040,291,9,495.69
2025-09-09,Nordfit Equipment,Google Ads,es-search-brand-q3,117.27,14225,851,20,835.4
2025-09-09,Nordfit Equipment,Google Ads,es-shopping-generic-q3,156.36,19364,1115,35,2228.25
2025-09-10,Nordfit Equipment,Google Ads,es-search-brand-q3,84.23,7616,401,14,763.32
2025-09-10,Nordfit Equipment,Google Ads,es-shopping-generic-q3,112.3,10169,544,29,1066.36
2025-09-11,Nordfit Equipment,Google Ads,es-search-brand-q3,79.68,8382,322,12,796.02
2025-09-11,Nordfit Equipment,Google Ads,es-shopping-generic-q3,106.24,11162,433,11,692.57
2025-09-12,Nordfit Equipment,Google Ads,es-search-brand-q3,109.11,8251,331,7,463.21
2025-09-12,Nordfit Equipment,Google Ads,es-shopping-generic-q3,145.47,10943,477,15,889.31
2025-09-13,Nordfit Equipment,Google Ads,es-search-brand-q3,113.39,10929,516,20,2422.4
2025-09-13,Nordfit Equipment,Google Ads,es-shopping-generic-q3,151.18,14497,691,18,1416.46
2025-09-14,Nordfit Equipment,Google Ads,es-search-brand-q3,109.29,15097,657,27,2155.1
2025-09-14,Nordfit Equipment,Google Ads,es-shopping-generic-q3,145.72,20085,923,40,3878.12
2025-09-15,Nordfit Equipment,Google Ads,es-search-brand-q3,135.44,10069,338,8,428.05
2025-09-15,Nordfit Equipment,Google Ads,es-shopping-generic-q3,180.59,13522,390,13,873.48
2025-09-16,Nordfit Equipment,Google Ads,es-search-brand-q3,90.07,9944,322,8,713.18
2025-09-16,Nordfit Equipment,Google Ads,es-shopping-generic-q3,120.09,13257,469,15,1312.07
2025-09-17,Nordfit Equipment,Google Ads,es-search-brand-q3,98.87,11120,491,9,635.36
2025-09-17,Nordfit Equipment,Google Ads,es-shopping-generic-q3,131.82,14920,714,19,1168.72
2025-09-18,Nordfit Equipment,Google Ads,es-search-brand-q3,94.11,6887,309,15,1126.91
2025-09-18,Nordfit Equipment,Google Ads,es-shopping-generic-q3,125.49,9198,380,15,1805.33
2025-09-19,Nordfit Equipment,Google Ads,es-search-brand-q3,93.21,6815,389,16,928.45
2025-09-19,Nordfit Equipment,Google Ads,es-shopping-generic-q3,124.28,8997,482,7,667.81
2025-09-20,Nordfit Equipment,Google Ads,es-search-brand-q3,84.82,7182,298,7,419.16
2025-09-20,Nordfit Equipment,Google Ads,es-shopping-generic-q3,113.09,9817,439,11,1218.68
2025-09-21,Nordfit Equipment,Google Ads,es-search-brand-q3,93.18,10516,567,22,987.48
2025-09-21,Nordfit Equipment,Google Ads,es-shopping-generic-q3,124.24,13712,681,27,2729.16
2025-09-22,Nordfit Equipment,Google Ads,es-search-brand-q3,89.1,7265,393,21,1384.8
2025-09-22,Nordfit Equipment,Google Ads,es-shopping-generic-q3,118.81,9763,497,25,1264.48
2025-09-23,Nordfit Equipment,Google Ads,es-search-brand-q3,105.2,14913,505,20,1534.63
2025-09-23,Nordfit Equipment,Google Ads,es-shopping-generic-q3,140.26,19871,581,16,1457.37
2025-09-24,Nordfit Equipment,Google Ads,es-search-brand-q3,92.14,8042,377,15,1226.51
2025-09-24,Nordfit Equipment,Google Ads,es-shopping-generic-q3,122.85,10601,473,14,1124.06
2025-09-25,Nordfit Equipment,Google Ads,es-search-brand-q3,100.32,11913,659,24,1566.7
2025-09-25,Nordfit Equipment,Google Ads,es-shopping-generic-q3,133.76,15638,899,38,2171.72
2025-09-26,Nordfit Equipment,Google Ads,es-search-brand-q3,73.27,6192,308,17,1998.56
2025-09-26,Nordfit Equipment,Google Ads,es-shopping-generic-q3,97.7,8143,429,19,
2025-09-27,Nordfit Equipment,Google Ads,es-search-brand-q3,99.77,7557,308,10,630.14
2025-09-27,Nordfit Equipment,Google Ads,es-shopping-generic-q3,133.02,10187,539,18,1321.75
2025-09-28,Nordfit Equipment,Google Ads,es-search-brand-q3,90.43,6840,266,10,
2025-09-28,Nordfit Equipment,Google Ads,es-shopping-generic-q3,120.57,9046,309,10,708.0
2025-09-29,Nordfit Equipment,Google Ads,es-search-brand-q3,109.03,9399,395,9,484.35
2025-09-29,Nordfit Equipment,Google Ads,es-shopping-generic-q3,145.37,12337,513,11,762.81
2025-09-30,Nordfit Equipment,Google Ads,es-search-brand-q3,99.59,12486,577,12,611.98
2025-09-30,Nordfit Equipment,Google Ads,es-shopping-generic-q3,132.79,16703,759,22,2449.44
2025-10-01,Nordfit Equipment,Google Ads,es-search-brand-q4,95.5,7474,460,27,2331.77
2025-10-01,Nordfit Equipment,Google Ads,es-shopping-generic-q4,127.33,10175,549,25,
2025-10-02,Nordfit Equipment,Google Ads,es-search-brand-q4,77.68,6987,327,11,
2025-10-02,Nordfit Equipment,Google Ads,es-shopping-generic-q4,103.57,9373,468,23,1840.74
2025-10-03,Nordfit Equipment,Google Ads,es-search-brand-q4,91.21,8661,471,16,700.29
2025-10-03,Nordfit Equipment,Google Ads,es-shopping-generic-q4,121.62,11644,587,20,1439.7
2025-10-04,Nordfit Equipment,Google Ads,es-search-brand-q4,86.94,9335,312,7,461.39
2025-10-04,Nordfit Equipment,Google Ads,es-shopping-generic-q4,115.92,12600,446,9,545.93
2025-10-05,Nordfit Equipment,Google Ads,es-search-brand-q4,85.72,6866,333,10,486.74
2025-10-05,Nordfit Equipment,Google Ads,es-shopping-generic-q4,114.29,9124,420,7,518.38
2025-10-06,Nordfit Equipment,Google Ads,es-search-brand-q4,64.33,7840,426,16,917.31
2025-10-06,Nordfit Equipment,Google Ads,es-shopping-generic-q4,85.77,10293,563,29,1753.13
2025-10-07,Nordfit Equipment,Google Ads,es-search-brand-q4,101.63,7912,336,9,
2025-10-07,Nordfit Equipment,Google Ads,es-shopping-generic-q4,135.51,10612,413,16,638.09
2025-10-08,Nordfit Equipment,Google Ads,es-search-brand-q4,112.83,9939,554,9,663.18
2025-10-08,Nordfit Equipment,Google Ads,es-shopping-generic-q4,150.44,13200,688,18,1111.94
2025-10-09,Nordfit Equipment,Google Ads,es-search-brand-q4,78.11,6557,269,9,495.94
2025-10-09,Nordfit Equipment,Google Ads,es-shopping-generic-q4,104.15,8640,337,16,1009.88
2025-10-10,Nordfit Equipment,Google Ads,es-search-brand-q4,97.41,11145,416,9,826.18
2025-10-10,Nordfit Equipment,Google Ads,es-shopping-generic-q4,129.88,14909,561,15,1200.93
2025-10-11,Nordfit Equipment,Google Ads,es-search-brand-q4,125.32,11312,678,32,2620.91
2025-10-11,Nordfit Equipment,Google Ads,es-shopping-generic-q4,167.09,15319,932,44,2781.36
2025-10-12,Nordfit Equipment,Google Ads,es-search-brand-q4,92.26,11091,340,10,688.15
2025-10-12,Nordfit Equipment,Google Ads,es-shopping-generic-q4,123.01,14809,401,14,676.83
2025-10-13,Nordfit Equipment,Google Ads,es-search-brand-q4,80.6,10594,470,16,970.72
2025-10-13,Nordfit Equipment,Google Ads,es-shopping-generic-q4,107.46,14016,610,20,1437.69
2025-10-14,Nordfit Equipment,Google Ads,es-search-brand-q4,73.26,7753,379,11,541.69
2025-10-14,Nordfit Equipment,Google Ads,es-shopping-generic-q4,97.68,10447,522,13,976.22
2025-10-15,Nordfit Equipment,Google Ads,es-search-brand-q4,96.0,12319,632,24,1367.85
2025-10-15,Nordfit Equipment,Google Ads,es-shopping-generic-q4,128.0,16393,875,33,1699.42
2025-10-16,Nordfit Equipment,Google Ads,es-search-brand-q4,97.19,13669,528,23,2550.85
2025-10-16,Nordfit Equipment,Google Ads,es-shopping-generic-q4,129.59,18154,736,22,1127.61
2025-10-17,Nordfit Equipment,Google Ads,es-search-brand-q4,123.53,11035,469,16,1180.99
2025-10-17,Nordfit Equipment,Google Ads,es-shopping-generic-q4,164.71,14899,638,22,1421.53
2025-10-18,Nordfit Equipment,Google Ads,es-search-brand-q4,74.72,9324,403,9,596.52
2025-10-18,Nordfit Equipment,Google Ads,es-shopping-generic-q4,99.63,12201,520,18,1126.71
2025-10-19,Nordfit Equipment,Google Ads,es-search-brand-q4,109.94,9864,303,11,582.39
2025-10-19,Nordfit Equipment,Google Ads,es-shopping-generic-q4,146.59,12870,452,9,704.8
2025-10-20,Nordfit Equipment,Google Ads,es-search-brand-q4,88.95,9716,485,8,466.92
2025-10-20,Nordfit Equipment,Google Ads,es-shopping-generic-q4,118.6,12869,627,19,2245.18
2025-10-21,Nordfit Equipment,Google Ads,es-search-brand-q4,96.31,12818,575,20,
2025-10-21,Nordfit Equipment,Google Ads,es-shopping-generic-q4,128.41,17110,705,19,1992.98
2025-10-22,Nordfit Equipment,Google Ads,es-search-brand-q4,118.97,10467,587,24,1533.08
2025-10-22,Nordfit Equipment,Google Ads,es-shopping-generic-q4,158.63,13901,739,26,1814.87
2025-10-23,Nordfit Equipment,Google Ads,es-search-brand-q4,95.7,10193,566,15,764.34
2025-10-23,Nordfit Equipment,Google Ads,es-shopping-generic-q4,127.6,13722,735,10,
2025-10-24,Nordfit Equipment,Google Ads,es-search-brand-q4,108.3,9396,475,23,1416.22
2025-10-24,Nordfit Equipment,Google Ads,es-shopping-generic-q4,144.4,12818,622,20,900.92
2025-10-25,Nordfit Equipment,Google Ads,es-search-brand-q4,117.87,10431,304,11,737.88
2025-10-25,Nordfit Equipment,Google Ads,es-shopping-generic-q4,157.16,14114,425,19,1187.98
2025-10-26,Nordfit Equipment,Google Ads,es-search-brand-q4,120.0,13706,693,32,1357.42
2025-10-26,Nordfit Equipment,Google Ads,es-shopping-generic-q4,160.0,18268,935,42,2252.24
2025-10-27,Nordfit Equipment,Google Ads,es-search-brand-q4,91.73,7212,417,17,1027.95
2025-10-27,Nordfit Equipment,Google Ads,es-shopping-generic-q4,122.3,9527,618,31,1713.89
2025-10-28,Nordfit Equipment,Google Ads,es-search-brand-q4,90.28,7623,275,11,632.39
2025-10-28,Nordfit Equipment,Google Ads,es-shopping-generic-q4,120.38,10363,361,14,
2025-10-29,Nordfit Equipment,Google Ads,es-search-brand-q4,97.96,8280,238,20,1808.29
2025-10-29,Nordfit Equipment,Google Ads,es-shopping-generic-q4,130.61,10661,291,10,721.39
2025-10-30,Nordfit Equipment,Google Ads,es-search-brand-q4,69.42,6076,281,8,617.51
2025-10-30,Nordfit Equipment,Google Ads,es-shopping-generic-q4,92.56,8062,380,19,907.82
2025-10-31,Nordfit Equipment,Google Ads,es-search-brand-q4,87.98,7801,304,5,252.67
2025-10-31,Nordfit Equipment,Google Ads,es-shopping-generic-q4,117.3,10390,437,12,856.82
2025-11-01,Nordfit Equipment,Google Ads,es-search-brand-q4,95.99,9083,369,13,855.15
2025-11-01,Nordfit Equipment,Google Ads,es-shopping-generic-q4,127.99,12237,511,29,1578.66
2025-11-02,Nordfit Equipment,Google Ads,es-search-brand-q4,94.91,10898,574,17,1041.24
2025-11-02,Nordfit Equipment,Google Ads,es-shopping-generic-q4,126.55,14563,748,16,1026.12
2025-11-03,Nordfit Equipment,Google Ads,es-search-brand-q4,91.34,6939,404,7,568.67
2025-11-03,Nordfit Equipment,Google Ads,es-shopping-generic-q4,121.79,9142,520,9,867.38
2025-11-04,Nordfit Equipment,Google Ads,es-search-brand-q4,107.14,8906,417,11,820.2
2025-11-04,Nordfit Equipment,Google Ads,es-shopping-generic-q4,142.85,12054,623,17,1718.2
2025-11-05,Nordfit Equipment,Google Ads,es-search-brand-q4,77.42,6393,196,10,833.0
2025-11-05,Nordfit Equipment,Google Ads,es-shopping-generic-q4,103.23,8589,297,12,616.52
2025-11-06,Nordfit Equipment,Google Ads,es-search-brand-q4,87.42,8886,377,11,1137.96
2025-11-06,Nordfit Equipment,Google Ads,es-shopping-generic-q4,116.55,11668,517,9,663.83
2025-11-07,Nordfit Equipment,Google Ads,es-search-brand-q4,103.73,10991,444,7,570.87
2025-11-07,Nordfit Equipment,Google Ads,es-shopping-generic-q4,138.31,14902,621,12,1056.3
2025-11-08,Nordfit Equipment,Google Ads,es-search-brand-q4,103.56,13926,532,12,1214.6
2025-11-08,Nordfit Equipment,Google Ads,es-shopping-generic-q4,138.08,18278,741,15,1244.22
2025-11-09,Nordfit Equipment,Google Ads,es-search-brand-q4,92.38,10621,437,7,654.89
2025-11-09,Nordfit Equipment,Google Ads,es-shopping-generic-q4,123.18,14358,588,30,1676.55
2025-11-10,Nordfit Equipment,Google Ads,es-search-brand-q4,90.97,11705,514,19,2029.26
2025-11-10,Nordfit Equipment,Google Ads,es-shopping-generic-q4,121.29,15621,751,31,2424.96
2025-11-11,Nordfit Equipment,Google Ads,es-search-brand-q4,97.67,8924,446,23,1737.11
2025-11-11,Nordfit Equipment,Google Ads,es-shopping-generic-q4,130.22,11945,620,46,2338.63
2025-11-12,Nordfit Equipment,Google Ads,es-search-brand-q4,98.76,7856,483,11,843.87
2025-11-12,Nordfit Equipment,Google Ads,es-shopping-generic-q4,131.68,10534,586,16,1527.85
2025-11-13,Nordfit Equipment,Google Ads,es-search-brand-q4,116.16,11364,507,23,1906.2
2025-11-13,Nordfit Equipment,Google Ads,es-shopping-generic-q4,154.88,15112,712,14,698.0
2025-11-14,Nordfit Equipment,Google Ads,es-search-brand-q4,94.66,7500,424,18,1022.95
2025-11-14,Nordfit Equipment,Google Ads,es-shopping-generic-q4,126.21,10075,592,32,2831.19
2025-11-15,Nordfit Equipment,Google Ads,es-search-brand-q4,89.22,10946,673,20,1141.35
2025-11-15,Nordfit Equipment,Google Ads,es-shopping-generic-q4,118.96,14398,798,27,
2025-11-16,Nordfit Equipment,Google Ads,es-search-brand-q4,115.18,10885,527,14,921.58
2025-11-16,Nordfit Equipment,Google Ads,es-shopping-generic-q4,153.57,14423,752,20,1363.39
2025-11-17,Nordfit Equipment,Google Ads,es-search-brand-q4,119.18,12228,575,25,1659.5
2025-11-17,Nordfit Equipment,Google Ads,es-shopping-generic-q4,158.91,16149,787,31,1939.64
2025-11-18,Nordfit Equipment,Google Ads,es-search-brand-q4,100.15,8198,435,19,1791.93
2025-11-18,Nordfit Equipment,Google Ads,es-shopping-generic-q4,133.54,10692,621,20,1090.85
2025-11-19,Nordfit Equipment,Google Ads,es-search-brand-q4,92.75,10366,579,26,2523.41
2025-11-19,Nordfit Equipment,Google Ads,es-shopping-generic-q4,123.67,13994,770,42,3539.64
2025-11-20,Nordfit Equipment,Google Ads,es-search-brand-q4,135.49,10499,378,21,1318.43
2025-11-20,Nordfit Equipment,Google Ads,es-shopping-generic-q4,180.65,14247,539,19,1705.95
2025-11-20,Nordfit Equipment,Google Ads,es-shopping-blackfriday-q4,270.97,20897,761,39,2563.07
2025-11-21,Nordfit Equipment,Google Ads,es-search-brand-q4,134.33,15642,849,16,943.52
2025-11-21,Nordfit Equipment,Google Ads,es-shopping-generic-q4,179.1,21223,1076,21,1875.35
2025-11-21,Nordfit Equipment,Google Ads,es-shopping-blackfriday-q4,268.65,31603,1713,34,3634.94
2025-11-22,Nordfit Equipment,Google Ads,es-search-brand-q4,184.23,22840,821,24,1692.04
2025-11-22,Nordfit Equipment,Google Ads,es-shopping-generic-q4,245.63,30044,1020,31,1626.95
2025-11-22,Nordfit Equipment,Google Ads,es-shopping-blackfriday-q4,368.45,45436,1571,52,3370.02
2025-11-23,Nordfit Equipment,Google Ads,es-search-brand-q4,170.59,13698,504,22,1798.57
2025-11-23,Nordfit Equipment,Google Ads,es-shopping-generic-q4,227.45,17997,651,21,1656.84
2025-11-23,Nordfit Equipment,Google Ads,es-shopping-blackfriday-q4,341.18,27580,1083,55,4752.82
2025-11-24,Nordfit Equipment,Google Ads,es-search-brand-q4,160.65,16809,654,13,1062.25
2025-11-24,Nordfit Equipment,Google Ads,es-shopping-generic-q4,214.2,22256,911,34,2246.36
2025-11-24,Nordfit Equipment,Google Ads,es-shopping-blackfriday-q4,321.31,33863,1470,40,2779.22
2025-11-25,Nordfit Equipment,Google Ads,es-search-brand-q4,159.24,22839,1197,26,1853.16
2025-11-25,Nordfit Equipment,Google Ads,es-shopping-generic-q4,212.31,30195,1585,28,1420.48
2025-11-25,Nordfit Equipment,Google Ads,es-shopping-blackfriday-q4,318.47,45515,2427,57,4186.13
2025-11-26,Nordfit Equipment,Google Ads,es-search-brand-q4,127.66,11714,537,21,1651.04
2025-11-26,Nordfit Equipment,Google Ads,es-shopping-generic-q4,170.21,15886,760,21,1129.49
2025-11-26,Nordfit Equipment,Google Ads,es-shopping-blackfriday-q4,255.31,23883,1120,45,2204.28
2025-11-27,Nordfit Equipment,Google Ads,es-search-brand-q4,181.55,25515,1204,25,1248.88
2025-11-27,Nordfit Equipment,Google Ads,es-shopping-generic-q4,242.07,33944,1708,50,3996.51
2025-11-27,Nordfit Equipment,Google Ads,es-shopping-blackfriday-q4,363.1,51075,2345,65,3862.34
2025-11-28,Nordfit Equipment,Google Ads,es-search-brand-q4,137.67,17211,803,33,1749.3
2025-11-28,Nordfit Equipment,Google Ads,es-shopping-generic-q4,183.56,22640,1066,36,2704.84
2025-11-28,Nordfit Equipment,Google Ads,es-shopping-blackfriday-q4,275.34,34214,1648,59,2339.3
2025-11-29,Nordfit Equipment,Google Ads,es-search-brand-q4,134.29,16544,775,21,1283.69
2025-11-29,Nordfit Equipment,Google Ads,es-shopping-generic-q4,179.06,21924,1025,29,2411.89
2025-11-29,Nordfit Equipment,Google Ads,es-shopping-blackfriday-q4,268.58,32738,1505,47,
2025-11-30,Nordfit Equipment,Google Ads,es-search-brand-q4,192.88,19361,748,26,1512.99
2025-11-30,Nordfit Equipment,Google Ads,es-shopping-generic-q4,257.17,26374,1005,31,2677.05
2025-11-30,Nordfit Equipment,Google Ads,es-shopping-blackfriday-q4,385.76,38821,1586,54,4657.63
2025-12-01,Nordfit Equipment,Google Ads,es-search-brand-q4,149.58,20812,979,40,3511.35
2025-12-01,Nordfit Equipment,Google Ads,es-shopping-generic-q4,199.44,27966,1338,57,6331.65
2025-12-01,Nordfit Equipment,Google Ads,es-shopping-blackfriday-q4,299.16,42327,2003,81,6222.52
2025-12-02,Nordfit Equipment,Google Ads,es-search-brand-q4,119.76,14227,478,8,505.89
2025-12-02,Nordfit Equipment,Google Ads,es-shopping-generic-q4,159.69,18951,580,12,676.42
2025-12-02,Nordfit Equipment,Google Ads,es-shopping-blackfriday-q4,239.53,28448,936,25,
2025-12-03,Nordfit Equipment,Google Ads,es-search-brand-q4,112.18,8426,297,19,1149.11
2025-12-03,Nordfit Equipment,Google Ads,es-shopping-generic-q4,149.58,11373,421,16,1224.56
2025-12-04,Nordfit Equipment,Google Ads,es-search-brand-q4,112.37,9449,467,21,2326.49
2025-12-04,Nordfit Equipment,Google Ads,es-shopping-generic-q4,149.83,12494,677,42,4737.78
2025-12-05,Nordfit Equipment,Google Ads,es-search-brand-q4,114.79,10033,494,25,1483.08
2025-12-05,Nordfit Equipment,Google Ads,es-shopping-generic-q4,153.06,13147,697,31,
2025-12-06,Nordfit Equipment,Google Ads,es-search-brand-q4,110.42,12185,686,31,2223.55
2025-12-06,Nordfit Equipment,Google Ads,es-shopping-generic-q4,147.23,16440,940,49,5097.33
2025-12-07,Nordfit Equipment,Google Ads,es-search-brand-q4,115.93,9539,590,12,1016.21
2025-12-07,Nordfit Equipment,Google Ads,es-shopping-generic-q4,154.57,12812,685,11,886.88
2025-12-08,Nordfit Equipment,Google Ads,es-search-brand-q4,112.64,15745,720,24,1860.1
2025-12-08,Nordfit Equipment,Google Ads,es-shopping-generic-q4,150.19,21300,968,41,3583.08
2025-12-09,Nordfit Equipment,Google Ads,es-search-brand-q4,152.22,12293,509,26,2836.08
2025-12-09,Nordfit Equipment,Google Ads,es-shopping-generic-q4,202.96,16353,688,31,2034.43
2025-12-10,Nordfit Equipment,Google Ads,es-search-brand-q4,140.86,12776,408,12,667.68
2025-12-10,Nordfit Equipment,Google Ads,es-shopping-generic-q4,187.82,17138,544,12,739.27
2025-12-11,Nordfit Equipment,Google Ads,es-search-brand-q4,117.18,13242,687,26,1673.9
2025-12-11,Nordfit Equipment,Google Ads,es-shopping-generic-q4,156.25,17998,967,27,1413.05
2025-12-12,Nordfit Equipment,Google Ads,es-search-brand-q4,130.1,10238,543,17,914.66
2025-12-12,Nordfit Equipment,Google Ads,es-shopping-generic-q4,173.46,13586,808,32,2235.35
2025-12-13,Nordfit Equipment,Google Ads,es-search-brand-q4,92.18,7577,305,3,260.39
2025-12-13,Nordfit Equipment,Google Ads,es-shopping-generic-q4,122.91,10120,396,5,321.41
2025-12-14,Nordfit Equipment,Google Ads,es-search-brand-q4,142.11,13727,722,39,2337.11
2025-12-14,Nordfit Equipment,Google Ads,es-shopping-generic-q4,189.49,17876,913,32,2121.44
2025-12-15,Nordfit Equipment,Google Ads,es-search-brand-q4,122.32,12857,433,15,884.61
2025-12-15,Nordfit Equipment,Google Ads,es-shopping-generic-q4,163.09,17693,648,22,1598.71
2025-12-16,Nordfit Equipment,Google Ads,es-search-brand-q4,129.55,9499,292,17,1174.71
2025-12-16,Nordfit Equipment,Google Ads,es-shopping-generic-q4,172.74,12709,426,11,783.15
2025-12-17,Nordfit Equipment,Google Ads,es-search-brand-q4,120.82,10529,399,13,833.9
2025-12-17,Nordfit Equipment,Google Ads,es-shopping-generic-q4,161.1,14171,540,20,1305.99
2025-12-18,Nordfit Equipment,Google Ads,es-search-brand-q4,136.1,9770,560,23,2711.92
2025-12-18,Nordfit Equipment,Google Ads,es-shopping-generic-q4,181.47,13080,773,31,2273.47
2025-12-19,Nordfit Equipment,Google Ads,es-search-brand-q4,129.51,9505,321,7,332.49
2025-12-19,Nordfit Equipment,Google Ads,es-shopping-generic-q4,172.67,12581,456,7,313.63
2025-12-20,Nordfit Equipment,Google Ads,es-search-brand-q4,141.14,18071,1069,26,1452.97
2025-12-20,Nordfit Equipment,Google Ads,es-shopping-generic-q4,188.19,23909,1413,46,4968.05
2025-12-21,Nordfit Equipment,Google Ads,es-search-brand-q4,171.96,12948,424,24,1619.52
2025-12-21,Nordfit Equipment,Google Ads,es-shopping-generic-q4,229.28,17454,673,19,1146.21
2025-12-22,Nordfit Equipment,Google Ads,es-search-brand-q4,119.11,14449,721,15,1414.54
2025-12-22,Nordfit Equipment,Google Ads,es-shopping-generic-q4,158.82,19031,1057,32,2373.05
2025-12-23,Nordfit Equipment,Google Ads,es-search-brand-q4,154.12,14032,783,14,841.38
2025-12-23,Nordfit Equipment,Google Ads,es-shopping-generic-q4,205.49,18428,1024,23,1799.78
2025-12-24,Nordfit Equipment,Google Ads,es-search-brand-q4,135.96,16544,939,38,2204.59
2025-12-24,Nordfit Equipment,Google Ads,es-shopping-generic-q4,181.29,22044,1284,57,2982.62
2025-12-25,Nordfit Equipment,Google Ads,es-search-brand-q4,122.98,12216,474,8,747.86
2025-12-25,Nordfit Equipment,Google Ads,es-shopping-generic-q4,163.98,16116,620,20,1651.85
2025-12-26,Nordfit Equipment,Google Ads,es-search-brand-q4,97.0,8155,473,13,1173.59
2025-12-26,Nordfit Equipment,Google Ads,es-shopping-generic-q4,129.34,11067,566,21,1437.01
2025-12-27,Nordfit Equipment,Google Ads,es-search-brand-q4,108.08,9298,329,12,805.95
2025-12-27,Nordfit Equipment,Google Ads,es-shopping-generic-q4,144.11,12507,424,15,880.79
2025-12-28,Nordfit Equipment,Google Ads,es-search-brand-q4,133.3,18585,626,22,1186.57
2025-12-28,Nordfit Equipment,Google Ads,es-shopping-generic-q4,177.73,24564,854,26,2066.36
2025-12-29,Nordfit Equipment,Google Ads,es-search-brand-q4,136.04,13455,450,15,828.07
2025-12-29,Nordfit Equipment,Google Ads,es-shopping-generic-q4,181.39,17971,610,25,1928.98
2025-12-30,Nordfit Equipment,Google Ads,es-search-brand-q4,162.74,12796,624,16,909.95
2025-12-30,Nordfit Equipment,Google Ads,es-shopping-generic-q4,216.99,17110,862,17,1354.09
2025-12-31,Nordfit Equipment,Google Ads,es-search-brand-q4,148.62,14622,451,23,1607.16
2025-12-31,Nordfit Equipment,Google Ads,es-shopping-generic-q4,198.15,19501,591,26,1345.86
2026-01-01,Nordfit Equipment,Google Ads,es-search-brand-q1,139.78,18893,872,38,2923.29
2026-01-01,Nordfit Equipment,Google Ads,es-shopping-generic-q1,186.37,25074,1105,65,6664.54
2026-01-01,Nordfit Equipment,Google Ads,es-shopping-januarysale-q1,232.96,31133,1469,70,5408.31
2026-01-02,Nordfit Equipment,Google Ads,es-search-brand-q1,139.07,12939,560,14,1250.03
2026-01-02,Nordfit Equipment,Google Ads,es-shopping-generic-q1,185.43,16888,795,19,942.04
2026-01-02,Nordfit Equipment,Google Ads,es-shopping-januarysale-q1,231.78,21442,973,16,
2026-01-03,Nordfit Equipment,Google Ads,es-search-brand-q1,123.62,13470,408,19,1494.64
2026-01-03,Nordfit Equipment,Google Ads,es-shopping-generic-q1,164.82,17561,551,23,
2026-01-03,Nordfit Equipment,Google Ads,es-shopping-januarysale-q1,206.03,22445,693,47,3089.78
2026-01-04,Nordfit Equipment,Google Ads,es-search-brand-q1,137.3,12212,639,24,2115.49
2026-01-04,Nordfit Equipment,Google Ads,es-shopping-generic-q1,183.06,16074,877,32,2541.36
2026-01-04,Nordfit Equipment,Google Ads,es-shopping-januarysale-q1,228.83,20034,1092,26,2183.57
2026-01-05,Nordfit Equipment,Google Ads,es-search-brand-q1,140.29,19386,621,36,3025.81
2026-01-05,Nordfit Equipment,Google Ads,es-shopping-generic-q1,187.05,25749,830,30,2801.45
2026-01-05,Nordfit Equipment,Google Ads,es-shopping-januarysale-q1,233.82,31839,958,53,2912.54
2026-01-06,Nordfit Equipment,Google Ads,es-search-brand-q1,145.02,12736,365,10,631.01
2026-01-06,Nordfit Equipment,Google Ads,es-shopping-generic-q1,193.35,16553,483,18,986.37
2026-01-06,Nordfit Equipment,Google Ads,es-shopping-januarysale-q1,241.69,20816,638,19,
2026-01-07,Nordfit Equipment,Google Ads,es-search-brand-q1,110.57,8046,428,17,1500.99
2026-01-07,Nordfit Equipment,Google Ads,es-shopping-generic-q1,147.43,10632,562,11,1429.36
2026-01-07,Nordfit Equipment,Google Ads,es-shopping-januarysale-q1,184.28,13370,683,19,1842.87
2026-01-08,Nordfit Equipment,Google Ads,es-search-brand-q1,174.72,16524,925,39,3893.5
2026-01-08,Nordfit Equipment,Google Ads,es-shopping-generic-q1,232.96,22209,1224,54,3648.06
2026-01-08,Nordfit Equipment,Google Ads,es-shopping-januarysale-q1,291.2,27858,1498,67,5279.88
2026-01-09,Nordfit Equipment,Google Ads,es-search-brand-q1,162.95,14243,655,11,636.62
2026-01-09,Nordfit Equipment,Google Ads,es-shopping-generic-q1,217.26,18779,784,20,1741.91
2026-01-09,Nordfit Equipment,Google Ads,es-shopping-januarysale-q1,271.58,23772,1047,19,1183.0
2026-01-10,Nordfit Equipment,Google Ads,es-search-brand-q1,135.22,12983,629,15,1051.26
2026-01-10,Nordfit Equipment,Google Ads,es-shopping-generic-q1,180.29,17275,753,13,1136.74
2026-01-10,Nordfit Equipment,Google Ads,es-shopping-januarysale-q1,225.37,21552,1033,19,1005.0
2026-01-11,Nordfit Equipment,Google Ads,es-search-brand-q1,130.48,10796,420,11,407.25
2026-01-11,Nordfit Equipment,Google Ads,es-shopping-generic-q1,173.97,14249,525,13,1296.63
2026-01-11,Nordfit Equipment,Google Ads,es-shopping-januarysale-q1,217.46,17954,689,17,1084.7
2026-01-12,Nordfit Equipment,Google Ads,es-search-brand-q1,102.52,9512,367,13,850.15
2026-01-12,Nordfit Equipment,Google Ads,es-shopping-generic-q1,136.69,12804,415,21,1370.61
2026-01-12,Nordfit Equipment,Google Ads,es-shopping-januarysale-q1,170.86,16094,540,15,1004.19
2026-01-13,Nordfit Equipment,Google Ads,es-search-brand-q1,155.86,12380,549,20,1483.78
2026-01-13,Nordfit Equipment,Google Ads,es-shopping-generic-q1,207.81,16554,732,25,1636.33
2026-01-13,Nordfit Equipment,Google Ads,es-shopping-januarysale-q1,259.76,20673,953,25,1146.59
2026-01-14,Nordfit Equipment,Google Ads,es-search-brand-q1,127.69,18161,754,16,1198.1
2026-01-14,Nordfit Equipment,Google Ads,es-shopping-generic-q1,170.26,23865,1054,23,2450.22
2026-01-14,Nordfit Equipment,Google Ads,es-shopping-januarysale-q1,212.82,29947,1298,27,1809.7
2026-01-15,Nordfit Equipment,Google Ads,es-search-brand-q1,148.01,12736,753,36,2783.29
2026-01-15,Nordfit Equipment,Google Ads,es-shopping-generic-q1,197.34,16598,930,37,2397.91
2026-01-15,Nordfit Equipment,Google Ads,es-shopping-januarysale-q1,246.68,20907,1214,54,2647.51
2026-01-16,Nordfit Equipment,Google Ads,es-search-brand-q1,100.15,9081,439,6,
2026-01-16,Nordfit Equipment,Google Ads,es-shopping-generic-q1,133.53,12025,545,16,1117.57
2026-01-17,Nordfit Equipment,Google Ads,es-search-brand-q1,88.65,7735,345,14,808.11
2026-01-17,Nordfit Equipment,Google Ads,es-shopping-generic-q1,118.21,10530,495,19,1615.05
2026-01-18,Nordfit Equipment,Google Ads,es-search-brand-q1,85.37,9175,332,6,493.76
2026-01-18,Nordfit Equipment,Google Ads,es-shopping-generic-q1,113.83,12336,456,11,545.53
2026-01-19,Nordfit Equipment,Google Ads,es-search-brand-q1,115.12,12531,744,39,3107.11
2026-01-19,Nordfit Equipment,Google Ads,es-shopping-generic-q1,153.49,16532,945,46,3008.1
2026-01-20,Nordfit Equipment,Google Ads,es-search-brand-q1,95.56,9272,480,17,1180.58
2026-01-20,Nordfit Equipment,Google Ads,es-shopping-generic-q1,127.41,12432,695,27,1780.56
2026-01-21,Nordfit Equipment,Google Ads,es-search-brand-q1,68.58,5768,210,11,679.77
2026-01-21,Nordfit Equipment,Google Ads,es-shopping-generic-q1,91.43,7782,279,10,564.96
2026-01-22,Nordfit Equipment,Google Ads,es-search-brand-q1,86.56,8145,443,12,768.12
2026-01-22,Nordfit Equipment,Google Ads,es-shopping-generic-q1,115.41,10798,636,32,1906.58
2026-01-23,Nordfit Equipment,Google Ads,es-search-brand-q1,96.89,8269,461,10,617.51
2026-01-23,Nordfit Equipment,Google Ads,es-shopping-generic-q1,129.18,10889,623,21,1670.71
2026-01-24,Nordfit Equipment,Google Ads,es-search-brand-q1,108.97,9434,328,12,932.95
2026-01-24,Nordfit Equipment,Google Ads,es-shopping-generic-q1,145.29,12387,451,27,2068.65
2026-01-25,Nordfit Equipment,Google Ads,es-search-brand-q1,88.42,9377,502,16,868.47
2026-01-25,Nordfit Equipment,Google Ads,es-shopping-generic-q1,117.89,12586,622,38,2738.02
2026-01-26,Nordfit Equipment,Google Ads,es-search-brand-q1,89.45,9817,474,33,3432.99
2026-01-26,Nordfit Equipment,Google Ads,es-shopping-generic-q1,119.27,13095,563,24,1592.87
2026-01-27,Nordfit Equipment,Google Ads,es-search-brand-q1,73.45,10104,416,19,1138.38
2026-01-27,Nordfit Equipment,Google Ads,es-shopping-generic-q1,97.93,13403,555,21,1724.22
2026-01-28,Nordfit Equipment,Google Ads,es-search-brand-q1,80.01,7978,432,25,1257.54
2026-01-28,Nordfit Equipment,Google Ads,es-shopping-generic-q1,106.68,10766,516,20,1717.89
2026-01-29,Nordfit Equipment,Google Ads,es-search-brand-q1,93.43,7243,265,9,1005.4
2026-01-29,Nordfit Equipment,Google Ads,es-shopping-generic-q1,124.57,9410,371,24,
2026-01-30,Nordfit Equipment,Google Ads,es-search-brand-q1,90.24,6895,266,10,521.13
2026-01-30,Nordfit Equipment,Google Ads,es-shopping-generic-q1,120.32,9008,361,15,1350.13
2026-01-31,Nordfit Equipment,Google Ads,es-search-brand-q1,94.07,12399,748,32,2144.06
2026-01-31,Nordfit Equipment,Google Ads,es-shopping-generic-q1,125.43,16581,972,49,4175.17
2026-02-01,Nordfit Equipment,Google Ads,es-search-brand-q1,100.9,7682,379,19,1429.38
2026-02-01,Nordfit Equipment,Google Ads,es-shopping-generic-q1,134.53,10207,518,29,2439.66
2026-02-02,Nordfit Equipment,Google Ads,es-search-brand-q1,110.85,8873,518,16,593.46
2026-02-02,Nordfit Equipment,Google Ads,es-shopping-generic-q1,147.8,12087,692,17,796.79
2026-02-03,Nordfit Equipment,Google Ads,es-search-brand-q1,130.44,10032,586,20,1475.32
2026-02-03,Nordfit Equipment,Google Ads,es-shopping-generic-q1,173.92,13426,765,39,2620.97
2026-02-04,Nordfit Equipment,Google Ads,es-search-brand-q1,68.55,6020,248,2,138.14
2026-02-04,Nordfit Equipment,Google Ads,es-shopping-generic-q1,91.4,8342,374,11,778.33
2026-02-05,Nordfit Equipment,Google Ads,es-search-brand-q1,92.96,6820,335,13,875.01
2026-02-05,Nordfit Equipment,Google Ads,es-shopping-generic-q1,123.95,9077,388,9,
2026-02-06,Nordfit Equipment,Google Ads,es-search-brand-q1,98.52,12842,440,14,1555.82
2026-02-06,Nordfit Equipment,Google Ads,es-shopping-generic-q1,131.36,16963,616,24,1190.03
2026-02-07,Nordfit Equipment,Google Ads,es-search-brand-q1,84.5,6305,295,11,
2026-02-07,Nordfit Equipment,Google Ads,es-shopping-generic-q1,112.66,8489,357,11,812.21
2026-02-08,Nordfit Equipment,Google Ads,es-search-brand-q1,71.23,5302,306,6,324.58
2026-02-08,Nordfit Equipment,Google Ads,es-shopping-generic-q1,94.97,7125,428,19,1409.7
2026-02-09,Nordfit Equipment,Google Ads,es-search-brand-q1,86.9,8011,281,8,481.18
2026-02-09,Nordfit Equipment,Google Ads,es-shopping-generic-q1,115.87,10416,366,11,
2026-02-10,Nordfit Equipment,Google Ads,es-search-brand-q1,116.47,8504,470,19,1207.27
2026-02-10,Nordfit Equipment,Google Ads,es-shopping-generic-q1,155.3,11399,588,28,1975.94
2026-02-11,Nordfit Equipment,Google Ads,es-search-brand-q1,97.85,7533,355,19,1191.26
2026-02-11,Nordfit Equipment,Google Ads,es-shopping-generic-q1,130.47,9978,491,19,1199.62
2026-02-12,Nordfit Equipment,Google Ads,es-search-brand-q1,77.24,9597,359,14,829.75
2026-02-12,Nordfit Equipment,Google Ads,es-shopping-generic-q1,102.99,12594,448,14,801.25
2026-02-13,Nordfit Equipment,Google Ads,es-search-brand-q1,100.38,7996,422,8,550.25
2026-02-13,Nordfit Equipment,Google Ads,es-shopping-generic-q1,133.85,10488,542,17,1122.74
2026-02-14,Nordfit Equipment,Google Ads,es-search-brand-q1,88.42,11022,381,24,2320.91
2026-02-14,Nordfit Equipment,Google Ads,es-shopping-generic-q1,117.9,14568,477,19,
2026-02-15,Nordfit Equipment,Google Ads,es-search-brand-q1,80.62,8259,341,9,651.82
2026-02-15,Nordfit Equipment,Google Ads,es-shopping-generic-q1,107.5,11479,508,8,
2026-02-16,Nordfit Equipment,Google Ads,es-search-brand-q1,98.82,8031,450,23,1041.66
2026-02-16,Nordfit Equipment,Google Ads,es-shopping-generic-q1,131.76,10641,590,21,1555.22
2026-02-17,Nordfit Equipment,Google Ads,es-search-brand-q1,77.69,9783,580,22,1916.82
2026-02-17,Nordfit Equipment,Google Ads,es-shopping-generic-q1,103.58,12971,741,38,2412.0
2026-02-18,Nordfit Equipment,Google Ads,es-search-brand-q1,107.02,13532,777,25,1795.66
2026-02-18,Nordfit Equipment,Google Ads,es-shopping-generic-q1,142.7,18032,1020,39,2611.79
2026-02-19,Nordfit Equipment,Google Ads,es-search-brand-q1,92.72,7969,257,4,458.52
2026-02-19,Nordfit Equipment,Google Ads,es-shopping-generic-q1,123.63,10527,337,11,656.72
2026-02-20,Nordfit Equipment,Google Ads,es-search-brand-q1,114.2,10798,578,9,576.8
2026-02-20,Nordfit Equipment,Google Ads,es-shopping-generic-q1,152.27,14612,786,25,1508.77
2026-02-21,Nordfit Equipment,Google Ads,es-search-brand-q1,82.47,10471,323,15,981.6
2026-02-21,Nordfit Equipment,Google Ads,es-shopping-generic-q1,109.96,13975,418,18,1561.37
2026-02-22,Nordfit Equipment,Google Ads,es-search-brand-q1,98.03,10965,388,16,1229.83
2026-02-22,Nordfit Equipment,Google Ads,es-shopping-generic-q1,130.71,14390,512,30,1469.3
2026-02-23,Nordfit Equipment,Google Ads,es-search-brand-q1,99.97,13512,496,11,436.21
2026-02-23,Nordfit Equipment,Google Ads,es-shopping-generic-q1,133.3,18231,648,20,1760.91
2026-02-24,Nordfit Equipment,Google Ads,es-search-brand-q1,97.81,9271,408,17,1150.77
2026-02-24,Nordfit Equipment,Google Ads,es-shopping-generic-q1,130.41,12343,533,14,975.13
2026-02-25,Nordfit Equipment,Google Ads,es-search-brand-q1,84.96,11856,615,25,1843.74
2026-02-25,Nordfit Equipment,Google Ads,es-shopping-generic-q1,113.29,15967,796,41,2576.22
2026-02-26,Nordfit Equipment,Google Ads,es-search-brand-q1,79.14,6445,228,5,254.67
2026-02-26,Nordfit Equipment,Google Ads,es-shopping-generic-q1,105.52,8606,329,12,845.99
2026-02-27,Nordfit Equipment,Google Ads,es-search-brand-q1,85.91,11352,472,19,1528.1
2026-02-27,Nordfit Equipment,Google Ads,es-shopping-generic-q1,114.55,15222,687,16,1109.9
2026-02-28,Nordfit Equipment,Google Ads,es-search-brand-q1,90.0,11202,479,10,682.53
2026-02-28,Nordfit Equipment,Google Ads,es-shopping-generic-q1,120.0,14744,623,21,1657.48
2026-03-01,Nordfit Equipment,Google Ads,es-search-brand-q1,114.7,11444,621,16,1830.82
2026-03-01,Nordfit Equipment,Google Ads,es-shopping-generic-q1,152.93,15240,791,24,2023.65
2026-03-02,Nordfit Equipment,Google Ads,es-search-brand-q1,82.35,8618,404,24,1715.72
2026-03-02,Nordfit Equipment,Google Ads,es-shopping-generic-q1,109.81,11559,543,23,2518.18
2026-03-03,Nordfit Equipment,Google Ads,es-search-brand-q1,104.16,8092,245,6,329.76
2026-03-03,Nordfit Equipment,Google Ads,es-shopping-generic-q1,138.88,10948,345,10,638.25
2026-03-04,Nordfit Equipment,Google Ads,es-search-brand-q1,70.19,8112,419,19,1195.36
2026-03-04,Nordfit Equipment,Google Ads,es-shopping-generic-q1,93.58,10740,563,9,818.07
2026-03-05,Nordfit Equipment,Google Ads,es-search-brand-q1,98.76,7997,382,11,707.78
2026-03-05,Nordfit Equipment,Google Ads,es-shopping-generic-q1,131.67,10867,543,17,1203.93
2026-03-06,Nordfit Equipment,Google Ads,es-search-brand-q1,76.31,6160,315,6,421.77
2026-03-06,Nordfit Equipment,Google Ads,es-shopping-generic-q1,101.75,8023,393,11,1070.95
2026-03-07,Nordfit Equipment,Google Ads,es-search-brand-q1,95.36,8184,435,10,938.32
2026-03-07,Nordfit Equipment,Google Ads,es-shopping-generic-q1,127.15,10866,589,24,1924.12
2026-03-08,Nordfit Equipment,Google Ads,es-search-brand-q1,88.14,11456,638,19,
2026-03-08,Nordfit Equipment,Google Ads,es-shopping-generic-q1,117.51,15717,810,23,1777.44
2026-03-09,Nordfit Equipment,Google Ads,es-search-brand-q1,72.95,8224,355,6,400.18
2026-03-09,Nordfit Equipment,Google Ads,es-shopping-generic-q1,97.26,10805,473,15,1426.09
2026-03-10,Nordfit Equipment,Google Ads,es-search-brand-q1,101.2,7969,412,13,640.3
2026-03-10,Nordfit Equipment,Google Ads,es-shopping-generic-q1,134.93,10418,511,14,835.01
2026-03-11,Nordfit Equipment,Google Ads,es-search-brand-q1,116.46,9633,428,11,767.15
2026-03-11,Nordfit Equipment,Google Ads,es-shopping-generic-q1,155.28,12976,543,14,1032.42
2026-03-12,Nordfit Equipment,Google Ads,es-search-brand-q1,74.39,8933,478,27,1839.91
2026-03-12,Nordfit Equipment,Google Ads,es-shopping-generic-q1,99.19,11908,659,31,1708.92
2026-03-13,Nordfit Equipment,Google Ads,es-search-brand-q1,104.9,9268,505,4,312.47
2026-03-13,Nordfit Equipment,Google Ads,es-shopping-generic-q1,139.87,12299,705,17,1077.32
2026-03-14,Nordfit Equipment,Google Ads,es-search-brand-q1,89.54,8379,290,14,1181.02
2026-03-14,Nordfit Equipment,Google Ads,es-shopping-generic-q1,119.39,11125,398,25,1632.67
2026-03-15,Nordfit Equipment,Google Ads,es-search-brand-q1,103.88,9890,330,7,351.87
2026-03-15,Nordfit Equipment,Google Ads,es-shopping-generic-q1,138.51,13304,436,9,564.51
2026-03-16,Nordfit Equipment,Google Ads,es-search-brand-q1,89.97,8893,318,1,76.96
2026-03-16,Nordfit Equipment,Google Ads,es-shopping-generic-q1,119.96,11940,359,10,
2026-03-17,Nordfit Equipment,Google Ads,es-search-brand-q1,81.75,8520,467,6,376.96
2026-03-17,Nordfit Equipment,Google Ads,es-shopping-generic-q1,109.0,11486,605,15,615.49
2026-03-18,Nordfit Equipment,Google Ads,es-search-brand-q1,108.07,7877,304,15,1111.43
2026-03-18,Nordfit Equipment,Google Ads,es-shopping-generic-q1,144.09,10708,461,23,1548.22
2026-03-19,Nordfit Equipment,Google Ads,es-search-brand-q1,95.59,8197,236,12,1515.3
2026-03-19,Nordfit Equipment,Google Ads,es-shopping-generic-q1,127.45,10930,355,8,641.15
2026-03-20,Nordfit Equipment,Google Ads,es-search-brand-q1,97.55,10496,560,17,977.94
2026-03-20,Nordfit Equipment,Google Ads,es-shopping-generic-q1,130.07,14342,735,38,3342.88
2026-03-21,Nordfit Equipment,Google Ads,es-search-brand-q1,100.57,9811,584,19,1106.77
2026-03-21,Nordfit Equipment,Google Ads,es-shopping-generic-q1,134.09,13249,782,28,1724.69
2026-03-22,Nordfit Equipment,Google Ads,es-search-brand-q1,93.78,7817,467,6,405.2
2026-03-22,Nordfit Equipment,Google Ads,es-shopping-generic-q1,125.03,10206,548,15,906.1
2026-03-23,Nordfit Equipment,Google Ads,es-search-brand-q1,63.61,4965,253,8,584.27
2026-03-23,Nordfit Equipment,Google Ads,es-shopping-generic-q1,84.81,6574,363,12,1533.93
2026-03-24,Nordfit Equipment,Google Ads,es-search-brand-q1,71.67,7269,383,21,1650.53
2026-03-24,Nordfit Equipment,Google Ads,es-shopping-generic-q1,95.56,9626,458,28,1343.23
2026-03-25,Nordfit Equipment,Google Ads,es-search-brand-q1,87.05,11228,570,15,1024.12
2026-03-25,Nordfit Equipment,Google Ads,es-shopping-generic-q1,116.07,14739,696,17,
2026-03-26,Nordfit Equipment,Google Ads,es-search-brand-q1,103.2,10060,411,22,1842.24
2026-03-26,Nordfit Equipment,Google Ads,es-shopping-generic-q1,137.6,13261,532,33,1866.56
2026-03-27,Nordfit Equipment,Google Ads,es-search-brand-q1,91.23,9038,410,18,1137.16
2026-03-27,Nordfit Equipment,Google Ads,es-shopping-generic-q1,121.64,12183,593,34,2114.48
2026-03-28,Nordfit Equipment,Google Ads,es-search-brand-q1,79.68,8795,381,11,935.29
2026-03-28,Nordfit Equipment,Google Ads,es-shopping-generic-q1,106.23,11856,552,26,1463.61
2026-03-29,Nordfit Equipment,Google Ads,es-search-brand-q1,124.65,14850,654,29,1982.79
2026-03-29,Nordfit Equipment,Google Ads,es-shopping-generic-q1,166.2,19925,832,39,2331.14
2026-03-30,Nordfit Equipment,Google Ads,es-search-brand-q1,118.54,9383,378,11,462.52
2026-03-30,Nordfit Equipment,Google Ads,es-shopping-generic-q1,158.05,12705,483,14,700.4
2026-03-31,Nordfit Equipment,Google Ads,es-search-brand-q1,111.49,11836,377,16,1423.07
2026-03-31,Nordfit Equipment,Google Ads,es-shopping-generic-q1,148.65,15695,478,16,980.71
2026-04-01,Nordfit Equipment,Google Ads,es-search-brand-q2,80.94,6895,291,8,511.39
2026-04-01,Nordfit Equipment,Google Ads,es-shopping-generic-q2,107.93,9108,358,5,310.22
2026-04-02,Nordfit Equipment,Google Ads,es-search-brand-q2,125.62,10546,590,22,1988.97
2026-04-02,Nordfit Equipment,Google Ads,es-shopping-generic-q2,167.5,14095,699,35,3862.99
2026-04-03,Nordfit Equipment,Google Ads,es-search-brand-q2,119.1,10286,550,11,876.95
2026-04-03,Nordfit Equipment,Google Ads,es-shopping-generic-q2,158.8,13810,685,13,962.86
2026-04-04,Nordfit Equipment,Google Ads,es-search-brand-q2,80.76,11298,424,13,915.99
2026-04-04,Nordfit Equipment,Google Ads,es-shopping-generic-q2,107.68,14988,508,21,1442.3
2026-04-05,Nordfit Equipment,Google Ads,es-search-brand-q2,82.54,9177,401,15,
2026-04-05,Nordfit Equipment,Google Ads,es-shopping-generic-q2,110.05,12480,561,13,953.51
2026-04-06,Nordfit Equipment,Google Ads,es-search-brand-q2,104.38,11253,402,15,1466.41
2026-04-06,Nordfit Equipment,Google Ads,es-shopping-generic-q2,139.18,15152,563,30,1756.32
2026-04-07,Nordfit Equipment,Google Ads,es-search-brand-q2,81.22,6072,269,11,758.41
2026-04-07,Nordfit Equipment,Google Ads,es-shopping-generic-q2,108.3,8145,321,16,542.02
2026-04-08,Nordfit Equipment,Google Ads,es-search-brand-q2,93.0,8046,364,14,1064.98
2026-04-08,Nordfit Equipment,Google Ads,es-shopping-generic-q2,124.0,10824,529,28,1773.07
2026-04-09,Nordfit Equipment,Google Ads,es-search-brand-q2,103.25,10076,570,21,878.96
2026-04-09,Nordfit Equipment,Google Ads,es-shopping-generic-q2,137.67,13405,787,31,2364.99
2026-04-10,Nordfit Equipment,Google Ads,es-search-brand-q2,80.2,9165,434,17,1104.48
2026-04-10,Nordfit Equipment,Google Ads,es-shopping-generic-q2,106.94,12276,530,23,1458.27
2026-04-11,Nordfit Equipment,Google Ads,es-search-brand-q2,73.9,8728,553,24,964.18
2026-04-11,Nordfit Equipment,Google Ads,es-shopping-generic-q2,98.54,11756,690,24,1474.29
2026-04-12,Nordfit Equipment,Google Ads,es-search-brand-q2,132.23,15870,876,26,3023.6
2026-04-12,Nordfit Equipment,Google Ads,es-shopping-generic-q2,176.3,21063,1141,37,3670.61
2026-04-13,Nordfit Equipment,Google Ads,es-search-brand-q2,107.06,13641,590,30,2430.58
2026-04-13,Nordfit Equipment,Google Ads,es-shopping-generic-q2,142.74,18025,814,26,2373.35
2026-04-14,Nordfit Equipment,Google Ads,es-search-brand-q2,73.74,5878,308,9,834.49
2026-04-14,Nordfit Equipment,Google Ads,es-shopping-generic-q2,98.33,7695,426,15,1217.65
2026-04-15,Nordfit Equipment,Google Ads,es-search-brand-q2,83.81,9424,331,16,912.13
2026-04-15,Nordfit Equipment,Google Ads,es-shopping-generic-q2,111.74,12725,391,20,957.37
2026-04-16,Nordfit Equipment,Google Ads,es-search-brand-q2,108.48,8973,347,11,1031.76
2026-04-16,Nordfit Equipment,Google Ads,es-shopping-generic-q2,144.65,12068,474,25,1788.43
2026-04-17,Nordfit Equipment,Google Ads,es-search-brand-q2,83.23,7808,310,8,392.68
2026-04-17,Nordfit Equipment,Google Ads,es-shopping-generic-q2,110.97,10276,409,18,1040.0
2026-04-18,Nordfit Equipment,Google Ads,es-search-brand-q2,112.58,12365,569,22,2514.31
2026-04-18,Nordfit Equipment,Google Ads,es-shopping-generic-q2,150.11,16410,761,22,1805.7
2026-04-19,Nordfit Equipment,Google Ads,es-search-brand-q2,78.66,6831,304,13,1164.04
2026-04-19,Nordfit Equipment,Google Ads,es-shopping-generic-q2,104.88,9071,366,20,1686.62
2026-04-20,Nordfit Equipment,Google Ads,es-search-brand-q2,116.15,11257,382,11,904.88
2026-04-20,Nordfit Equipment,Google Ads,es-shopping-generic-q2,154.87,15204,527,25,1972.62
2026-04-21,Nordfit Equipment,Google Ads,es-search-brand-q2,107.96,13019,440,13,977.37
2026-04-21,Nordfit Equipment,Google Ads,es-shopping-generic-q2,143.94,16971,555,19,1350.06
2026-04-22,Nordfit Equipment,Google Ads,es-search-brand-q2,109.09,9458,556,26,1613.7
2026-04-22,Nordfit Equipment,Google Ads,es-shopping-generic-q2,145.45,12420,691,27,1710.42
2026-04-23,Nordfit Equipment,Google Ads,es-search-brand-q2,94.53,7515,311,13,1083.16
2026-04-23,Nordfit Equipment,Google Ads,es-shopping-generic-q2,126.05,10016,373,15,1243.54
2026-04-24,Nordfit Equipment,Google Ads,es-search-brand-q2,76.76,9600,404,7,590.2
2026-04-24,Nordfit Equipment,Google Ads,es-shopping-generic-q2,102.34,13193,549,21,1160.64
2026-04-25,Nordfit Equipment,Google Ads,es-search-brand-q2,78.02,10677,399,11,942.52
2026-04-25,Nordfit Equipment,Google Ads,es-shopping-generic-q2,104.03,14259,530,21,1102.16
2026-04-26,Nordfit Equipment,Google Ads,es-search-brand-q2,93.55,9937,429,14,959.5
2026-04-26,Nordfit Equipment,Google Ads,es-shopping-generic-q2,124.74,13251,560,26,1316.39
2026-04-27,Nordfit Equipment,Google Ads,es-search-brand-q2,89.26,6964,263,11,777.96
2026-04-27,Nordfit Equipment,Google Ads,es-shopping-generic-q2,119.02,9367,346,20,1936.61
2026-04-28,Nordfit Equipment,Google Ads,es-search-brand-q2,116.65,15794,880,52,3336.27
2026-04-28,Nordfit Equipment,Google Ads,es-shopping-generic-q2,155.53,20976,1187,44,2038.73
2026-04-29,Nordfit Equipment,Google Ads,es-search-brand-q2,98.21,7185,376,17,1197.41
2026-04-29,Nordfit Equipment,Google Ads,es-shopping-generic-q2,130.95,9647,497,31,2093.72
2026-04-30,Nordfit Equipment,Google Ads,es-search-brand-q2,107.75,7899,432,8,490.1
2026-04-30,Nordfit Equipment,Google Ads,es-shopping-generic-q2,143.67,10509,589,10,586.07
2026-05-01,Nordfit Equipment,Google Ads,es-search-brand-q2,103.05,8458,505,9,517.86
2026-05-01,Nordfit Equipment,Google Ads,es-shopping-generic-q2,137.4,11058,619,10,527.5
2026-05-02,Nordfit Equipment,Google Ads,es-search-brand-q2,105.85,9750,559,20,1028.69
2026-05-02,Nordfit Equipment,Google Ads,es-shopping-generic-q2,141.13,13249,774,22,1878.09
2026-05-03,Nordfit Equipment,Google Ads,es-search-brand-q2,121.86,9427,331,7,419.07
2026-05-03,Nordfit Equipment,Google Ads,es-shopping-generic-q2,162.48,12748,461,17,918.45
2026-05-04,Nordfit Equipment,Google Ads,es-search-brand-q2,83.6,8593,434,6,354.03
2026-05-04,Nordfit Equipment,Google Ads,es-shopping-generic-q2,111.47,11355,573,10,639.23
2026-05-05,Nordfit Equipment,Google Ads,es-search-brand-q2,108.38,8996,354,22,1933.29
2026-05-05,Nordfit Equipment,Google Ads,es-shopping-generic-q2,144.5,11696,417,18,1765.44
2026-05-06,Nordfit Equipment,Google Ads,es-search-brand-q2,78.5,5758,320,14,588.02
2026-05-06,Nordfit Equipment,Google Ads,es-shopping-generic-q2,104.67,7960,459,29,1969.4
2026-05-07,Nordfit Equipment,Google Ads,es-search-brand-q2,86.16,6346,236,11,1036.68
2026-05-07,Nordfit Equipment,Google Ads,es-shopping-generic-q2,114.89,8511,337,13,852.4
2026-05-08,Nordfit Equipment,Google Ads,es-search-brand-q2,83.71,6886,366,17,1605.94
2026-05-08,Nordfit Equipment,Google Ads,es-shopping-generic-q2,111.61,9035,474,17,1321.84
2026-05-09,Nordfit Equipment,Google Ads,es-search-brand-q2,86.34,11354,662,17,1039.04
2026-05-09,Nordfit Equipment,Google Ads,es-shopping-generic-q2,115.11,14948,827,22,1418.52
2026-05-09,Nordfit Equipment,Google Ads,es-search-brand-q2,86.34,11354,662,17,1039.04
2026-05-09,Nordfit Equipment,Google Ads,es-shopping-generic-q2,115.11,14948,827,22,1418.52
2026-05-10,Nordfit Equipment,Google Ads,es-search-brand-q2,127.78,9605,509,18,1434.65
2026-05-10,Nordfit Equipment,Google Ads,es-shopping-generic-q2,170.37,12609,692,24,1491.82
2026-05-10,Nordfit Equipment,Google Ads,es-search-brand-q2,127.78,9605,509,18,1434.65
2026-05-10,Nordfit Equipment,Google Ads,es-shopping-generic-q2,170.37,12609,692,24,1491.82
2026-05-11,Nordfit Equipment,Google Ads,es-search-brand-q2,118.61,13290,403,16,925.68
2026-05-11,Nordfit Equipment,Google Ads,es-shopping-generic-q2,158.14,17940,562,31,2447.92
2026-05-11,Nordfit Equipment,Google Ads,es-search-brand-q2,118.61,13290,403,16,925.68
2026-05-11,Nordfit Equipment,Google Ads,es-shopping-generic-q2,158.14,17940,562,31,2447.92
2026-05-12,Nordfit Equipment,Google Ads,es-search-brand-q2,108.41,7859,242,8,676.8
2026-05-12,Nordfit Equipment,Google Ads,es-shopping-generic-q2,144.54,10773,351,7,509.08
2026-05-12,Nordfit Equipment,Google Ads,es-search-brand-q2,108.41,7859,242,8,676.8
2026-05-12,Nordfit Equipment,Google Ads,es-shopping-generic-q2,144.54,10773,351,7,509.08
2026-05-13,Nordfit Equipment,Google Ads,es-search-brand-q2,110.37,9783,477,20,1693.1
2026-05-13,Nordfit Equipment,Google Ads,es-shopping-generic-q2,147.16,12749,643,23,875.31
2026-05-13,Nordfit Equipment,Google Ads,es-search-brand-q2,110.37,9783,477,20,1693.1
2026-05-13,Nordfit Equipment,Google Ads,es-shopping-generic-q2,147.16,12749,643,23,875.31
2026-05-14,Nordfit Equipment,Google Ads,es-search-brand-q2,89.9,6803,264,14,854.83
2026-05-14,Nordfit Equipment,Google Ads,es-shopping-generic-q2,119.87,9121,455,24,1523.9
2026-05-14,Nordfit Equipment,Google Ads,es-search-brand-q2,89.9,6803,264,14,854.83
2026-05-14,Nordfit Equipment,Google Ads,es-shopping-generic-q2,119.87,9121,455,24,1523.9
2026-05-15,Nordfit Equipment,Google Ads,es-search-brand-q2,94.58,12983,767,25,2313.59
2026-05-15,Nordfit Equipment,Google Ads,es-shopping-generic-q2,126.11,17235,1053,44,3640.0
2026-05-15,Nordfit Equipment,Google Ads,es-search-brand-q2,94.58,12983,767,25,2313.59
2026-05-15,Nordfit Equipment,Google Ads,es-shopping-generic-q2,126.11,17235,1053,44,3640.0
2026-05-16,Nordfit Equipment,Google Ads,es-search-brand-q2,132.46,10821,404,18,1552.29
2026-05-16,Nordfit Equipment,Google Ads,es-shopping-generic-q2,176.61,14152,563,19,1280.24
2026-05-16,Nordfit Equipment,Google Ads,es-search-brand-q2,132.46,10821,404,18,1552.29
2026-05-16,Nordfit Equipment,Google Ads,es-shopping-generic-q2,176.61,14152,563,19,1280.24
2026-05-17,Nordfit Equipment,Google Ads,es-search-brand-q2,92.83,7398,398,9,589.73
2026-05-17,Nordfit Equipment,Google Ads,es-shopping-generic-q2,123.77,9670,527,13,911.35
2026-05-17,Nordfit Equipment,Google Ads,es-search-brand-q2,92.83,7398,398,9,589.73
2026-05-17,Nordfit Equipment,Google Ads,es-shopping-generic-q2,123.77,9670,527,13,911.35
2026-05-18,Nordfit Equipment,Google Ads,es-search-brand-q2,102.25,10932,318,10,582.21
2026-05-18,Nordfit Equipment,Google Ads,es-shopping-generic-q2,136.33,14792,455,8,713.48
2026-05-18,Nordfit Equipment,Google Ads,es-search-brand-q2,102.25,10932,318,10,582.21
2026-05-18,Nordfit Equipment,Google Ads,es-shopping-generic-q2,136.33,14792,455,8,713.48
2026-05-19,Nordfit Equipment,Google Ads,es-search-brand-q2,101.53,10015,427,14,1410.03
2026-05-19,Nordfit Equipment,Google Ads,es-shopping-generic-q2,135.37,13181,532,15,1335.16
2026-05-20,Nordfit Equipment,Google Ads,es-search-brand-q2,66.7,8807,413,7,349.03
2026-05-20,Nordfit Equipment,Google Ads,es-shopping-generic-q2,88.93,11689,583,14,763.4
2026-05-21,Nordfit Equipment,Google Ads,es-search-brand-q2,107.39,9088,314,10,900.5
2026-05-21,Nordfit Equipment,Google Ads,es-shopping-generic-q2,143.19,11907,420,26,1437.9
2026-05-22,Nordfit Equipment,Google Ads,es-search-brand-q2,93.82,6729,277,10,832.5
2026-05-22,Nordfit Equipment,Google Ads,es-shopping-generic-q2,125.09,9195,382,7,654.28
2026-05-23,Nordfit Equipment,Google Ads,es-search-brand-q2,76.26,8770,286,20,1134.29
2026-05-23,Nordfit Equipment,Google Ads,es-shopping-generic-q2,101.68,11652,369,14,1070.68
2026-05-24,Nordfit Equipment,Google Ads,es-search-brand-q2,109.88,13169,482,15,1044.59
2026-05-24,Nordfit Equipment,Google Ads,es-shopping-generic-q2,146.51,17373,605,14,1079.6
2026-05-25,Nordfit Equipment,Google Ads,es-search-brand-q2,126.48,13490,562,25,2089.2
2026-05-25,Nordfit Equipment,Google Ads,es-shopping-generic-q2,168.64,18168,724,34,3425.91
2026-05-26,Nordfit Equipment,Google Ads,es-search-brand-q2,106.35,11047,376,18,987.01
2026-05-26,Nordfit Equipment,Google Ads,es-shopping-generic-q2,141.79,14646,539,20,1929.69
2026-05-27,Nordfit Equipment,Google Ads,es-search-brand-q2,102.14,8905,268,12,969.89
2026-05-27,Nordfit Equipment,Google Ads,es-shopping-generic-q2,136.18,12003,397,12,771.22
2026-05-28,Nordfit Equipment,Google Ads,es-search-brand-q2,87.48,7992,470,12,979.62
2026-05-28,Nordfit Equipment,Google Ads,es-shopping-generic-q2,116.64,10729,604,18,1304.41
2026-05-29,Nordfit Equipment,Google Ads,es-search-brand-q2,100.87,13436,777,20,1571.89
2026-05-29,Nordfit Equipment,Google Ads,es-shopping-generic-q2,134.5,17870,1026,20,1566.88
2026-05-30,Nordfit Equipment,Google Ads,es-search-brand-q2,93.35,10254,360,21,2301.31
2026-05-30,Nordfit Equipment,Google Ads,es-shopping-generic-q2,124.46,13344,490,30,3455.02
2026-05-31,Nordfit Equipment,Google Ads,es-search-brand-q2,99.9,8638,423,4,356.42
2026-05-31,Nordfit Equipment,Google Ads,es-shopping-generic-q2,133.2,11536,512,16,1223.29
2026-06-01,Nordfit Equipment,Google Ads,es-search-brand-q2,93.89,8498,477,15,1763.61
2026-06-01,Nordfit Equipment,Google Ads,es-shopping-generic-q2,125.19,11498,613,16,1314.88
2026-06-02,Nordfit Equipment,Google Ads,es-search-brand-q2,104.17,8262,249,2,176.55
2026-06-02,Nordfit Equipment,Google Ads,es-shopping-generic-q2,138.89,11035,349,12,812.47
2026-06-03,Nordfit Equipment,Google Ads,es-search-brand-q2,78.64,8255,407,5,410.84
2026-06-03,Nordfit Equipment,Google Ads,es-shopping-generic-q2,104.86,11115,602,14,1437.59
2026-06-04,Nordfit Equipment,Google Ads,es-search-brand-q2,79.36,5855,278,7,420.87
2026-06-04,Nordfit Equipment,Google Ads,es-shopping-generic-q2,105.82,7666,374,17,740.13
2026-06-05,Nordfit Equipment,Google Ads,es-search-brand-q2,97.05,9262,301,11,536.01
2026-06-05,Nordfit Equipment,Google Ads,es-shopping-generic-q2,129.4,12264,445,21,2973.37
2026-06-06,Nordfit Equipment,Google Ads,es-search-brand-q2,87.3,6320,245,12,742.29
2026-06-06,Nordfit Equipment,Google Ads,es-shopping-generic-q2,116.41,8388,291,20,1928.4
2026-06-07,Nordfit Equipment,Google Ads,es-search-brand-q2,101.13,7769,433,10,667.79
2026-06-07,Nordfit Equipment,Google Ads,es-shopping-generic-q2,134.84,10377,607,13,1015.15
2026-06-08,Nordfit Equipment,Google Ads,es-search-brand-q2,104.35,12292,729,22,1337.97
2026-06-08,Nordfit Equipment,Google Ads,es-shopping-generic-q2,139.13,16442,1031,22,
2026-06-09,Nordfit Equipment,Google Ads,es-search-brand-q2,79.85,6655,296,15,
2026-06-09,Nordfit Equipment,Google Ads,es-shopping-generic-q2,106.46,8929,428,16,854.57
2026-06-10,Nordfit Equipment,Google Ads,es-search-brand-q2,79.55,6772,219,17,1383.38
2026-06-10,Nordfit Equipment,Google Ads,es-shopping-generic-q2,106.06,8883,272,13,882.36
2026-06-11,Nordfit Equipment,Google Ads,es-search-brand-q2,100.32,9975,532,17,1644.22
2026-06-11,Nordfit Equipment,Google Ads,es-shopping-generic-q2,133.75,13212,725,18,1208.57
2026-06-12,Nordfit Equipment,Google Ads,es-search-brand-q2,94.57,12654,673,26,935.24
2026-06-12,Nordfit Equipment,Google Ads,es-shopping-generic-q2,126.09,16916,917,39,2445.21
2026-06-13,Nordfit Equipment,Google Ads,es-search-brand-q2,115.73,11476,399,7,
2026-06-13,Nordfit Equipment,Google Ads,es-shopping-generic-q2,154.31,15286,531,10,575.62
2026-06-14,Nordfit Equipment,Google Ads,es-search-brand-q2,104.34,12630,539,19,1541.84
2026-06-14,Nordfit Equipment,Google Ads,es-shopping-generic-q2,139.11,17102,747,23,1361.96
2026-06-15,Nordfit Equipment,Google Ads,es-search-brand-q2,117.33,8513,274,12,866.44
2026-06-15,Nordfit Equipment,Google Ads,es-shopping-generic-q2,156.43,11369,355,8,462.37
2026-06-16,Nordfit Equipment,Google Ads,es-search-brand-q2,91.4,7442,386,15,1442.42
2026-06-16,Nordfit Equipment,Google Ads,es-shopping-generic-q2,121.87,9853,525,17,891.75
2026-06-17,Nordfit Equipment,Google Ads,es-search-brand-q2,107.75,10620,372,14,1195.97
2026-06-17,Nordfit Equipment,Google Ads,es-shopping-generic-q2,143.67,14076,462,13,804.99
2026-06-18,Nordfit Equipment,Google Ads,es-search-brand-q2,79.71,6357,252,9,620.44
2026-06-18,Nordfit Equipment,Google Ads,es-shopping-generic-q2,106.27,8369,290,13,883.4
2026-06-19,Nordfit Equipment,Google Ads,es-search-brand-q2,73.55,5429,187,5,335.96
2026-06-19,Nordfit Equipment,Google Ads,es-shopping-generic-q2,98.07,7417,271,12,1210.15
2026-06-20,Nordfit Equipment,Google Ads,es-search-brand-q2,94.63,10671,651,26,2152.21
2026-06-20,Nordfit Equipment,Google Ads,es-shopping-generic-q2,126.18,14456,885,34,1673.81
2026-06-21,Nordfit Equipment,Google Ads,es-search-brand-q2,95.87,7519,260,8,622.13
2026-06-21,Nordfit Equipment,Google Ads,es-shopping-generic-q2,127.82,9986,339,7,643.96
2026-06-22,Nordfit Equipment,Google Ads,es-search-brand-q2,87.08,9392,354,9,543.03
2026-06-22,Nordfit Equipment,Google Ads,es-shopping-generic-q2,116.11,12566,505,20,1645.16
2026-06-23,Nordfit Equipment,Google Ads,es-search-brand-q2,93.58,12274,399,22,1644.33
2026-06-23,Nordfit Equipment,Google Ads,es-shopping-generic-q2,124.78,16012,596,20,1922.12
2026-06-24,Nordfit Equipment,Google Ads,es-search-brand-q2,89.67,10758,542,23,2065.76
2026-06-24,Nordfit Equipment,Google Ads,es-shopping-generic-q2,119.56,14563,684,39,2491.2
2026-06-25,Nordfit Equipment,Google Ads,es-search-brand-q2,96.11,7743,430,10,785.65
2026-06-25,Nordfit Equipment,Google Ads,es-shopping-generic-q2,128.14,10168,576,13,858.07
2026-06-26,Nordfit Equipment,Google Ads,es-search-brand-q2,93.52,6956,343,22,1801.81
2026-06-26,Nordfit Equipment,Google Ads,es-shopping-generic-q2,124.69,9403,413,13,918.56
2026-06-27,Nordfit Equipment,Google Ads,es-search-brand-q2,99.56,8709,324,14,
2026-06-27,Nordfit Equipment,Google Ads,es-shopping-generic-q2,132.75,11403,417,22,1278.38
2026-06-28,Nordfit Equipment,Google Ads,es-search-brand-q2,103.2,13766,430,18,946.56
2026-06-28,Nordfit Equipment,Google Ads,es-shopping-generic-q2,137.6,18165,572,19,1020.57
2026-06-29,Nordfit Equipment,Google Ads,es-search-brand-q2,123.37,10815,427,6,481.63
2026-06-29,Nordfit Equipment,Google Ads,es-shopping-generic-q2,164.49,14585,513,6,358.29
2026-06-30,Nordfit Equipment,Google Ads,es-search-brand-q2,103.96,12910,668,10,644.65
2026-06-30,Nordfit Equipment,Google Ads,es-shopping-generic-q2,138.61,17235,962,17,864.51
2026-07-01,Nordfit Equipment,Google Ads,es-search-brand-q3,90.25,9735,429,25,1188.85
2026-07-01,Nordfit Equipment,Google Ads,es-shopping-generic-q3,120.34,12925,597,21,1064.8
2026-07-02,Nordfit Equipment,Google Ads,es-search-brand-q3,86.93,10388,447,14,1059.98
2026-07-02,Nordfit Equipment,Google Ads,es-shopping-generic-q3,115.91,14151,609,26,2242.32
2026-07-03,Nordfit Equipment,Google Ads,es-search-brand-q3,123.45,10370,550,26,2128.59
2026-07-03,Nordfit Equipment,Google Ads,es-shopping-generic-q3,164.59,14182,758,36,2597.72
2026-07-04,Nordfit Equipment,Google Ads,es-search-brand-q3,90.28,10450,573,21,1407.64
2026-07-04,Nordfit Equipment,Google Ads,es-shopping-generic-q3,120.38,13660,718,16,863.17
2026-07-05,Nordfit Equipment,Google Ads,es-search-brand-q3,95.47,8519,407,13,1359.56
2026-07-05,Nordfit Equipment,Google Ads,es-shopping-generic-q3,127.29,11300,519,16,921.35
2026-07-06,Nordfit Equipment,Google Ads,es-search-brand-q3,96.23,13596,450,4,328.95
2026-07-06,Nordfit Equipment,Google Ads,es-shopping-generic-q3,128.31,18120,556,8,444.87
2026-07-07,Nordfit Equipment,Google Ads,es-search-brand-q3,104.68,8221,495,17,
2026-07-07,Nordfit Equipment,Google Ads,es-shopping-generic-q3,139.58,11038,537,20,1453.86
2026-07-08,Nordfit Equipment,Google Ads,es-search-brand-q3,83.78,9276,484,7,613.2
2026-07-08,Nordfit Equipment,Google Ads,es-shopping-generic-q3,111.71,12336,642,15,1209.04
2026-07-09,Nordfit Equipment,Google Ads,es-search-brand-q3,81.65,6531,298,9,558.18
2026-07-09,Nordfit Equipment,Google Ads,es-shopping-generic-q3,108.87,8626,496,25,1129.7
2026-07-10,Nordfit Equipment,Google Ads,es-search-brand-q3,76.61,5747,219,15,898.92
2026-07-10,Nordfit Equipment,Google Ads,es-shopping-generic-q3,102.15,7460,286,14,865.36
2026-07-11,Nordfit Equipment,Google Ads,es-search-brand-q3,88.52,7040,314,11,680.19
2026-07-11,Nordfit Equipment,Google Ads,es-shopping-generic-q3,118.03,9249,376,16,1603.99
2026-07-12,Nordfit Equipment,Google Ads,es-search-brand-q3,107.53,12312,654,30,1877.47
2026-07-12,Nordfit Equipment,Google Ads,es-shopping-generic-q3,143.37,16346,858,45,3570.05
2026-07-13,Nordfit Equipment,Google Ads,es-search-brand-q3,92.28,9239,292,10,606.11
2026-07-13,Nordfit Equipment,Google Ads,es-shopping-generic-q3,123.05,12598,411,16,1298.4
2026-07-14,Nordfit Equipment,Google Ads,es-search-brand-q3,94.46,12852,501,8,549.57
2026-07-14,Nordfit Equipment,Google Ads,es-shopping-generic-q3,125.95,16969,682,12,1135.32
2026-07-15,Nordfit Equipment,Google Ads,es-search-brand-q3,68.29,4960,165,2,159.77
2026-07-15,Nordfit Equipment,Google Ads,es-shopping-generic-q3,91.06,6668,214,7,413.9
2026-07-16,Nordfit Equipment,Google Ads,es-search-brand-q3,102.27,9544,373,11,812.2
2026-07-16,Nordfit Equipment,Google Ads,es-shopping-generic-q3,136.37,12561,512,10,491.05
2026-07-17,Nordfit Equipment,Google Ads,es-search-brand-q3,94.4,8723,474,20,1120.46
2026-07-17,Nordfit Equipment,Google Ads,es-shopping-generic-q3,125.87,11488,706,30,1894.47
2026-07-18,Nordfit Equipment,Google Ads,es-search-brand-q3,92.38,7748,402,24,1562.39
2026-07-18,Nordfit Equipment,Google Ads,es-shopping-generic-q3,123.18,10237,542,17,1466.26
2026-07-19,Nordfit Equipment,Google Ads,es-search-brand-q3,91.57,7944,228,6,323.79
2026-07-19,Nordfit Equipment,Google Ads,es-shopping-generic-q3,122.09,10540,345,10,791.93
2026-07-20,Nordfit Equipment,Google Ads,es-search-brand-q3,86.74,9595,522,20,1044.18
2026-07-20,Nordfit Equipment,Google Ads,es-shopping-generic-q3,115.65,12624,695,32,1991.0
2026-07-21,Nordfit Equipment,Google Ads,es-search-brand-q3,130.36,10126,334,11,1003.0
2026-07-21,Nordfit Equipment,Google Ads,es-shopping-generic-q3,173.82,13838,452,14,1026.04
2026-07-22,Nordfit Equipment,Google Ads,es-search-brand-q3,97.15,7743,312,8,504.13
2026-07-22,Nordfit Equipment,Google Ads,es-shopping-generic-q3,129.53,10066,369,17,896.94
2026-07-23,Nordfit Equipment,Google Ads,es-search-brand-q3,111.03,15836,915,32,2821.29
2026-07-23,Nordfit Equipment,Google Ads,es-shopping-generic-q3,148.04,20958,1193,44,3392.37
2026-07-24,Nordfit Equipment,Google Ads,es-search-brand-q3,84.24,9879,379,11,298.37
2026-07-24,Nordfit Equipment,Google Ads,es-shopping-generic-q3,112.31,13401,562,12,786.06
2026-07-25,Nordfit Equipment,Google Ads,es-search-brand-q3,86.29,7637,267,8,384.92
2026-07-25,Nordfit Equipment,Google Ads,es-shopping-generic-q3,115.06,10100,351,11,839.68
2026-07-26,Nordfit Equipment,Google Ads,es-search-brand-q3,135.55,12187,723,15,886.35
2026-07-26,Nordfit Equipment,Google Ads,es-shopping-generic-q3,180.73,16315,963,21,1364.34
2026-07-27,Nordfit Equipment,Google Ads,es-search-brand-q3,101.99,8765,389,11,623.65
2026-07-27,Nordfit Equipment,Google Ads,es-shopping-generic-q3,135.99,11640,542,13,1170.25
2026-07-28,Nordfit Equipment,Google Ads,es-search-brand-q3,109.05,9664,500,11,638.99
2026-07-28,Nordfit Equipment,Google Ads,es-shopping-generic-q3,145.4,12857,656,31,1808.59
2026-07-29,Nordfit Equipment,Google Ads,es-search-brand-q3,84.66,8745,324,10,
2026-07-29,Nordfit Equipment,Google Ads,es-shopping-generic-q3,112.88,12095,436,11,683.78
2026-07-30,Nordfit Equipment,Google Ads,es-search-brand-q3,83.26,7798,489,20,1372.71
2026-07-30,Nordfit Equipment,Google Ads,es-shopping-generic-q3,111.01,10680,609,24,1911.37
2026-07-31,Nordfit Equipment,Google Ads,es-search-brand-q3,126.21,12088,696,16,988.49
2026-07-31,Nordfit Equipment,Google Ads,es-shopping-generic-q3,168.28,15814,959,21,1868.93
2025-02-01,Solmar Hotels,Google Ads,ES_Search_Brand_2025Q1,87.01,8493,462,17,5368.71
2025-02-01,Solmar Hotels,Google Ads,ES_Search_Generic_2025Q1,111.87,11151,640,27,5523.67
2025-02-02,Solmar Hotels,Google Ads,ES_Search_Brand_2025Q1,94.83,8382,468,11,3185.24
2025-02-02,Solmar Hotels,Google Ads,ES_Search_Generic_2025Q1,121.93,10622,582,13,2739.67
2025-02-03,Solmar Hotels,Google Ads,ES_Search_Brand_2025Q1,73.46,6331,282,14,3849.27
2025-02-03,Solmar Hotels,Google Ads,ES_Search_Generic_2025Q1,94.44,7994,348,12,4533.84
2025-02-04,Solmar Hotels,Google Ads,ES_Search_Brand_2025Q1,73.0,7122,352,8,1852.95
2025-02-04,Solmar Hotels,Google Ads,ES_Search_Generic_2025Q1,93.86,9029,437,12,3532.91
2025-02-05,Solmar Hotels,Google Ads,ES_Search_Brand_2025Q1,84.92,7341,345,8,1890.67
2025-02-05,Solmar Hotels,Google Ads,ES_Search_Generic_2025Q1,109.18,9450,430,14,4069.89
2025-02-06,Solmar Hotels,Google Ads,ES_Search_Brand_2025Q1,91.85,9462,340,18,3731.94
2025-02-06,Solmar Hotels,Google Ads,ES_Search_Generic_2025Q1,118.09,12311,496,14,3344.19
2025-02-07,Solmar Hotels,Google Ads,ES_Search_Brand_2025Q1,94.29,11092,434,17,4163.27
2025-02-07,Solmar Hotels,Google Ads,ES_Search_Generic_2025Q1,121.23,14204,536,18,5116.73
2025-02-08,Solmar Hotels,Google Ads,ES_Search_Brand_2025Q1,103.53,9338,357,24,4840.83
2025-02-08,Solmar Hotels,Google Ads,ES_Search_Generic_2025Q1,133.11,12073,433,28,5684.52
2025-02-09,Solmar Hotels,Google Ads,ES_Search_Brand_2025Q1,60.37,6793,260,6,1381.42
2025-02-09,Solmar Hotels,Google Ads,ES_Search_Generic_2025Q1,77.62,8691,320,9,1838.36
2025-02-10,Solmar Hotels,Google Ads,ES_Search_Brand_2025Q1,74.56,7722,419,16,3531.84
2025-02-10,Solmar Hotels,Google Ads,ES_Search_Generic_2025Q1,95.86,9878,525,29,11189.71
2025-02-11,Solmar Hotels,Google Ads,ES_Search_Brand_2025Q1,85.15,6491,310,11,2994.06
2025-02-11,Solmar Hotels,Google Ads,ES_Search_Generic_2025Q1,109.47,8439,360,7,1653.74
2025-02-12,Solmar Hotels,Google Ads,ES_Search_Brand_2025Q1,103.5,7888,276,5,1527.07
2025-02-12,Solmar Hotels,Google Ads,ES_Search_Generic_2025Q1,133.07,10005,340,12,2239.46
2025-02-13,Solmar Hotels,Google Ads,ES_Search_Brand_2025Q1,83.51,10555,609,17,3714.17
2025-02-13,Solmar Hotels,Google Ads,ES_Search_Generic_2025Q1,107.37,13694,779,34,14132.8
2025-02-14,Solmar Hotels,Google Ads,ES_Search_Brand_2025Q1,73.14,5873,253,12,2733.2
2025-02-14,Solmar Hotels,Google Ads,ES_Search_Generic_2025Q1,94.04,7414,330,14,6198.43
2025-02-15,Solmar Hotels,Google Ads,ES_Search_Brand_2025Q1,68.53,5464,277,5,1222.68
2025-02-15,Solmar Hotels,Google Ads,ES_Search_Generic_2025Q1,88.11,7356,410,6,1469.82
2025-02-16,Solmar Hotels,Google Ads,ES_Search_Brand_2025Q1,79.87,9766,307,15,3256.29
2025-02-16,Solmar Hotels,Google Ads,ES_Search_Generic_2025Q1,102.69,12213,389,15,4294.94
2025-02-17,Solmar Hotels,Google Ads,ES_Search_Brand_2025Q1,74.14,7807,390,12,3495.37
2025-02-17,Solmar Hotels,Google Ads,ES_Search_Generic_2025Q1,95.32,10000,445,10,2701.08
2025-02-18,Solmar Hotels,Google Ads,ES_Search_Brand_2025Q1,103.66,10053,428,14,2480.64
2025-02-18,Solmar Hotels,Google Ads,ES_Search_Generic_2025Q1,133.28,12972,532,18,6477.34
2025-02-19,Solmar Hotels,Google Ads,ES_Search_Brand_2025Q1,90.72,8861,377,16,3098.57
2025-02-19,Solmar Hotels,Google Ads,ES_Search_Generic_2025Q1,116.64,11313,432,11,4508.58
2025-02-20,Solmar Hotels,Google Ads,ES_Search_Brand_2025Q1,92.76,6924,259,14,3092.27
2025-02-20,Solmar Hotels,Google Ads,ES_Search_Generic_2025Q1,119.26,8818,306,18,5190.19
2025-02-21,Solmar Hotels,Google Ads,ES_Search_Brand_2025Q1,105.94,9327,564,16,5098.55
2025-02-21,Solmar Hotels,Google Ads,ES_Search_Generic_2025Q1,136.2,12111,671,14,3508.19
2025-02-22,Solmar Hotels,Google Ads,ES_Search_Brand_2025Q1,81.25,10079,578,22,7064.38
2025-02-22,Solmar Hotels,Google Ads,ES_Search_Generic_2025Q1,104.46,12961,715,25,3938.98
2025-02-23,Solmar Hotels,Google Ads,ES_Search_Brand_2025Q1,105.75,9060,283,8,2371.24
2025-02-23,Solmar Hotels,Google Ads,ES_Search_Generic_2025Q1,135.96,11613,337,7,1884.0
2025-02-24,Solmar Hotels,Google Ads,ES_Search_Brand_2025Q1,93.17,6914,197,6,1459.69
2025-02-24,Solmar Hotels,Google Ads,ES_Search_Generic_2025Q1,119.79,9050,264,3,940.73
2025-02-25,Solmar Hotels,Google Ads,ES_Search_Brand_2025Q1,79.66,6213,305,16,4256.92
2025-02-25,Solmar Hotels,Google Ads,ES_Search_Generic_2025Q1,102.41,8364,402,16,5085.59
2025-02-26,Solmar Hotels,Google Ads,ES_Search_Brand_2025Q1,107.62,9600,301,19,4194.59
2025-02-26,Solmar Hotels,Google Ads,ES_Search_Generic_2025Q1,138.36,12363,418,23,5488.88
2025-02-27,Solmar Hotels,Google Ads,ES_Search_Brand_2025Q1,66.62,5510,276,9,2380.94
2025-02-27,Solmar Hotels,Google Ads,ES_Search_Generic_2025Q1,85.65,7142,354,18,5062.07
2025-02-28,Solmar Hotels,Google Ads,ES_Search_Brand_2025Q1,73.37,8601,419,14,3390.21
2025-02-28,Solmar Hotels,Google Ads,ES_Search_Generic_2025Q1,94.33,11114,517,14,3645.77
2025-03-01,Solmar Hotels,Google Ads,ES_Search_Brand_2025Q1,122.75,11779,610,26,5463.77
2025-03-01,Solmar Hotels,Google Ads,ES_Search_Generic_2025Q1,157.82,14902,735,33,9611.16
2025-03-02,Solmar Hotels,Google Ads,ES_Search_Brand_2025Q1,79.38,8730,472,10,1785.83
2025-03-02,Solmar Hotels,Google Ads,ES_Search_Generic_2025Q1,102.06,11056,566,13,3137.87
2025-03-03,Solmar Hotels,Google Ads,ES_Search_Brand_2025Q1,84.39,11807,427,25,6196.39
2025-03-03,Solmar Hotels,Google Ads,ES_Search_Generic_2025Q1,108.5,15318,525,18,6920.43
2025-03-04,Solmar Hotels,Google Ads,ES_Search_Brand_2025Q1,78.75,9447,545,11,2349.45
2025-03-04,Solmar Hotels,Google Ads,ES_Search_Generic_2025Q1,101.25,12162,708,17,4247.55
2025-03-05,Solmar Hotels,Google Ads,ES_Search_Brand_2025Q1,85.72,9070,411,13,2611.2
2025-03-05,Solmar Hotels,Google Ads,ES_Search_Generic_2025Q1,110.22,11472,558,16,4522.61
2025-03-06,Solmar Hotels,Google Ads,ES_Search_Brand_2025Q1,83.79,10151,441,9,1868.67
2025-03-06,Solmar Hotels,Google Ads,ES_Search_Generic_2025Q1,107.73,13114,544,17,4840.43
2025-03-07,Solmar Hotels,Google Ads,ES_Search_Brand_2025Q1,57.93,4124,224,11,4278.49
2025-03-07,Solmar Hotels,Google Ads,ES_Search_Generic_2025Q1,74.48,5471,305,8,1870.99
2025-03-08,Solmar Hotels,Google Ads,ES_Search_Brand_2025Q1,76.91,5515,229,14,4167.29
2025-03-08,Solmar Hotels,Google Ads,ES_Search_Generic_2025Q1,98.89,7203,333,12,3309.02
2025-03-09,Solmar Hotels,Google Ads,ES_Search_Brand_2025Q1,67.17,5480,297,16,4193.53
2025-03-09,Solmar Hotels,Google Ads,ES_Search_Generic_2025Q1,86.36,6959,376,21,7676.08
2025-03-10,Solmar Hotels,Google Ads,ES_Search_Brand_2025Q1,71.15,5442,230,14,2755.6
2025-03-10,Solmar Hotels,Google Ads,ES_Search_Generic_2025Q1,91.48,6913,294,14,
2025-03-11,Solmar Hotels,Google Ads,ES_Search_Brand_2025Q1,85.25,6328,293,7,1902.53
2025-03-11,Solmar Hotels,Google Ads,ES_Search_Generic_2025Q1,109.61,8134,384,13,2206.62
2025-03-12,Solmar Hotels,Google Ads,ES_Search_Brand_2025Q1,65.28,4903,231,8,2269.83
2025-03-12,Solmar Hotels,Google Ads,ES_Search_Generic_2025Q1,83.93,6386,295,15,4783.49
2025-03-13,Solmar Hotels,Google Ads,ES_Search_Brand_2025Q1,91.37,6668,325,10,2318.22
2025-03-13,Solmar Hotels,Google Ads,ES_Search_Generic_2025Q1,117.47,8636,457,28,5920.7
2025-03-14,Solmar Hotels,Google Ads,ES_Search_Brand_2025Q1,73.99,8486,270,8,2703.81
2025-03-14,Solmar Hotels,Google Ads,ES_Search_Generic_2025Q1,95.13,10967,352,11,2850.26
2025-03-15,Solmar Hotels,Google Ads,ES_Search_Brand_2025Q1,92.45,7087,209,10,2538.23
2025-03-15,Solmar Hotels,Google Ads,ES_Search_Generic_2025Q1,118.86,9066,273,7,1953.23
2025-03-16,Solmar Hotels,Google Ads,ES_Search_Brand_2025Q1,93.37,12588,517,11,3473.85
2025-03-16,Solmar Hotels,Google Ads,ES_Search_Generic_2025Q1,120.05,15964,732,28,5823.19
2025-03-17,Solmar Hotels,Google Ads,ES_Search_Brand_2025Q1,83.38,6287,271,9,2743.89
2025-03-17,Solmar Hotels,Google Ads,ES_Search_Generic_2025Q1,107.2,8041,332,17,6195.33
2025-03-18,Solmar Hotels,Google Ads,ES_Search_Brand_2025Q1,83.4,10283,545,15,3755.47
2025-03-18,Solmar Hotels,Google Ads,ES_Search_Generic_2025Q1,107.23,13132,654,20,5042.93
2025-03-19,Solmar Hotels,Google Ads,ES_Search_Brand_2025Q1,96.68,11250,626,20,6845.92
2025-03-19,Solmar Hotels,Google Ads,ES_Search_Generic_2025Q1,124.3,14394,765,21,4813.67
2025-03-20,Solmar Hotels,Google Ads,ES_Search_Brand_2025Q1,75.79,5651,232,11,2880.89
2025-03-20,Solmar Hotels,Google Ads,ES_Search_Generic_2025Q1,97.45,7337,282,15,3118.62
2025-03-21,Solmar Hotels,Google Ads,ES_Search_Brand_2025Q1,79.32,9472,506,11,3538.29
2025-03-21,Solmar Hotels,Google Ads,ES_Search_Generic_2025Q1,101.99,12068,677,11,2882.31
2025-03-22,Solmar Hotels,Google Ads,ES_Search_Brand_2025Q1,86.88,10924,391,18,4779.3
2025-03-22,Solmar Hotels,Google Ads,ES_Search_Generic_2025Q1,111.7,14029,478,19,4882.8
2025-03-23,Solmar Hotels,Google Ads,ES_Search_Brand_2025Q1,86.91,8379,495,23,5938.31
2025-03-23,Solmar Hotels,Google Ads,ES_Search_Generic_2025Q1,111.74,10585,616,18,3056.59
2025-03-24,Solmar Hotels,Google Ads,ES_Search_Brand_2025Q1,73.58,6722,240,5,885.55
2025-03-24,Solmar Hotels,Google Ads,ES_Search_Generic_2025Q1,94.61,8737,298,13,5657.32
2025-03-25,Solmar Hotels,Google Ads,ES_Search_Brand_2025Q1,80.63,10362,409,21,7292.35
2025-03-25,Solmar Hotels,Google Ads,ES_Search_Generic_2025Q1,103.67,13612,539,21,5042.85
2025-03-26,Solmar Hotels,Google Ads,ES_Search_Brand_2025Q1,73.26,5542,307,7,1822.74
2025-03-26,Solmar Hotels,Google Ads,ES_Search_Generic_2025Q1,94.2,7324,413,12,3946.8
2025-03-27,Solmar Hotels,Google Ads,ES_Search_Brand_2025Q1,95.06,7076,300,20,5722.35
2025-03-27,Solmar Hotels,Google Ads,ES_Search_Generic_2025Q1,122.22,9178,338,11,2393.59
2025-03-28,Solmar Hotels,Google Ads,ES_Search_Brand_2025Q1,102.58,8250,436,20,5153.91
2025-03-28,Solmar Hotels,Google Ads,ES_Search_Generic_2025Q1,131.89,10296,502,23,6323.05
2025-03-29,Solmar Hotels,Google Ads,ES_Search_Brand_2025Q1,91.67,9973,504,15,4130.29
2025-03-29,Solmar Hotels,Google Ads,ES_Search_Generic_2025Q1,117.86,12822,644,28,6749.55
2025-03-30,Solmar Hotels,Google Ads,ES_Search_Brand_2025Q1,77.78,8597,506,16,4298.24
2025-03-30,Solmar Hotels,Google Ads,ES_Search_Generic_2025Q1,100.0,10944,643,19,4943.7
2025-03-31,Solmar Hotels,Google Ads,ES_Search_Brand_2025Q1,88.05,7461,386,17,4478.03
2025-03-31,Solmar Hotels,Google Ads,ES_Search_Generic_2025Q1,113.21,9633,467,24,6913.23
2025-04-01,Solmar Hotels,Google Ads,ES_Search_Brand_2025Q2,63.89,5310,294,10,2294.28
2025-04-01,Solmar Hotels,Google Ads,ES_Search_Generic_2025Q2,82.15,7008,399,19,3891.0
2025-04-01,Solmar Hotels,Google Ads,ES_Search_SummerEscape_2025Q2,63.89,5374,335,10,2272.99
2025-04-02,Solmar Hotels,Google Ads,ES_Search_Brand_2025Q2,63.24,4958,303,10,2699.24
2025-04-02,Solmar Hotels,Google Ads,ES_Search_Generic_2025Q2,81.31,6252,388,13,3015.48
2025-04-02,Solmar Hotels,Google Ads,ES_Search_SummerEscape_2025Q2,63.24,4988,285,15,5597.15
2025-04-03,Solmar Hotels,Google Ads,ES_Search_Brand_2025Q2,57.68,4565,139,3,801.83
2025-04-03,Solmar Hotels,Google Ads,ES_Search_Generic_2025Q2,74.16,6008,211,6,1344.02
2025-04-03,Solmar Hotels,Google Ads,ES_Search_SummerEscape_2025Q2,57.68,4644,142,9,3191.98
2025-04-04,Solmar Hotels,Google Ads,ES_Search_Brand_2025Q2,69.2,6903,226,11,2672.2
2025-04-04,Solmar Hotels,Google Ads,ES_Search_Generic_2025Q2,88.97,8919,260,6,1425.28
2025-04-04,Solmar Hotels,Google Ads,ES_Search_SummerEscape_2025Q2,69.2,6946,221,8,1960.91
2025-04-05,Solmar Hotels,Google Ads,ES_Search_Brand_2025Q2,56.88,4834,271,9,3305.47
2025-04-05,Solmar Hotels,Google Ads,ES_Search_Generic_2025Q2,73.13,6299,331,8,2081.97
2025-04-05,Solmar Hotels,Google Ads,ES_Search_SummerEscape_2025Q2,56.88,4911,272,8,2471.67
2025-04-06,Solmar Hotels,Google Ads,ES_Search_Brand_2025Q2,62.85,7608,254,11,2940.19
2025-04-06,Solmar Hotels,Google Ads,ES_Search_Generic_2025Q2,80.81,9944,338,13,2318.79
2025-04-06,Solmar Hotels,Google Ads,ES_Search_SummerEscape_2025Q2,62.85,7650,278,6,1424.46
2025-04-07,Solmar Hotels,Google Ads,ES_Search_Brand_2025Q2,49.34,4797,194,5,1443.01
2025-04-07,Solmar Hotels,Google Ads,ES_Search_Generic_2025Q2,63.44,6055,206,0,0.0
2025-04-07,Solmar Hotels,Google Ads,ES_Search_SummerEscape_2025Q2,49.34,4681,157,8,3050.52
2025-04-08,Solmar Hotels,Google Ads,ES_Search_Brand_2025Q2,68.29,5057,149,2,373.6
2025-04-08,Solmar Hotels,Google Ads,ES_Search_Generic_2025Q2,87.8,6462,188,4,870.35
2025-04-08,Solmar Hotels,Google Ads,ES_Search_SummerEscape_2025Q2,68.29,4889,151,2,496.38
2025-04-09,Solmar Hotels,Google Ads,ES_Search_Brand_2025Q2,52.83,6891,235,13,2698.38
2025-04-09,Solmar Hotels,Google Ads,ES_Search_Generic_2025Q2,67.93,8797,255,8,1812.99
2025-04-09,Solmar Hotels,Google Ads,ES_Search_SummerEscape_2025Q2,52.83,6861,233,6,1570.4
2025-04-10,Solmar Hotels,Google Ads,ES_Search_Brand_2025Q2,64.17,7705,261,13,3049.08
2025-04-10,Solmar Hotels,Google Ads,ES_Search_Generic_2025Q2,82.5,10066,334,16,3408.55
2025-04-10,Solmar Hotels,Google Ads,ES_Search_SummerEscape_2025Q2,64.17,7723,259,11,4418.21
2025-04-11,Solmar Hotels,Google Ads,ES_Search_Brand_2025Q2,54.9,4563,179,8,2447.16
2025-04-11,Solmar Hotels,Google Ads,ES_Search_Generic_2025Q2,70.58,5889,274,1,223.8
2025-04-11,Solmar Hotels,Google Ads,ES_Search_SummerEscape_2025Q2,54.9,4587,173,7,1100.0
2025-04-12,Solmar Hotels,Google Ads,ES_Search_Brand_2025Q2,66.63,9599,538,12,2826.93
2025-04-12,Solmar Hotels,Google Ads,ES_Search_Generic_2025Q2,85.67,12171,665,21,5533.49
2025-04-12,Solmar Hotels,Google Ads,ES_Search_SummerEscape_2025Q2,66.63,9432,497,16,5661.79
2025-04-13,Solmar Hotels,Google Ads,ES_Search_Brand_2025Q2,39.07,4007,127,2,571.26
2025-04-13,Solmar Hotels,Google Ads,ES_Search_Generic_2025Q2,50.23,5055,160,6,1055.45
2025-04-13,Solmar Hotels,Google Ads,ES_Search_SummerEscape_2025Q2,39.07,3774,140,4,1251.98
2025-04-14,Solmar Hotels,Google Ads,ES_Search_Brand_2025Q2,44.83,5708,340,5,1139.61
2025-04-14,Solmar Hotels,Google Ads,ES_Search_Generic_2025Q2,57.64,7456,400,16,4543.38
2025-04-14,Solmar Hotels,Google Ads,ES_Search_SummerEscape_2025Q2,44.83,5923,342,11,2684.06
2025-04-15,Solmar Hotels,Google Ads,ES_Search_Brand_2025Q2,56.29,7477,416,12,3261.37
2025-04-15,Solmar Hotels,Google Ads,ES_Search_Generic_2025Q2,72.37,9873,608,17,4241.75
2025-04-15,Solmar Hotels,Google Ads,ES_Search_SummerEscape_2025Q2,56.29,7529,446,16,3308.71
2025-04-16,Solmar Hotels,Google Ads,ES_Search_Brand_2025Q2,54.01,4725,153,2,459.86
2025-04-16,Solmar Hotels,Google Ads,ES_Search_Generic_2025Q2,69.45,6077,213,6,1773.55
2025-04-16,Solmar Hotels,Google Ads,ES_Search_SummerEscape_2025Q2,54.01,4852,161,2,666.94
2025-04-17,Solmar Hotels,Google Ads,ES_Search_Brand_2025Q2,69.32,7098,388,13,4255.29
2025-04-17,Solmar Hotels,Google Ads,ES_Search_Generic_2025Q2,89.13,9302,536,14,2418.43
2025-04-17,Solmar Hotels,Google Ads,ES_Search_SummerEscape_2025Q2,69.32,7190,369,13,4473.12
2025-04-18,Solmar Hotels,Google Ads,ES_Search_Brand_2025Q2,54.42,7321,392,15,3362.46
2025-04-18,Solmar Hotels,Google Ads,ES_Search_Generic_2025Q2,69.97,9173,444,11,2779.49
2025-04-18,Solmar Hotels,Google Ads,ES_Search_SummerEscape_2025Q2,54.42,7391,348,11,2386.12
2025-04-19,Solmar Hotels,Google Ads,ES_Search_Brand_2025Q2,53.09,5374,278,6,2066.69
2025-04-19,Solmar Hotels,Google Ads,ES_Search_Generic_2025Q2,68.26,6873,399,10,1806.2
2025-04-19,Solmar Hotels,Google Ads,ES_Search_SummerEscape_2025Q2,53.09,5238,281,14,3952.98
2025-04-20,Solmar Hotels,Google Ads,ES_Search_Brand_2025Q2,68.07,8167,343,12,2386.69
2025-04-20,Solmar Hotels,Google Ads,ES_Search_Generic_2025Q2,87.52,10448,428,13,3670.94
2025-04-20,Solmar Hotels,Google Ads,ES_Search_SummerEscape_2025Q2,68.07,8267,322,9,2418.72
2025-04-21,Solmar Hotels,Google Ads,ES_Search_Brand_2025Q2,61.46,6039,202,7,1122.1
2025-04-21,Solmar Hotels,Google Ads,ES_Search_Generic_2025Q2,79.02,7972,315,9,2730.46
2025-04-21,Solmar Hotels,Google Ads,ES_Search_SummerEscape_2025Q2,61.46,6081,238,4,818.21
2025-04-22,Solmar Hotels,Google Ads,ES_Search_Brand_2025Q2,68.38,5390,333,16,3921.01
2025-04-22,Solmar Hotels,Google Ads,ES_Search_Generic_2025Q2,87.91,6759,414,15,3254.02
2025-04-22,Solmar Hotels,Google Ads,ES_Search_SummerEscape_2025Q2,68.38,5450,334,12,3783.75
2025-04-23,Solmar Hotels,Google Ads,ES_Search_Brand_2025Q2,69.33,7877,455,17,4602.75
2025-04-23,Solmar Hotels,Google Ads,ES_Search_Generic_2025Q2,89.14,10049,557,16,4146.57
2025-04-23,Solmar Hotels,Google Ads,ES_Search_SummerEscape_2025Q2,69.33,7929,432,19,5385.97
2025-04-24,Solmar Hotels,Google Ads,ES_Search_Brand_2025Q2,73.78,6914,388,6,1392.09
2025-04-24,Solmar Hotels,Google Ads,ES_Search_Generic_2025Q2,94.86,8917,494,19,5531.73
2025-04-24,Solmar Hotels,Google Ads,ES_Search_SummerEscape_2025Q2,73.78,6916,361,10,3451.07
2025-04-25,Solmar Hotels,Google Ads,ES_Search_Brand_2025Q2,75.03,8869,319,9,2386.43
2025-04-25,Solmar Hotels,Google Ads,ES_Search_Generic_2025Q2,96.47,11705,395,12,2579.99
2025-04-25,Solmar Hotels,Google Ads,ES_Search_SummerEscape_2025Q2,75.03,8822,309,15,5175.78
2025-04-26,Solmar Hotels,Google Ads,ES_Search_Brand_2025Q2,43.93,5070,155,10,2470.86
2025-04-26,Solmar Hotels,Google Ads,ES_Search_Generic_2025Q2,56.48,6632,204,6,1074.29
2025-04-26,Solmar Hotels,Google Ads,ES_Search_SummerEscape_2025Q2,43.93,5112,174,10,
2025-04-27,Solmar Hotels,Google Ads,ES_Search_Brand_2025Q2,76.05,6178,307,11,3852.29
2025-04-27,Solmar Hotels,Google Ads,ES_Search_Generic_2025Q2,97.78,7903,417,18,4576.65
2025-04-27,Solmar Hotels,Google Ads,ES_Search_SummerEscape_2025Q2,76.05,6210,309,12,2602.13
2025-04-28,Solmar Hotels,Google Ads,ES_Search_Brand_2025Q2,60.65,7100,351,7,1756.79
2025-04-28,Solmar Hotels,Google Ads,ES_Search_Generic_2025Q2,77.98,9335,456,21,4780.19
2025-04-28,Solmar Hotels,Google Ads,ES_Search_SummerEscape_2025Q2,60.65,7026,352,10,2735.79
2025-04-29,Solmar Hotels,Google Ads,ES_Search_Brand_2025Q2,53.8,4500,222,7,1746.91
2025-04-29,Solmar Hotels,Google Ads,ES_Search_Generic_2025Q2,69.17,5854,310,20,5367.21
2025-04-29,Solmar Hotels,Google Ads,ES_Search_SummerEscape_2025Q2,53.8,4611,227,6,1099.95
2025-04-30,Solmar Hotels,Google Ads,ES_Search_Brand_2025Q2,58.13,4242,154,4,725.22
2025-04-30,Solmar Hotels,Google Ads,ES_Search_Generic_2025Q2,74.73,5355,186,6,1604.04
2025-04-30,Solmar Hotels,Google Ads,ES_Search_SummerEscape_2025Q2,58.13,4098,145,4,856.89
2025-05-01,Solmar Hotels,Google Ads,ES_Search_Brand_2025Q2,59.36,4843,188,4,1217.04
2025-05-01,Solmar Hotels,Google Ads,ES_Search_Generic_2025Q2,76.32,6204,267,8,1712.52
2025-05-01,Solmar Hotels,Google Ads,ES_Search_SummerEscape_2025Q2,59.36,4841,197,2,641.85
2025-05-02,Solmar Hotels,Google Ads,ES_Search_Brand_2025Q2,56.88,4671,179,9,2520.3
2025-05-02,Solmar Hotels,Google Ads,ES_Search_Generic_2025Q2,73.14,5993,228,6,1597.67
2025-05-02,Solmar Hotels,Google Ads,ES_Search_SummerEscape_2025Q2,56.88,4659,180,13,2270.21
2025-05-03,Solmar Hotels,Google Ads,ES_Search_Brand_2025Q2,68.92,8073,252,5,1252.76
2025-05-03,Solmar Hotels,Google Ads,ES_Search_Generic_2025Q2,88.61,10612,369,8,1877.53
2025-05-03,Solmar Hotels,Google Ads,ES_Search_SummerEscape_2025Q2,68.92,8162,294,7,2314.1
2025-05-04,Solmar Hotels,Google Ads,ES_Search_Brand_2025Q2,49.62,5737,226,9,2836.19
2025-05-04,Solmar Hotels,Google Ads,ES_Search_Generic_2025Q2,63.79,7365,293,7,2687.31
2025-05-04,Solmar Hotels,Google Ads,ES_Search_SummerEscape_2025Q2,49.62,5863,225,6,1594.69
2025-05-05,Solmar Hotels,Google Ads,ES_Search_Brand_2025Q2,69.42,7001,346,10,
2025-05-05,Solmar Hotels,Google Ads,ES_Search_Generic_2025Q2,89.26,9130,467,11,3030.24
2025-05-05,Solmar Hotels,Google Ads,ES_Search_SummerEscape_2025Q2,69.42,6986,348,5,1687.59
2025-05-06,Solmar Hotels,Google Ads,ES_Search_Brand_2025Q2,72.01,6257,294,7,2156.46
2025-05-06,Solmar Hotels,Google Ads,ES_Search_Generic_2025Q2,92.59,8246,344,13,2507.5
2025-05-06,Solmar Hotels,Google Ads,ES_Search_SummerEscape_2025Q2,72.01,6592,284,8,1385.2
2025-05-07,Solmar Hotels,Google Ads,ES_Search_Brand_2025Q2,76.53,8070,418,11,3275.72
2025-05-07,Solmar Hotels,Google Ads,ES_Search_Generic_2025Q2,98.4,10243,552,6,1348.9
2025-05-07,Solmar Hotels,Google Ads,ES_Search_SummerEscape_2025Q2,76.53,8074,392,12,4078.21
2025-05-08,Solmar Hotels,Google Ads,ES_Search_Brand_2025Q2,76.02,10489,617,29,9743.1
2025-05-08,Solmar Hotels,Google Ads,ES_Search_Generic_2025Q2,97.74,13582,749,25,6411.07
2025-05-08,Solmar Hotels,Google Ads,ES_Search_SummerEscape_2025Q2,76.02,10742,621,36,13978.25
2025-05-09,Solmar Hotels,Google Ads,ES_Search_Brand_2025Q2,69.95,5529,209,9,1864.28
2025-05-09,Solmar Hotels,Google Ads,ES_Search_Generic_2025Q2,89.93,6785,245,8,1766.28
2025-05-09,Solmar Hotels,Google Ads,ES_Search_SummerEscape_2025Q2,69.95,5400,194,8,1796.53
2025-05-10,Solmar Hotels,Google Ads,ES_Search_Brand_2025Q2,72.98,7046,250,6,1903.74
2025-05-10,Solmar Hotels,Google Ads,ES_Search_Generic_2025Q2,93.83,9006,289,6,
2025-05-10,Solmar Hotels,Google Ads,ES_Search_SummerEscape_2025Q2,72.98,6879,233,5,1130.04
2025-05-11,Solmar Hotels,Google Ads,ES_Search_Brand_2025Q2,72.49,6769,341,9,2681.78
2025-05-11,Solmar Hotels,Google Ads,ES_Search_Generic_2025Q2,93.2,8775,411,13,5879.16
2025-05-11,Solmar Hotels,Google Ads,ES_Search_SummerEscape_2025Q2,72.49,6559,336,6,2065.47
2025-05-12,Solmar Hotels,Google Ads,ES_Search_Brand_2025Q2,72.12,7089,412,7,2708.49
2025-05-12,Solmar Hotels,Google Ads,ES_Search_Generic_2025Q2,92.73,9053,487,20,5219.12
2025-05-12,Solmar Hotels,Google Ads,ES_Search_SummerEscape_2025Q2,72.12,7095,406,16,
2025-05-13,Solmar Hotels,Google Ads,ES_Search_Brand_2025Q2,69.07,4925,166,3,982.36
2025-05-13,Solmar Hotels,Google Ads,ES_Search_Generic_2025Q2,88.81,6384,237,10,3066.76
2025-05-13,Solmar Hotels,Google Ads,ES_Search_SummerEscape_2025Q2,69.07,4929,188,5,1736.9
2025-05-14,Solmar Hotels,Google Ads,ES_Search_Brand_2025Q2,115.63,9646,317,14,3486.04
2025-05-14,Solmar Hotels,Google Ads,ES_Search_Generic_2025Q2,148.66,12191,450,13,2377.73
2025-05-14,Solmar Hotels,Google Ads,ES_Search_SummerEscape_2025Q2,115.63,9377,310,11,2835.46
2025-05-15,Solmar Hotels,Google Ads,ES_Search_Brand_2025Q2,77.11,8393,350,10,2729.96
2025-05-15,Solmar Hotels,Google Ads,ES_Search_Generic_2025Q2,99.14,10695,421,12,3878.85
2025-05-15,Solmar Hotels,Google Ads,ES_Search_SummerEscape_2025Q2,77.11,8394,371,5,1087.53
2025-05-16,Solmar Hotels,Google Ads,ES_Search_Brand_2025Q2,87.26,7144,385,9,2938.68
2025-05-16,Solmar Hotels,Google Ads,ES_Search_Generic_2025Q2,112.19,8986,474,15,4115.46
2025-05-16,Solmar Hotels,Google Ads,ES_Search_SummerEscape_2025Q2,87.26,7024,391,12,3098.22
2025-05-17,Solmar Hotels,Google Ads,ES_Search_Brand_2025Q2,81.33,8691,449,22,4684.54
2025-05-17,Solmar Hotels,Google Ads,ES_Search_Generic_2025Q2,104.56,10920,486,16,4062.4
2025-05-17,Solmar Hotels,Google Ads,ES_Search_SummerEscape_2025Q2,81.33,8765,415,8,1643.29
2025-05-18,Solmar Hotels,Google Ads,ES_Search_Brand_2025Q2,92.47,12427,560,16,4927.77
2025-05-18,Solmar Hotels,Google Ads,ES_Search_Generic_2025Q2,118.89,15890,674,18,6479.14
2025-05-18,Solmar Hotels,Google Ads,ES_Search_SummerEscape_2025Q2,92.47,12369,562,22,4755.85
2025-05-19,Solmar Hotels,Google Ads,ES_Search_Brand_2025Q2,74.54,7770,326,6,1813.82
2025-05-19,Solmar Hotels,Google Ads,ES_Search_Generic_2025Q2,95.84,10148,477,22,3701.89
2025-05-19,Solmar Hotels,Google Ads,ES_Search_SummerEscape_2025Q2,74.54,7977,351,12,3741.02
2025-05-20,Solmar Hotels,Google Ads,ES_Search_Brand_2025Q2,72.39,7471,299,8,1817.54
2025-05-20,Solmar Hotels,Google Ads,ES_Search_Generic_2025Q2,93.07,9795,364,12,2783.74
2025-05-20,Solmar Hotels,Google Ads,ES_Search_SummerEscape_2025Q2,72.39,7635,285,16,5745.61
2025-05-21,Solmar Hotels,Google Ads,ES_Search_Brand_2025Q2,110.69,10126,360,16,4250.4
2025-05-21,Solmar Hotels,Google Ads,ES_Search_Generic_2025Q2,142.32,13146,423,15,6735.84
2025-05-21,Solmar Hotels,Google Ads,ES_Search_SummerEscape_2025Q2,110.69,10167,341,16,3302.39
2025-05-22,Solmar Hotels,Google Ads,ES_Search_Brand_2025Q2,73.86,5635,303,3,525.19
2025-05-22,Solmar Hotels,Google Ads,ES_Search_Generic_2025Q2,94.96,6975,355,9,3030.11
2025-05-22,Solmar Hotels,Google Ads,ES_Search_SummerEscape_2025Q2,73.86,5550,295,11,1578.54
2025-05-23,Solmar Hotels,Google Ads,ES_Search_Brand_2025Q2,78.27,8018,277,13,3750.79
2025-05-23,Solmar Hotels,Google Ads,ES_Search_Generic_2025Q2,100.63,10188,355,19,3588.89
2025-05-23,Solmar Hotels,Google Ads,ES_Search_SummerEscape_2025Q2,78.27,7989,289,8,2741.77
2025-05-24,Solmar Hotels,Google Ads,ES_Search_Brand_2025Q2,93.59,9324,469,15,5268.01
2025-05-24,Solmar Hotels,Google Ads,ES_Search_Generic_2025Q2,120.33,11965,569,31,
2025-05-24,Solmar Hotels,Google Ads,ES_Search_SummerEscape_2025Q2,93.59,9476,495,27,11388.55
2025-05-25,Solmar Hotels,Google Ads,ES_Search_Brand_2025Q2,91.76,6410,203,8,3636.29
2025-05-25,Solmar Hotels,Google Ads,ES_Search_Generic_2025Q2,117.98,8479,298,11,1576.13
2025-05-25,Solmar Hotels,Google Ads,ES_Search_SummerEscape_2025Q2,91.76,6495,246,13,2697.56
2025-05-26,Solmar Hotels,Google Ads,ES_Search_Brand_2025Q2,74.03,9016,263,1,
2025-05-26,Solmar Hotels,Google Ads,ES_Search_Generic_2025Q2,95.19,11710,362,10,2575.9
2025-05-26,Solmar Hotels,Google Ads,ES_Search_SummerEscape_2025Q2,74.03,9331,276,5,1758.89
2025-05-27,Solmar Hotels,Google Ads,ES_Search_Brand_2025Q2,120.73,10265,604,20,4169.76
2025-05-27,Solmar Hotels,Google Ads,ES_Search_Generic_2025Q2,155.23,13401,766,19,4520.81
2025-05-27,Solmar Hotels,Google Ads,ES_Search_SummerEscape_2025Q2,120.73,10323,628,23,5584.5
2025-05-28,Solmar Hotels,Google Ads,ES_Search_Brand_2025Q2,109.64,10121,422,20,3184.98
2025-05-28,Solmar Hotels,Google Ads,ES_Search_Generic_2025Q2,140.96,12568,511,22,5121.73
2025-05-28,Solmar Hotels,Google Ads,ES_Search_SummerEscape_2025Q2,109.64,9847,398,18,5020.81
2025-05-29,Solmar Hotels,Google Ads,ES_Search_Brand_2025Q2,89.56,7741,354,15,3113.41
2025-05-29,Solmar Hotels,Google Ads,ES_Search_Generic_2025Q2,115.15,10151,479,16,4852.89
2025-05-29,Solmar Hotels,Google Ads,ES_Search_SummerEscape_2025Q2,89.56,7987,383,9,2399.8
2025-05-30,Solmar Hotels,Google Ads,ES_Search_Brand_2025Q2,120.4,12433,707,23,5628.07
2025-05-30,Solmar Hotels,Google Ads,ES_Search_Generic_2025Q2,154.8,16224,939,27,6795.97
2025-05-30,Solmar Hotels,Google Ads,ES_Search_SummerEscape_2025Q2,120.4,12679,769,32,15951.75
2025-05-31,Solmar Hotels,Google Ads,ES_Search_Brand_2025Q2,98.07,8264,440,20,5317.78
2025-05-31,Solmar Hotels,Google Ads,ES_Search_Generic_2025Q2,126.09,10692,629,24,4493.75
2025-05-31,Solmar Hotels,Google Ads,ES_Search_SummerEscape_2025Q2,98.07,8215,504,18,6513.81
2025-06-01,Solmar Hotels,Google Ads,ES_Search_Brand_2025Q2,117.08,10453,610,17,4121.11
2025-06-01,Solmar Hotels,Google Ads,ES_Search_Generic_2025Q2,150.54,13325,737,18,5785.11
2025-06-01,Solmar Hotels,Google Ads,ES_Search_SummerEscape_2025Q2,117.08,10238,605,22,4799.57
2025-06-02,Solmar Hotels,Google Ads,ES_Search_Brand_2025Q2,121.52,13464,609,13,3597.01
2025-06-02,Solmar Hotels,Google Ads,ES_Search_Generic_2025Q2,156.24,17236,808,32,9100.79
2025-06-02,Solmar Hotels,Google Ads,ES_Search_SummerEscape_2025Q2,121.52,13451,620,23,7312.91
2025-06-03,Solmar Hotels,Google Ads,ES_Search_Brand_2025Q2,112.78,10357,550,19,5658.96
2025-06-03,Solmar Hotels,Google Ads,ES_Search_Generic_2025Q2,145.0,13096,664,27,6130.45
2025-06-03,Solmar Hotels,Google Ads,ES_Search_SummerEscape_2025Q2,112.78,10330,579,23,4816.68
2025-06-04,Solmar Hotels,Google Ads,ES_Search_Brand_2025Q2,88.7,8983,519,16,3847.96
2025-06-04,Solmar Hotels,Google Ads,ES_Search_Generic_2025Q2,114.05,11616,706,36,11545.98
2025-06-04,Solmar Hotels,Google Ads,ES_Search_SummerEscape_2025Q2,88.7,9125,573,27,7835.32
2025-06-05,Solmar Hotels,Google Ads,ES_Search_Brand_2025Q2,88.14,9770,378,8,1634.64
2025-06-05,Solmar Hotels,Google Ads,ES_Search_Generic_2025Q2,113.32,12461,446,12,3396.63
2025-06-05,Solmar Hotels,Google Ads,ES_Search_SummerEscape_2025Q2,88.14,9895,361,10,2116.65
2025-06-06,Solmar Hotels,Google Ads,ES_Search_Brand_2025Q2,142.27,14473,687,13,2700.68
2025-06-06,Solmar Hotels,Google Ads,ES_Search_Generic_2025Q2,182.92,18873,858,19,6069.62
2025-06-06,Solmar Hotels,Google Ads,ES_Search_SummerEscape_2025Q2,142.27,14557,687,16,5249.38
2025-06-07,Solmar Hotels,Google Ads,ES_Search_Brand_2025Q2,107.55,8914,379,19,7127.18
2025-06-07,Solmar Hotels,Google Ads,ES_Search_Generic_2025Q2,138.28,11370,448,18,4686.23
2025-06-07,Solmar Hotels,Google Ads,ES_Search_SummerEscape_2025Q2,107.55,8699,338,19,4267.67
2025-06-08,Solmar Hotels,Google Ads,ES_Search_Brand_2025Q2,134.77,13861,761,34,9206.55
2025-06-08,Solmar Hotels,Google Ads,ES_Search_Generic_2025Q2,173.27,18001,960,34,8451.14
2025-06-08,Solmar Hotels,Google Ads,ES_Search_SummerEscape_2025Q2,134.77,13987,782,32,7774.26
2025-06-09,Solmar Hotels,Google Ads,ES_Search_Brand_2025Q2,125.68,13743,627,21,6200.4
2025-06-09,Solmar Hotels,Google Ads,ES_Search_Generic_2025Q2,161.58,17563,790,22,4813.57
2025-06-09,Solmar Hotels,Google Ads,ES_Search_SummerEscape_2025Q2,125.68,13715,672,17,2742.03
2025-06-10,Solmar Hotels,Google Ads,ES_Search_Brand_2025Q2,106.28,14201,824,36,11533.89
2025-06-10,Solmar Hotels,Google Ads,ES_Search_Generic_2025Q2,136.65,18349,1042,38,7429.52
2025-06-10,Solmar Hotels,Google Ads,ES_Search_SummerEscape_2025Q2,106.28,14099,809,37,10051.98
2025-06-11,Solmar Hotels,Google Ads,ES_Search_Brand_2025Q2,159.59,18754,932,32,6008.52
2025-06-11,Solmar Hotels,Google Ads,ES_Search_Generic_2025Q2,205.19,24274,1268,46,9715.16
2025-06-11,Solmar Hotels,Google Ads,ES_Search_SummerEscape_2025Q2,159.59,18633,888,39,12230.46
2025-06-12,Solmar Hotels,Google Ads,ES_Search_Brand_2025Q2,142.42,19824,975,30,9699.92
2025-06-12,Solmar Hotels,Google Ads,ES_Search_Generic_2025Q2,183.11,25554,1159,39,12464.9
2025-06-12,Solmar Hotels,Google Ads,ES_Search_SummerEscape_2025Q2,142.42,19771,942,29,6775.62
2025-06-13,Solmar Hotels,Google Ads,ES_Search_Brand_2025Q2,203.56,27781,1465,53,14109.32
2025-06-13,Solmar Hotels,Google Ads,ES_Search_Generic_2025Q2,261.72,35688,1892,61,13031.26
2025-06-13,Solmar Hotels,Google Ads,ES_Search_SummerEscape_2025Q2,203.56,27888,1498,56,13645.02
2025-06-14,Solmar Hotels,Google Ads,ES_Search_Brand_2025Q2,161.84,16377,777,39,9128.13
2025-06-14,Solmar Hotels,Google Ads,ES_Search_Generic_2025Q2,208.08,21088,993,43,13803.47
2025-06-14,Solmar Hotels,Google Ads,ES_Search_SummerEscape_2025Q2,161.84,16282,813,41,16895.31
2025-06-15,Solmar Hotels,Google Ads,ES_Search_Brand_2025Q2,190.56,16951,985,17,5960.92
2025-06-15,Solmar Hotels,Google Ads,ES_Search_Generic_2025Q2,245.01,21685,1351,26,9667.33
2025-06-15,Solmar Hotels,Google Ads,ES_Search_SummerEscape_2025Q2,190.56,17062,1015,12,3219.98
2025-06-16,Solmar Hotels,Google Ads,ES_Search_Brand_2025Q2,138.4,18687,913,37,9776.6
2025-06-16,Solmar Hotels,Google Ads,ES_Search_Generic_2025Q2,177.95,24057,1171,53,7865.7
2025-06-16,Solmar Hotels,Google Ads,ES_Search_SummerEscape_2025Q2,138.4,18535,881,28,8786.59
2025-06-17,Solmar Hotels,Google Ads,ES_Search_Brand_2025Q2,176.22,13286,476,16,4063.36
2025-06-17,Solmar Hotels,Google Ads,ES_Search_Generic_2025Q2,226.56,17158,571,21,4400.63
2025-06-17,Solmar Hotels,Google Ads,ES_Search_SummerEscape_2025Q2,176.22,13363,489,21,
2025-06-18,Solmar Hotels,Google Ads,ES_Search_Brand_2025Q2,152.3,11317,538,18,6939.84
2025-06-18,Solmar Hotels,Google Ads,ES_Search_Generic_2025Q2,195.82,14259,621,23,4350.03
2025-06-18,Solmar Hotels,Google Ads,ES_Search_SummerEscape_2025Q2,152.3,11367,508,23,4266.59
2025-06-19,Solmar Hotels,Google Ads,ES_Search_Brand_2025Q2,147.18,17518,1014,17,
2025-06-19,Solmar Hotels,Google Ads,ES_Search_Generic_2025Q2,189.23,22378,1281,26,6540.4
2025-06-19,Solmar Hotels,Google Ads,ES_Search_SummerEscape_2025Q2,147.18,17481,1017,31,6016.43
2025-06-20,Solmar Hotels,Google Ads,ES_Search_Brand_2025Q2,175.91,20343,867,35,
2025-06-20,Solmar Hotels,Google Ads,ES_Search_Generic_2025Q2,226.17,26112,1080,40,8770.57
2025-06-20,Solmar Hotels,Google Ads,ES_Search_SummerEscape_2025Q2,175.91,20401,830,36,9642.94
2025-06-21,Solmar Hotels,Google Ads,ES_Search_Brand_2025Q2,167.72,13743,783,20,4951.81
2025-06-21,Solmar Hotels,Google Ads,ES_Search_Generic_2025Q2,215.64,17725,1054,37,
2025-06-21,Solmar Hotels,Google Ads,ES_Search_SummerEscape_2025Q2,167.72,13728,782,25,5757.21
2025-06-22,Solmar Hotels,Google Ads,ES_Search_Brand_2025Q2,145.05,17666,908,31,9697.05
2025-06-22,Solmar Hotels,Google Ads,ES_Search_Generic_2025Q2,186.49,22330,1176,32,9146.05
2025-06-22,Solmar Hotels,Google Ads,ES_Search_SummerEscape_2025Q2,145.05,17707,955,30,7825.85
2025-06-23,Solmar Hotels,Google Ads,ES_Search_Brand_2025Q2,184.81,22146,1287,49,13190.87
2025-06-23,Solmar Hotels,Google Ads,ES_Search_Generic_2025Q2,237.62,28271,1697,69,15862.71
2025-06-23,Solmar Hotels,Google Ads,ES_Search_SummerEscape_2025Q2,184.81,21984,1284,58,19343.07
2025-06-24,Solmar Hotels,Google Ads,ES_Search_Brand_2025Q2,146.25,13798,496,13,4538.01
2025-06-24,Solmar Hotels,Google Ads,ES_Search_Generic_2025Q2,188.03,17528,559,21,5821.58
2025-06-24,Solmar Hotels,Google Ads,ES_Search_SummerEscape_2025Q2,146.25,13323,459,21,7495.89
2025-06-25,Solmar Hotels,Google Ads,ES_Search_Brand_2025Q2,150.33,21262,1044,25,7819.6
2025-06-25,Solmar Hotels,Google Ads,ES_Search_Generic_2025Q2,193.28,27386,1323,40,16417.67
2025-06-25,Solmar Hotels,Google Ads,ES_Search_SummerEscape_2025Q2,150.33,21501,1045,26,8795.01
2025-06-26,Solmar Hotels,Google Ads,ES_Search_Brand_2025Q2,171.78,16278,945,29,9162.37
2025-06-26,Solmar Hotels,Google Ads,ES_Search_Generic_2025Q2,220.86,20757,1223,35,10806.93
2025-06-26,Solmar Hotels,Google Ads,ES_Search_SummerEscape_2025Q2,171.78,16081,932,25,6584.78
2025-06-27,Solmar Hotels,Google Ads,ES_Search_Brand_2025Q2,160.48,20748,716,25,5331.94
2025-06-27,Solmar Hotels,Google Ads,ES_Search_Generic_2025Q2,206.33,26486,919,33,6835.88
2025-06-27,Solmar Hotels,Google Ads,ES_Search_SummerEscape_2025Q2,160.48,20523,686,16,3894.81
2025-06-28,Solmar Hotels,Google Ads,ES_Search_Brand_2025Q2,143.66,17542,575,29,6457.95
2025-06-28,Solmar Hotels,Google Ads,ES_Search_Generic_2025Q2,184.71,22575,791,29,9156.13
2025-06-28,Solmar Hotels,Google Ads,ES_Search_SummerEscape_2025Q2,143.66,17536,559,21,4569.64
2025-06-29,Solmar Hotels,Google Ads,ES_Search_Brand_2025Q2,197.25,26716,879,33,6387.13
2025-06-29,Solmar Hotels,Google Ads,ES_Search_Generic_2025Q2,253.61,34787,1145,56,13487.02
2025-06-29,Solmar Hotels,Google Ads,ES_Search_SummerEscape_2025Q2,197.25,26933,925,42,9521.09
2025-06-30,Solmar Hotels,Google Ads,ES_Search_Brand_2025Q2,184.76,16184,700,23,6109.0
2025-06-30,Solmar Hotels,Google Ads,ES_Search_Generic_2025Q2,237.55,20838,834,17,4351.21
2025-06-30,Solmar Hotels,Google Ads,ES_Search_SummerEscape_2025Q2,184.76,15910,649,9,2908.37
2025-07-01,Solmar Hotels,Google Ads,ES_Search_Brand_2025Q3,172.9,15729,765,20,5546.79
2025-07-01,Solmar Hotels,Google Ads,ES_Search_Generic_2025Q3,222.31,20514,974,33,8988.02
2025-07-01,Solmar Hotels,Google Ads,ES_Search_SummerEscape_2025Q3,172.9,16125,747,19,5380.96
2025-07-02,Solmar Hotels,Google Ads,ES_Search_Brand_2025Q3,170.76,18034,752,32,9183.86
2025-07-02,Solmar Hotels,Google Ads,ES_Search_Generic_2025Q3,219.55,22724,929,27,4347.32
2025-07-02,Solmar Hotels,Google Ads,ES_Search_SummerEscape_2025Q3,170.76,17494,727,27,10855.47
2025-07-03,Solmar Hotels,Google Ads,ES_Search_Brand_2025Q3,213.58,18336,731,24,5910.29
2025-07-03,Solmar Hotels,Google Ads,ES_Search_Generic_2025Q3,274.6,23339,954,35,10163.78
2025-07-03,Solmar Hotels,Google Ads,ES_Search_SummerEscape_2025Q3,213.58,18306,675,20,6576.57
2025-07-04,Solmar Hotels,Google Ads,ES_Search_Brand_2025Q3,222.69,16924,964,29,7805.11
2025-07-04,Solmar Hotels,Google Ads,ES_Search_Generic_2025Q3,286.32,22185,1240,46,15015.65
2025-07-04,Solmar Hotels,Google Ads,ES_Search_SummerEscape_2025Q3,222.69,17055,1012,33,7768.39
2025-07-05,Solmar Hotels,Google Ads,ES_Search_Brand_2025Q3,195.95,18412,568,21,6639.13
2025-07-05,Solmar Hotels,Google Ads,ES_Search_Generic_2025Q3,251.93,23746,773,23,4754.82
2025-07-05,Solmar Hotels,Google Ads,ES_Search_SummerEscape_2025Q3,195.95,18707,582,14,4987.56
2025-07-06,Solmar Hotels,Google Ads,ES_Search_Brand_2025Q3,181.3,19529,786,14,3667.41
2025-07-06,Solmar Hotels,Google Ads,ES_Search_Generic_2025Q3,233.1,24985,946,23,4133.48
2025-07-06,Solmar Hotels,Google Ads,ES_Search_SummerEscape_2025Q3,181.3,19515,722,17,3472.54
2025-07-07,Solmar Hotels,Google Ads,ES_Search_Brand_2025Q3,189.77,26715,1409,55,12585.57
2025-07-07,Solmar Hotels,Google Ads,ES_Search_Generic_2025Q3,243.99,34126,1864,55,8986.28
2025-07-07,Solmar Hotels,Google Ads,ES_Search_SummerEscape_2025Q3,189.77,26828,1467,55,14156.5
2025-07-08,Solmar Hotels,Google Ads,ES_Search_Brand_2025Q3,143.5,12805,421,18,6362.34
2025-07-08,Solmar Hotels,Google Ads,ES_Search_Generic_2025Q3,184.49,16453,552,27,8004.77
2025-07-08,Solmar Hotels,Google Ads,ES_Search_SummerEscape_2025Q3,143.5,12925,466,21,5598.46
2025-07-09,Solmar Hotels,Google Ads,ES_Search_Brand_2025Q3,192.55,14725,490,19,6309.23
2025-07-09,Solmar Hotels,Google Ads,ES_Search_Generic_2025Q3,247.56,18613,644,23,
2025-07-09,Solmar Hotels,Google Ads,ES_Search_SummerEscape_2025Q3,192.55,14622,482,20,6307.32
2025-07-10,Solmar Hotels,Google Ads,ES_Search_Brand_2025Q3,205.39,23731,962,35,11967.03
2025-07-10,Solmar Hotels,Google Ads,ES_Search_Generic_2025Q3,264.08,30955,1235,37,
2025-07-10,Solmar Hotels,Google Ads,ES_Search_SummerEscape_2025Q3,205.39,24139,922,34,8238.21
2025-07-11,Solmar Hotels,Google Ads,ES_Search_Brand_2025Q3,211.0,16329,602,28,8534.29
2025-07-11,Solmar Hotels,Google Ads,ES_Search_Generic_2025Q3,271.29,21432,802,34,6821.85
2025-07-11,Solmar Hotels,Google Ads,ES_Search_SummerEscape_2025Q3,211.0,16686,583,30,7553.68
2025-07-12,Solmar Hotels,Google Ads,ES_Search_Brand_2025Q3,215.83,21437,880,16,2798.59
2025-07-12,Solmar Hotels,Google Ads,ES_Search_Generic_2025Q3,277.49,27403,1095,28,7078.7
2025-07-12,Solmar Hotels,Google Ads,ES_Search_SummerEscape_2025Q3,215.83,21479,849,18,3351.37
2025-07-13,Solmar Hotels,Google Ads,ES_Search_Brand_2025Q3,236.56,26533,1183,45,9673.33
2025-07-13,Solmar Hotels,Google Ads,ES_Search_Generic_2025Q3,304.15,33967,1420,60,14644.87
2025-07-13,Solmar Hotels,Google Ads,ES_Search_SummerEscape_2025Q3,236.56,26344,1132,44,8357.02
2025-07-14,Solmar Hotels,Google Ads,ES_Search_Brand_2025Q3,201.14,22903,1274,36,9192.08
2025-07-14,Solmar Hotels,Google Ads,ES_Search_Generic_2025Q3,258.61,29265,1688,56,14848.38
2025-07-14,Solmar Hotels,Google Ads,ES_Search_SummerEscape_2025Q3,201.14,22989,1273,40,9070.75
2025-07-15,Solmar Hotels,Google Ads,ES_Search_Brand_2025Q3,205.46,21876,1019,29,10689.32
2025-07-15,Solmar Hotels,Google Ads,ES_Search_Generic_2025Q3,264.16,28280,1251,43,7405.2
2025-07-15,Solmar Hotels,Google Ads,ES_Search_SummerEscape_2025Q3,205.46,21965,1059,27,7256.97
2025-07-16,Solmar Hotels,Google Ads,ES_Search_Brand_2025Q3,157.16,14124,739,19,6426.2
2025-07-16,Solmar Hotels,Google Ads,ES_Search_Generic_2025Q3,202.06,18443,932,20,3765.84
2025-07-16,Solmar Hotels,Google Ads,ES_Search_SummerEscape_2025Q3,157.16,14240,700,18,3980.65
2025-07-17,Solmar Hotels,Google Ads,ES_Search_Brand_2025Q3,199.51,18203,886,18,5105.31
2025-07-17,Solmar Hotels,Google Ads,ES_Search_Generic_2025Q3,256.51,23292,1152,35,10063.19
2025-07-17,Solmar Hotels,Google Ads,ES_Search_SummerEscape_2025Q3,199.51,17985,867,25,
2025-07-18,Solmar Hotels,Google Ads,ES_Search_Brand_2025Q3,160.43,18097,708,41,9099.19
2025-07-18,Solmar Hotels,Google Ads,ES_Search_Generic_2025Q3,206.27,23428,906,51,18583.88
2025-07-18,Solmar Hotels,Google Ads,ES_Search_SummerEscape_2025Q3,160.43,17930,676,40,10269.59
2025-07-19,Solmar Hotels,Google Ads,ES_Search_Brand_2025Q3,182.12,15342,569,16,4009.82
2025-07-19,Solmar Hotels,Google Ads,ES_Search_Generic_2025Q3,234.15,19620,712,23,6049.47
2025-07-19,Solmar Hotels,Google Ads,ES_Search_SummerEscape_2025Q3,182.12,15562,602,18,4955.08
2025-07-20,Solmar Hotels,Google Ads,ES_Search_Brand_2025Q3,228.81,23595,1055,33,7251.38
2025-07-20,Solmar Hotels,Google Ads,ES_Search_Generic_2025Q3,294.18,30109,1291,29,9442.51
2025-07-20,Solmar Hotels,Google Ads,ES_Search_SummerEscape_2025Q3,228.81,23485,959,24,7541.52
2025-07-21,Solmar Hotels,Google Ads,ES_Search_Brand_2025Q3,200.91,17370,881,45,12620.86
2025-07-21,Solmar Hotels,Google Ads,ES_Search_Generic_2025Q3,258.31,22271,1114,63,19760.14
2025-07-21,Solmar Hotels,Google Ads,ES_Search_SummerEscape_2025Q3,200.91,17142,790,37,7669.39
2025-07-22,Solmar Hotels,Google Ads,ES_Search_Brand_2025Q3,222.33,25200,1226,32,7355.48
2025-07-22,Solmar Hotels,Google Ads,ES_Search_Generic_2025Q3,285.85,32435,1548,42,8387.46
2025-07-22,Solmar Hotels,Google Ads,ES_Search_SummerEscape_2025Q3,222.33,25552,1208,53,11192.88
2025-07-23,Solmar Hotels,Google Ads,ES_Search_Brand_2025Q3,211.99,26880,983,26,5629.5
2025-07-23,Solmar Hotels,Google Ads,ES_Search_Generic_2025Q3,272.56,34605,1224,29,10259.63
2025-07-23,Solmar Hotels,Google Ads,ES_Search_SummerEscape_2025Q3,211.99,26664,947,23,
2025-07-24,Solmar Hotels,Google Ads,ES_Search_Brand_2025Q3,213.74,25351,1436,26,6242.34
2025-07-24,Solmar Hotels,Google Ads,ES_Search_Generic_2025Q3,274.81,32252,1863,47,6817.75
2025-07-24,Solmar Hotels,Google Ads,ES_Search_SummerEscape_2025Q3,213.74,25141,1412,44,8155.27
2025-07-25,Solmar Hotels,Google Ads,ES_Search_Brand_2025Q3,195.06,14971,527,18,3481.13
2025-07-25,Solmar Hotels,Google Ads,ES_Search_Generic_2025Q3,250.79,18781,733,12,3375.67
2025-07-25,Solmar Hotels,Google Ads,ES_Search_SummerEscape_2025Q3,195.06,14743,568,11,2077.46
2025-07-26,Solmar Hotels,Google Ads,ES_Search_Brand_2025Q3,217.29,21498,748,40,10547.0
2025-07-26,Solmar Hotels,Google Ads,ES_Search_Generic_2025Q3,279.37,27865,935,42,6083.98
2025-07-26,Solmar Hotels,Google Ads,ES_Search_SummerEscape_2025Q3,217.29,21406,716,27,
2025-07-27,Solmar Hotels,Google Ads,ES_Search_Brand_2025Q3,161.95,22743,693,28,13339.68
2025-07-27,Solmar Hotels,Google Ads,ES_Search_Generic_2025Q3,208.22,29350,997,31,8518.65
2025-07-27,Solmar Hotels,Google Ads,ES_Search_SummerEscape_2025Q3,161.95,22438,765,25,7919.44
2025-07-28,Solmar Hotels,Google Ads,ES_Search_Brand_2025Q3,163.43,19323,633,20,
2025-07-28,Solmar Hotels,Google Ads,ES_Search_Generic_2025Q3,210.12,24815,879,26,5482.53
2025-07-28,Solmar Hotels,Google Ads,ES_Search_SummerEscape_2025Q3,163.43,19035,666,19,4871.99
2025-07-29,Solmar Hotels,Google Ads,ES_Search_Brand_2025Q3,199.72,14728,644,25,8311.27
2025-07-29,Solmar Hotels,Google Ads,ES_Search_Generic_2025Q3,256.79,19078,815,21,4465.63
2025-07-29,Solmar Hotels,Google Ads,ES_Search_SummerEscape_2025Q3,199.72,14688,621,15,5966.59
2025-07-30,Solmar Hotels,Google Ads,ES_Search_Brand_2025Q3,180.43,21791,888,35,6870.81
2025-07-30,Solmar Hotels,Google Ads,ES_Search_Generic_2025Q3,231.98,27947,1159,58,12689.65
2025-07-30,Solmar Hotels,Google Ads,ES_Search_SummerEscape_2025Q3,180.43,21557,862,36,10021.93
2025-07-31,Solmar Hotels,Google Ads,ES_Search_Brand_2025Q3,276.82,23515,1308,33,13199.0
2025-07-31,Solmar Hotels,Google Ads,ES_Search_Generic_2025Q3,355.91,30432,1706,56,15288.84
2025-07-31,Solmar Hotels,Google Ads,ES_Search_SummerEscape_2025Q3,276.82,23338,1350,38,8803.08
2025-08-01,Solmar Hotels,Google Ads,ES_Search_Brand_2025Q3,214.2,20785,1126,45,11608.65
2025-08-01,Solmar Hotels,Google Ads,ES_Search_Generic_2025Q3,275.4,26793,1413,55,14519.8
2025-08-01,Solmar Hotels,Google Ads,ES_Search_SummerEscape_2025Q3,214.2,20675,1072,56,18078.66
2025-08-02,Solmar Hotels,Google Ads,ES_Search_Brand_2025Q3,216.25,19284,571,24,5078.18
2025-08-02,Solmar Hotels,Google Ads,ES_Search_Generic_2025Q3,278.04,25078,775,36,8239.59
2025-08-02,Solmar Hotels,Google Ads,ES_Search_SummerEscape_2025Q3,216.25,19586,592,31,8020.29
2025-08-03,Solmar Hotels,Google Ads,ES_Search_Brand_2025Q3,170.14,16186,907,35,10442.26
2025-08-03,Solmar Hotels,Google Ads,ES_Search_Generic_2025Q3,218.76,21215,1263,55,17360.5
2025-08-03,Solmar Hotels,Google Ads,ES_Search_SummerEscape_2025Q3,170.14,16188,943,33,7009.57
2025-08-04,Solmar Hotels,Google Ads,ES_Search_Brand_2025Q3,173.71,16990,526,21,6580.83
2025-08-04,Solmar Hotels,Google Ads,ES_Search_Generic_2025Q3,223.34,21841,750,23,6526.45
2025-08-04,Solmar Hotels,Google Ads,ES_Search_SummerEscape_2025Q3,173.71,17232,568,26,6412.47
2025-08-05,Solmar Hotels,Google Ads,ES_Search_Brand_2025Q3,196.4,15739,834,18,6732.37
2025-08-05,Solmar Hotels,Google Ads,ES_Search_Generic_2025Q3,252.51,20367,1118,39,7268.7
2025-08-05,Solmar Hotels,Google Ads,ES_Search_SummerEscape_2025Q3,196.4,16044,819,25,4891.03
2025-08-06,Solmar Hotels,Google Ads,ES_Search_Brand_2025Q3,159.46,15181,661,28,4306.63
2025-08-06,Solmar Hotels,Google Ads,ES_Search_Generic_2025Q3,205.02,19286,803,36,10303.97
2025-08-06,Solmar Hotels,Google Ads,ES_Search_SummerEscape_2025Q3,159.46,14927,603,28,8940.71
2025-08-07,Solmar Hotels,Google Ads,ES_Search_Brand_2025Q3,200.2,26562,1286,65,16937.41
2025-08-07,Solmar Hotels,Google Ads,ES_Search_Generic_2025Q3,257.4,34237,1626,68,17906.95
2025-08-07,Solmar Hotels,Google Ads,ES_Search_SummerEscape_2025Q3,200.2,26663,1251,54,15589.69
2025-08-08,Solmar Hotels,Google Ads,ES_Search_Brand_2025Q3,192.35,15591,838,39,9942.36
2025-08-08,Solmar Hotels,Google Ads,ES_Search_Generic_2025Q3,247.31,20430,1100,50,10771.89
2025-08-08,Solmar Hotels,Google Ads,ES_Search_SummerEscape_2025Q3,192.35,15882,870,45,10942.57
2025-08-09,Solmar Hotels,Google Ads,ES_Search_Brand_2025Q3,167.5,12582,603,30,8390.31
2025-08-09,Solmar Hotels,Google Ads,ES_Search_Generic_2025Q3,215.36,16081,854,33,11460.73
2025-08-09,Solmar Hotels,Google Ads,ES_Search_SummerEscape_2025Q3,167.5,12648,674,38,8969.13
2025-08-10,Solmar Hotels,Google Ads,ES_Search_Brand_2025Q3,197.67,18543,775,16,6350.88
2025-08-10,Solmar Hotels,Google Ads,ES_Search_Generic_2025Q3,254.15,23891,980,25,8954.32
2025-08-10,Solmar Hotels,Google Ads,ES_Search_SummerEscape_2025Q3,197.67,18660,700,16,5471.49
2025-08-11,Solmar Hotels,Google Ads,ES_Search_Brand_2025Q3,155.78,11476,445,16,4199.58
2025-08-11,Solmar Hotels,Google Ads,ES_Search_Generic_2025Q3,200.29,15012,620,29,8788.84
2025-08-11,Solmar Hotels,Google Ads,ES_Search_SummerEscape_2025Q3,155.78,11484,462,20,3577.78
2025-08-12,Solmar Hotels,Google Ads,ES_Search_Brand_2025Q3,173.97,20310,625,19,7239.16
2025-08-12,Solmar Hotels,Google Ads,ES_Search_Generic_2025Q3,223.67,25704,815,21,5499.78
2025-08-12,Solmar Hotels,Google Ads,ES_Search_SummerEscape_2025Q3,173.97,20324,640,18,4068.26
2025-08-13,Solmar Hotels,Google Ads,ES_Search_Brand_2025Q3,177.54,13822,836,34,7327.34
2025-08-13,Solmar Hotels,Google Ads,ES_Search_Generic_2025Q3,228.27,17671,1013,43,10193.0
2025-08-13,Solmar Hotels,Google Ads,ES_Search_SummerEscape_2025Q3,177.54,13672,794,28,6281.82
2025-08-14,Solmar Hotels,Google Ads,ES_Search_Brand_2025Q3,139.57,16093,859,50,15572.68
2025-08-14,Solmar Hotels,Google Ads,ES_Search_Generic_2025Q3,179.44,20723,1128,59,12178.51
2025-08-14,Solmar Hotels,Google Ads,ES_Search_SummerEscape_2025Q3,139.57,16261,866,41,8980.87
2025-08-15,Solmar Hotels,Google Ads,ES_Search_Brand_2025Q3,205.22,16698,664,22,6893.46
2025-08-15,Solmar Hotels,Google Ads,ES_Search_Generic_2025Q3,263.86,21375,862,36,11227.08
2025-08-15,Solmar Hotels,Google Ads,ES_Search_SummerEscape_2025Q3,205.22,16800,689,26,4469.07
2025-08-16,Solmar Hotels,Google Ads,ES_Search_Brand_2025Q3,173.11,12990,493,14,
2025-08-16,Solmar Hotels,Google Ads,ES_Search_Generic_2025Q3,222.57,17131,558,7,2582.94
2025-08-16,Solmar Hotels,Google Ads,ES_Search_SummerEscape_2025Q3,173.11,13168,422,22,4896.45
2025-08-17,Solmar Hotels,Google Ads,ES_Search_Brand_2025Q3,150.89,11971,425,15,3888.29
2025-08-17,Solmar Hotels,Google Ads,ES_Search_Generic_2025Q3,194.0,15144,538,26,10563.75
2025-08-17,Solmar Hotels,Google Ads,ES_Search_SummerEscape_2025Q3,150.89,11883,421,21,6599.47
2025-08-18,Solmar Hotels,Google Ads,ES_Search_Brand_2025Q3,163.5,13251,590,31,8969.43
2025-08-18,Solmar Hotels,Google Ads,ES_Search_Generic_2025Q3,210.21,16951,769,40,13642.75
2025-08-18,Solmar Hotels,Google Ads,ES_Search_SummerEscape_2025Q3,163.5,13102,640,31,6408.61
2025-08-19,Solmar Hotels,Google Ads,ES_Search_Brand_2025Q3,165.76,18382,595,23,5563.31
2025-08-19,Solmar Hotels,Google Ads,ES_Search_Generic_2025Q3,213.12,23439,807,25,6279.76
2025-08-19,Solmar Hotels,Google Ads,ES_Search_SummerEscape_2025Q3,165.76,18310,633,25,5450.8
2025-08-20,Solmar Hotels,Google Ads,ES_Search_Brand_2025Q3,184.07,15444,573,13,2563.13
2025-08-20,Solmar Hotels,Google Ads,ES_Search_Generic_2025Q3,236.66,20249,712,23,6886.74
2025-08-20,Solmar Hotels,Google Ads,ES_Search_SummerEscape_2025Q3,184.07,15397,530,19,4025.29
2025-08-21,Solmar Hotels,Google Ads,ES_Search_Brand_2025Q3,169.08,20882,1082,61,18631.19
2025-08-21,Solmar Hotels,Google Ads,ES_Search_Generic_2025Q3,217.38,26778,1333,65,17672.97
2025-08-21,Solmar Hotels,Google Ads,ES_Search_SummerEscape_2025Q3,169.08,20647,1107,54,18229.36
2025-08-22,Solmar Hotels,Google Ads,ES_Search_Brand_2025Q3,150.76,14780,577,24,5796.05
2025-08-22,Solmar Hotels,Google Ads,ES_Search_Generic_2025Q3,193.83,18795,722,36,9938.97
2025-08-22,Solmar Hotels,Google Ads,ES_Search_SummerEscape_2025Q3,150.76,14503,531,23,5465.77
2025-08-23,Solmar Hotels,Google Ads,ES_Search_Brand_2025Q3,147.04,17598,713,24,4789.91
2025-08-23,Solmar Hotels,Google Ads,ES_Search_Generic_2025Q3,189.05,22344,885,32,12596.09
2025-08-23,Solmar Hotels,Google Ads,ES_Search_SummerEscape_2025Q3,147.04,17489,702,28,8994.94
2025-08-24,Solmar Hotels,Google Ads,ES_Search_Brand_2025Q3,180.67,14547,559,12,2311.7
2025-08-24,Solmar Hotels,Google Ads,ES_Search_Generic_2025Q3,232.29,18645,738,26,5798.72
2025-08-24,Solmar Hotels,Google Ads,ES_Search_SummerEscape_2025Q3,180.67,14735,558,12,2576.83
2025-08-25,Solmar Hotels,Google Ads,ES_Search_Brand_2025Q3,137.77,11932,587,15,3969.34
2025-08-25,Solmar Hotels,Google Ads,ES_Search_Generic_2025Q3,177.13,15033,699,20,4371.01
2025-08-25,Solmar Hotels,Google Ads,ES_Search_SummerEscape_2025Q3,137.77,11891,577,18,4561.79
2025-08-26,Solmar Hotels,Google Ads,ES_Search_Brand_2025Q3,123.0,12049,370,10,3892.45
2025-08-26,Solmar Hotels,Google Ads,ES_Search_Generic_2025Q3,158.15,15249,476,13,2452.45
2025-08-26,Solmar Hotels,Google Ads,ES_Search_SummerEscape_2025Q3,123.0,11859,377,11,3056.13
2025-08-27,Solmar Hotels,Google Ads,ES_Search_Brand_2025Q3,115.18,10914,638,18,
2025-08-27,Solmar Hotels,Google Ads,ES_Search_Generic_2025Q3,148.09,14104,843,26,7520.52
2025-08-27,Solmar Hotels,Google Ads,ES_Search_SummerEscape_2025Q3,115.18,11081,632,24,7753.36
2025-08-28,Solmar Hotels,Google Ads,ES_Search_Brand_2025Q3,119.46,15750,491,11,2639.1
2025-08-28,Solmar Hotels,Google Ads,ES_Search_Generic_2025Q3,153.59,20352,656,18,8196.91
2025-08-28,Solmar Hotels,Google Ads,ES_Search_SummerEscape_2025Q3,119.46,15982,488,17,5416.52
2025-08-29,Solmar Hotels,Google Ads,ES_Search_Brand_2025Q3,122.5,17285,640,17,3398.97
2025-08-29,Solmar Hotels,Google Ads,ES_Search_Generic_2025Q3,157.5,21869,864,30,6698.68
2025-08-29,Solmar Hotels,Google Ads,ES_Search_SummerEscape_2025Q3,122.5,17109,637,21,11154.21
2025-08-30,Solmar Hotels,Google Ads,ES_Search_Brand_2025Q3,126.32,11432,524,15,2010.57
2025-08-30,Solmar Hotels,Google Ads,ES_Search_Generic_2025Q3,162.42,14451,677,20,3751.53
2025-08-30,Solmar Hotels,Google Ads,ES_Search_SummerEscape_2025Q3,126.32,11303,532,14,3936.43
2025-08-31,Solmar Hotels,Google Ads,ES_Search_Brand_2025Q3,119.37,9837,472,21,5330.24
2025-08-31,Solmar Hotels,Google Ads,ES_Search_Generic_2025Q3,153.47,13053,616,27,7064.48
2025-08-31,Solmar Hotels,Google Ads,ES_Search_SummerEscape_2025Q3,119.37,9904,481,19,8097.94
2025-09-01,Solmar Hotels,Google Ads,ES_Search_Brand_2025Q3,151.79,16970,937,38,9522.81
2025-09-01,Solmar Hotels,Google Ads,ES_Search_Generic_2025Q3,195.16,21521,1099,51,11841.35
2025-09-02,Solmar Hotels,Google Ads,ES_Search_Brand_2025Q3,156.75,13145,499,19,6669.0
2025-09-02,Solmar Hotels,Google Ads,ES_Search_Generic_2025Q3,201.54,16877,643,23,5915.75
2025-09-03,Solmar Hotels,Google Ads,ES_Search_Brand_2025Q3,181.27,19695,588,24,5884.44
2025-09-03,Solmar Hotels,Google Ads,ES_Search_Generic_2025Q3,233.07,25241,819,36,10628.5
2025-09-04,Solmar Hotels,Google Ads,ES_Search_Brand_2025Q3,136.67,11792,434,19,3660.55
2025-09-04,Solmar Hotels,Google Ads,ES_Search_Generic_2025Q3,175.71,15265,559,28,
2025-09-05,Solmar Hotels,Google Ads,ES_Search_Brand_2025Q3,140.51,11343,407,8,2793.24
2025-09-05,Solmar Hotels,Google Ads,ES_Search_Generic_2025Q3,180.66,14618,477,8,2033.58
2025-09-06,Solmar Hotels,Google Ads,ES_Search_Brand_2025Q3,163.57,14733,648,32,7318.56
2025-09-06,Solmar Hotels,Google Ads,ES_Search_Generic_2025Q3,210.3,18442,832,43,13750.99
2025-09-07,Solmar Hotels,Google Ads,ES_Search_Brand_2025Q3,150.17,17362,1129,25,10020.76
2025-09-07,Solmar Hotels,Google Ads,ES_Search_Generic_2025Q3,193.07,22292,1351,36,7374.68
2025-09-08,Solmar Hotels,Google Ads,ES_Search_Brand_2025Q3,151.12,16585,580,28,8990.61
2025-09-08,Solmar Hotels,Google Ads,ES_Search_Generic_2025Q3,194.3,21252,714,35,9284.02
2025-09-09,Solmar Hotels,Google Ads,ES_Search_Brand_2025Q3,101.78,8444,257,12,2816.42
2025-09-09,Solmar Hotels,Google Ads,ES_Search_Generic_2025Q3,130.85,11092,384,13,4328.16
2025-09-10,Solmar Hotels,Google Ads,ES_Search_Brand_2025Q3,90.92,8447,449,10,1694.9
2025-09-10,Solmar Hotels,Google Ads,ES_Search_Generic_2025Q3,116.89,10844,547,21,4824.97
2025-09-11,Solmar Hotels,Google Ads,ES_Search_Brand_2025Q3,152.08,13315,704,30,6239.75
2025-09-11,Solmar Hotels,Google Ads,ES_Search_Generic_2025Q3,195.53,17251,920,41,7054.16
2025-09-12,Solmar Hotels,Google Ads,ES_Search_Brand_2025Q3,140.31,10053,411,6,1404.77
2025-09-12,Solmar Hotels,Google Ads,ES_Search_Generic_2025Q3,180.39,12942,518,11,3759.2
2025-09-13,Solmar Hotels,Google Ads,ES_Search_Brand_2025Q3,121.53,9604,585,20,6384.09
2025-09-13,Solmar Hotels,Google Ads,ES_Search_Generic_2025Q3,156.26,11947,672,22,4717.02
2025-09-14,Solmar Hotels,Google Ads,ES_Search_Brand_2025Q3,98.8,7314,242,5,1010.08
2025-09-14,Solmar Hotels,Google Ads,ES_Search_Generic_2025Q3,127.02,9418,328,8,2735.07
2025-09-15,Solmar Hotels,Google Ads,ES_Search_Brand_2025Q3,111.28,15887,680,17,3462.68
2025-09-15,Solmar Hotels,Google Ads,ES_Search_Generic_2025Q3,143.07,20562,937,30,7705.33
2025-09-16,Solmar Hotels,Google Ads,ES_Search_Brand_2025Q3,162.39,16091,653,27,5984.18
2025-09-16,Solmar Hotels,Google Ads,ES_Search_Generic_2025Q3,208.78,20936,824,32,8978.47
2025-09-17,Solmar Hotels,Google Ads,ES_Search_Brand_2025Q3,128.58,12610,502,7,1461.4
2025-09-17,Solmar Hotels,Google Ads,ES_Search_Generic_2025Q3,165.32,16295,682,11,3572.72
2025-09-18,Solmar Hotels,Google Ads,ES_Search_Brand_2025Q3,111.02,8338,357,11,3496.11
2025-09-18,Solmar Hotels,Google Ads,ES_Search_Generic_2025Q3,142.74,10518,450,14,3353.37
2025-09-19,Solmar Hotels,Google Ads,ES_Search_Brand_2025Q3,114.08,13558,430,22,5738.7
2025-09-19,Solmar Hotels,Google Ads,ES_Search_Generic_2025Q3,146.67,17478,598,29,6520.12
2025-09-20,Solmar Hotels,Google Ads,ES_Search_Brand_2025Q3,121.84,9182,408,14,3641.96
2025-09-20,Solmar Hotels,Google Ads,ES_Search_Generic_2025Q3,156.66,11983,482,11,3374.31
2025-09-21,Solmar Hotels,Google Ads,ES_Search_Brand_2025Q3,97.97,7998,459,11,1783.31
2025-09-21,Solmar Hotels,Google Ads,ES_Search_Generic_2025Q3,125.96,10343,623,21,4901.1
2025-09-22,Solmar Hotels,Google Ads,ES_Search_Brand_2025Q3,95.26,10978,388,3,768.33
2025-09-22,Solmar Hotels,Google Ads,ES_Search_Generic_2025Q3,122.47,13973,545,11,
2025-09-23,Solmar Hotels,Google Ads,ES_Search_Brand_2025Q3,92.57,9446,278,17,3804.32
2025-09-23,Solmar Hotels,Google Ads,ES_Search_Generic_2025Q3,119.01,12045,374,17,2925.15
2025-09-24,Solmar Hotels,Google Ads,ES_Search_Brand_2025Q3,102.98,8405,322,7,1496.54
2025-09-24,Solmar Hotels,Google Ads,ES_Search_Generic_2025Q3,132.4,10988,425,12,4376.69
2025-09-25,Solmar Hotels,Google Ads,ES_Search_Brand_2025Q3,111.52,13288,785,34,8327.94
2025-09-25,Solmar Hotels,Google Ads,ES_Search_Generic_2025Q3,143.39,16787,889,43,25139.52
2025-09-26,Solmar Hotels,Google Ads,ES_Search_Brand_2025Q3,121.49,10585,537,17,4992.47
2025-09-26,Solmar Hotels,Google Ads,ES_Search_Generic_2025Q3,156.2,13406,655,14,4121.71
2025-09-27,Solmar Hotels,Google Ads,ES_Search_Brand_2025Q3,110.84,10128,432,19,4231.41
2025-09-27,Solmar Hotels,Google Ads,ES_Search_Generic_2025Q3,142.51,12927,522,29,5148.77
2025-09-28,Solmar Hotels,Google Ads,ES_Search_Brand_2025Q3,107.03,12561,661,18,5277.09
2025-09-28,Solmar Hotels,Google Ads,ES_Search_Generic_2025Q3,137.61,16357,898,25,5401.73
2025-09-29,Solmar Hotels,Google Ads,ES_Search_Brand_2025Q3,99.2,7358,363,17,6195.9
2025-09-29,Solmar Hotels,Google Ads,ES_Search_Generic_2025Q3,127.55,9274,430,16,4132.6
2025-09-30,Solmar Hotels,Google Ads,ES_Search_Brand_2025Q3,115.9,9038,470,22,5751.11
2025-09-30,Solmar Hotels,Google Ads,ES_Search_Generic_2025Q3,149.02,11728,578,28,8020.79
2025-10-01,Solmar Hotels,Google Ads,ES_Search_Brand_2025Q4,103.61,12259,370,18,4905.3
2025-10-01,Solmar Hotels,Google Ads,ES_Search_Generic_2025Q4,133.21,15811,482,13,2512.46
2025-10-02,Solmar Hotels,Google Ads,ES_Search_Brand_2025Q4,119.74,10150,331,8,2050.28
2025-10-02,Solmar Hotels,Google Ads,ES_Search_Generic_2025Q4,153.95,13255,439,14,3356.85
2025-10-03,Solmar Hotels,Google Ads,ES_Search_Brand_2025Q4,99.87,11471,463,21,6833.17
2025-10-03,Solmar Hotels,Google Ads,ES_Search_Generic_2025Q4,128.41,14872,606,26,
2025-10-04,Solmar Hotels,Google Ads,ES_Search_Brand_2025Q4,113.79,14702,752,21,5106.79
2025-10-04,Solmar Hotels,Google Ads,ES_Search_Generic_2025Q4,146.31,19008,871,32,8939.59
2025-10-05,Solmar Hotels,Google Ads,ES_Search_Brand_2025Q4,102.99,11368,417,18,3361.68
2025-10-05,Solmar Hotels,Google Ads,ES_Search_Generic_2025Q4,132.42,14573,545,12,2378.63
2025-10-06,Solmar Hotels,Google Ads,ES_Search_Brand_2025Q4,100.37,9003,447,11,3620.31
2025-10-06,Solmar Hotels,Google Ads,ES_Search_Generic_2025Q4,129.04,11420,570,19,4162.93
2025-10-07,Solmar Hotels,Google Ads,ES_Search_Brand_2025Q4,93.67,6871,282,9,2536.92
2025-10-07,Solmar Hotels,Google Ads,ES_Search_Generic_2025Q4,120.43,9035,340,9,1567.66
2025-10-08,Solmar Hotels,Google Ads,ES_Search_Brand_2025Q4,91.12,7722,281,7,1144.34
2025-10-08,Solmar Hotels,Google Ads,ES_Search_Generic_2025Q4,117.16,9888,404,5,996.58
2025-10-09,Solmar Hotels,Google Ads,ES_Search_Brand_2025Q4,89.04,6636,256,14,4097.6
2025-10-09,Solmar Hotels,Google Ads,ES_Search_Generic_2025Q4,114.49,8554,379,16,5192.36
2025-10-10,Solmar Hotels,Google Ads,ES_Search_Brand_2025Q4,77.91,8570,432,11,2235.25
2025-10-10,Solmar Hotels,Google Ads,ES_Search_Generic_2025Q4,100.17,11061,587,24,7590.67
2025-10-11,Solmar Hotels,Google Ads,ES_Search_Brand_2025Q4,94.63,12648,494,18,4767.58
2025-10-11,Solmar Hotels,Google Ads,ES_Search_Generic_2025Q4,121.66,16493,665,25,7187.86
2025-10-12,Solmar Hotels,Google Ads,ES_Search_Brand_2025Q4,89.39,7718,265,9,2866.74
2025-10-12,Solmar Hotels,Google Ads,ES_Search_Generic_2025Q4,114.93,10077,348,16,
2025-10-13,Solmar Hotels,Google Ads,ES_Search_Brand_2025Q4,71.82,7122,200,10,2842.82
2025-10-13,Solmar Hotels,Google Ads,ES_Search_Generic_2025Q4,92.33,9404,304,11,2956.38
2025-10-14,Solmar Hotels,Google Ads,ES_Search_Brand_2025Q4,93.32,11404,555,25,7779.23
2025-10-14,Solmar Hotels,Google Ads,ES_Search_Generic_2025Q4,119.98,14597,671,34,13269.7
2025-10-15,Solmar Hotels,Google Ads,ES_Search_Brand_2025Q4,127.61,9694,509,11,3550.07
2025-10-15,Solmar Hotels,Google Ads,ES_Search_Generic_2025Q4,164.07,12503,667,17,4891.26
2025-10-16,Solmar Hotels,Google Ads,ES_Search_Brand_2025Q4,81.44,6773,221,2,496.2
2025-10-16,Solmar Hotels,Google Ads,ES_Search_Generic_2025Q4,104.71,8962,317,12,3501.25
2025-10-17,Solmar Hotels,Google Ads,ES_Search_Brand_2025Q4,91.37,6946,381,20,4926.43
2025-10-17,Solmar Hotels,Google Ads,ES_Search_Generic_2025Q4,117.47,8981,490,19,4164.5
2025-10-18,Solmar Hotels,Google Ads,ES_Search_Brand_2025Q4,107.83,7900,231,4,1227.37
2025-10-18,Solmar Hotels,Google Ads,ES_Search_Generic_2025Q4,138.64,9987,284,11,3649.56
2025-10-19,Solmar Hotels,Google Ads,ES_Search_Brand_2025Q4,66.21,6658,266,8,2278.1
2025-10-19,Solmar Hotels,Google Ads,ES_Search_Generic_2025Q4,85.13,8662,331,23,7931.29
2025-10-20,Solmar Hotels,Google Ads,ES_Search_Brand_2025Q4,63.93,4989,194,11,2493.74
2025-10-20,Solmar Hotels,Google Ads,ES_Search_Generic_2025Q4,82.2,6191,228,11,2677.1
2025-10-21,Solmar Hotels,Google Ads,ES_Search_Brand_2025Q4,89.64,7980,395,15,3592.83
2025-10-21,Solmar Hotels,Google Ads,ES_Search_Generic_2025Q4,115.26,10310,542,18,4097.73
2025-10-22,Solmar Hotels,Google Ads,ES_Search_Brand_2025Q4,113.79,11599,607,30,12267.34
2025-10-22,Solmar Hotels,Google Ads,ES_Search_Generic_2025Q4,146.3,14831,789,37,8711.0
2025-10-23,Solmar Hotels,Google Ads,ES_Search_Brand_2025Q4,77.92,5866,273,10,2895.6
2025-10-23,Solmar Hotels,Google Ads,ES_Search_Generic_2025Q4,100.18,7761,360,15,7415.39
2025-10-24,Solmar Hotels,Google Ads,ES_Search_Brand_2025Q4,67.95,9583,366,6,3454.41
2025-10-24,Solmar Hotels,Google Ads,ES_Search_Generic_2025Q4,87.36,12269,446,11,2883.2
2025-10-25,Solmar Hotels,Google Ads,ES_Search_Brand_2025Q4,104.41,9001,352,6,2070.45
2025-10-25,Solmar Hotels,Google Ads,ES_Search_Generic_2025Q4,134.25,11644,431,16,
2025-10-26,Solmar Hotels,Google Ads,ES_Search_Brand_2025Q4,75.97,8455,305,18,4464.85
2025-10-26,Solmar Hotels,Google Ads,ES_Search_Generic_2025Q4,97.67,11159,396,12,5051.45
2025-10-27,Solmar Hotels,Google Ads,ES_Search_Brand_2025Q4,80.37,10224,578,15,5147.83
2025-10-27,Solmar Hotels,Google Ads,ES_Search_Generic_2025Q4,103.34,12800,696,25,5595.72
2025-10-28,Solmar Hotels,Google Ads,ES_Search_Brand_2025Q4,81.07,6151,222,10,2618.36
2025-10-28,Solmar Hotels,Google Ads,ES_Search_Generic_2025Q4,104.23,7899,310,11,2355.89
2025-10-29,Solmar Hotels,Google Ads,ES_Search_Brand_2025Q4,89.75,7768,428,15,3388.49
2025-10-29,Solmar Hotels,Google Ads,ES_Search_Generic_2025Q4,115.4,10006,578,23,7251.29
2025-10-30,Solmar Hotels,Google Ads,ES_Search_Brand_2025Q4,79.21,7753,397,11,1782.88
2025-10-30,Solmar Hotels,Google Ads,ES_Search_Generic_2025Q4,101.84,10116,479,15,2955.36
2025-10-31,Solmar Hotels,Google Ads,ES_Search_Brand_2025Q4,86.84,8871,289,12,3111.21
2025-10-31,Solmar Hotels,Google Ads,ES_Search_Generic_2025Q4,111.65,11523,355,11,3297.78
2025-11-01,Solmar Hotels,Google Ads,ES_Search_Brand_2025Q4,83.6,6167,274,9,3158.01
2025-11-01,Solmar Hotels,Google Ads,ES_Search_Generic_2025Q4,107.48,7965,340,5,
2025-11-02,Solmar Hotels,Google Ads,ES_Search_Brand_2025Q4,65.57,5750,294,14,2643.59
2025-11-02,Solmar Hotels,Google Ads,ES_Search_Generic_2025Q4,84.3,7099,355,20,5134.15
2025-11-03,Solmar Hotels,Google Ads,ES_Search_Brand_2025Q4,83.13,6348,352,8,3427.87
2025-11-03,Solmar Hotels,Google Ads,ES_Search_Generic_2025Q4,106.88,8454,469,11,2896.99
2025-11-04,Solmar Hotels,Google Ads,ES_Search_Brand_2025Q4,79.78,5685,257,7,2177.1
2025-11-04,Solmar Hotels,Google Ads,ES_Search_Generic_2025Q4,102.58,7440,341,7,2076.83
2025-11-05,Solmar Hotels,Google Ads,ES_Search_Brand_2025Q4,87.77,6551,309,10,1897.7
2025-11-05,Solmar Hotels,Google Ads,ES_Search_Generic_2025Q4,112.85,8486,450,7,2077.3
2025-11-06,Solmar Hotels,Google Ads,ES_Search_Brand_2025Q4,75.42,6914,346,11,1805.63
2025-11-06,Solmar Hotels,Google Ads,ES_Search_Generic_2025Q4,96.97,8945,455,12,3852.3
2025-11-07,Solmar Hotels,Google Ads,ES_Search_Brand_2025Q4,73.18,9176,476,19,6004.45
2025-11-07,Solmar Hotels,Google Ads,ES_Search_Generic_2025Q4,94.09,12166,572,32,8181.1
2025-11-08,Solmar Hotels,Google Ads,ES_Search_Brand_2025Q4,111.25,9906,337,14,
2025-11-08,Solmar Hotels,Google Ads,ES_Search_Generic_2025Q4,143.04,12529,368,7,2647.04
2025-11-09,Solmar Hotels,Google Ads,ES_Search_Brand_2025Q4,80.97,7572,255,5,1637.1
2025-11-09,Solmar Hotels,Google Ads,ES_Search_Generic_2025Q4,104.11,9593,337,7,2724.26
2025-11-10,Solmar Hotels,Google Ads,ES_Search_Brand_2025Q4,86.06,7582,349,13,3745.74
2025-11-10,Solmar Hotels,Google Ads,ES_Search_Generic_2025Q4,110.65,9653,479,27,5495.44
2025-11-11,Solmar Hotels,Google Ads,ES_Search_Brand_2025Q4,97.32,10412,504,26,4840.03
2025-11-11,Solmar Hotels,Google Ads,ES_Search_Generic_2025Q4,125.13,13304,635,43,12192.2
2025-11-12,Solmar Hotels,Google Ads,ES_Search_Brand_2025Q4,106.34,11085,507,13,5761.32
2025-11-12,Solmar Hotels,Google Ads,ES_Search_Generic_2025Q4,136.72,14156,608,9,
2025-11-13,Solmar Hotels,Google Ads,ES_Search_Brand_2025Q4,76.96,10408,490,21,6377.26
2025-11-13,Solmar Hotels,Google Ads,ES_Search_Generic_2025Q4,98.95,13421,596,23,5250.05
2025-11-14,Solmar Hotels,Google Ads,ES_Search_Brand_2025Q4,73.15,10150,518,18,3507.99
2025-11-14,Solmar Hotels,Google Ads,ES_Search_Generic_2025Q4,94.04,12994,669,16,4243.5
2025-11-15,Solmar Hotels,Google Ads,ES_Search_Brand_2025Q4,56.48,5417,212,5,994.13
2025-11-15,Solmar Hotels,Google Ads,ES_Search_Generic_2025Q4,72.61,6833,275,6,1434.66
2025-11-16,Solmar Hotels,Google Ads,ES_Search_Brand_2025Q4,77.06,9400,303,13,3650.0
2025-11-16,Solmar Hotels,Google Ads,ES_Search_Generic_2025Q4,99.08,12318,391,16,3884.95
2025-11-17,Solmar Hotels,Google Ads,ES_Search_Brand_2025Q4,80.65,11045,556,11,4713.53
2025-11-17,Solmar Hotels,Google Ads,ES_Search_Generic_2025Q4,103.69,13947,713,27,8535.2
2025-11-18,Solmar Hotels,Google Ads,ES_Search_Brand_2025Q4,89.63,7257,210,9,2328.04
2025-11-18,Solmar Hotels,Google Ads,ES_Search_Generic_2025Q4,115.24,9547,326,21,7532.46
2025-11-19,Solmar Hotels,Google Ads,ES_Search_Brand_2025Q4,75.61,6363,195,11,3661.62
2025-11-19,Solmar Hotels,Google Ads,ES_Search_Generic_2025Q4,97.21,7957,266,12,3577.17
2025-11-20,Solmar Hotels,Google Ads,ES_Search_Brand_2025Q4,92.03,10533,412,20,5527.46
2025-11-20,Solmar Hotels,Google Ads,ES_Search_Generic_2025Q4,118.33,13644,510,23,4559.35
2025-11-21,Solmar Hotels,Google Ads,ES_Search_Brand_2025Q4,83.68,8433,352,10,3219.58
2025-11-21,Solmar Hotels,Google Ads,ES_Search_Generic_2025Q4,107.59,10838,443,16,4018.01
2025-11-22,Solmar Hotels,Google Ads,ES_Search_Brand_2025Q4,94.5,10815,500,16,3963.89
2025-11-22,Solmar Hotels,Google Ads,ES_Search_Generic_2025Q4,121.5,13477,610,15,3338.87
2025-11-23,Solmar Hotels,Google Ads,ES_Search_Brand_2025Q4,75.75,5415,295,8,1748.95
2025-11-23,Solmar Hotels,Google Ads,ES_Search_Generic_2025Q4,97.39,7160,351,14,3378.75
2025-11-24,Solmar Hotels,Google Ads,ES_Search_Brand_2025Q4,82.82,6015,205,6,1470.0
2025-11-24,Solmar Hotels,Google Ads,ES_Search_Generic_2025Q4,106.48,7596,278,5,1289.28
2025-11-25,Solmar Hotels,Google Ads,ES_Search_Brand_2025Q4,77.35,9161,485,27,8401.0
2025-11-25,Solmar Hotels,Google Ads,ES_Search_Generic_2025Q4,99.45,12130,616,28,5509.83
2025-11-26,Solmar Hotels,Google Ads,ES_Search_Brand_2025Q4,71.77,6569,321,14,3568.63
2025-11-26,Solmar Hotels,Google Ads,ES_Search_Generic_2025Q4,92.27,8604,399,18,4538.65
2025-11-27,Solmar Hotels,Google Ads,ES_Search_Brand_2025Q4,81.7,8879,500,21,7430.92
2025-11-27,Solmar Hotels,Google Ads,ES_Search_Generic_2025Q4,105.04,11476,645,24,6403.5
2025-11-28,Solmar Hotels,Google Ads,ES_Search_Brand_2025Q4,76.47,6257,263,13,3184.75
2025-11-28,Solmar Hotels,Google Ads,ES_Search_Generic_2025Q4,98.32,8055,342,21,3514.84
2025-11-29,Solmar Hotels,Google Ads,ES_Search_Brand_2025Q4,78.95,6901,406,12,5078.11
2025-11-29,Solmar Hotels,Google Ads,ES_Search_Generic_2025Q4,101.51,9097,561,30,7322.71
2025-11-30,Solmar Hotels,Google Ads,ES_Search_Brand_2025Q4,84.45,7210,234,15,4063.92
2025-11-30,Solmar Hotels,Google Ads,ES_Search_Generic_2025Q4,108.57,9333,284,19,3514.17
2025-12-01,Solmar Hotels,Google Ads,ES_Search_Brand_2025Q4,100.38,7821,427,11,2696.86
2025-12-01,Solmar Hotels,Google Ads,ES_Search_Generic_2025Q4,129.07,9718,505,13,2924.05
2025-12-02,Solmar Hotels,Google Ads,ES_Search_Brand_2025Q4,105.01,11243,638,19,4630.63
2025-12-02,Solmar Hotels,Google Ads,ES_Search_Generic_2025Q4,135.01,14795,837,31,
2025-12-03,Solmar Hotels,Google Ads,ES_Search_Brand_2025Q4,105.87,12911,460,23,6483.69
2025-12-03,Solmar Hotels,Google Ads,ES_Search_Generic_2025Q4,136.12,16503,531,22,6500.91
2025-12-04,Solmar Hotels,Google Ads,ES_Search_Brand_2025Q4,113.49,12943,726,21,8811.26
2025-12-04,Solmar Hotels,Google Ads,ES_Search_Generic_2025Q4,145.92,16790,879,19,6477.26
2025-12-05,Solmar Hotels,Google Ads,ES_Search_Brand_2025Q4,72.02,6900,346,15,6052.7
2025-12-05,Solmar Hotels,Google Ads,ES_Search_Generic_2025Q4,92.6,8836,419,17,4380.42
2025-12-06,Solmar Hotels,Google Ads,ES_Search_Brand_2025Q4,91.53,7063,330,7,1451.68
2025-12-06,Solmar Hotels,Google Ads,ES_Search_Generic_2025Q4,117.68,8991,404,8,2605.25
2025-12-07,Solmar Hotels,Google Ads,ES_Search_Brand_2025Q4,97.95,7435,246,3,696.39
2025-12-07,Solmar Hotels,Google Ads,ES_Search_Generic_2025Q4,125.93,9758,342,6,1551.56
2025-12-08,Solmar Hotels,Google Ads,ES_Search_Brand_2025Q4,75.25,10641,624,17,4506.99
2025-12-08,Solmar Hotels,Google Ads,ES_Search_Generic_2025Q4,96.75,13677,797,24,4855.24
2025-12-09,Solmar Hotels,Google Ads,ES_Search_Brand_2025Q4,64.05,6682,356,9,3600.69
2025-12-09,Solmar Hotels,Google Ads,ES_Search_Generic_2025Q4,82.35,8831,446,11,2359.71
2025-12-10,Solmar Hotels,Google Ads,ES_Search_Brand_2025Q4,96.74,9579,369,21,9534.32
2025-12-10,Solmar Hotels,Google Ads,ES_Search_Generic_2025Q4,124.38,12366,503,23,7628.23
2025-12-11,Solmar Hotels,Google Ads,ES_Search_Brand_2025Q4,76.44,9649,417,16,3336.0
2025-12-11,Solmar Hotels,Google Ads,ES_Search_Generic_2025Q4,98.28,12365,559,32,10951.76
2025-12-12,Solmar Hotels,Google Ads,ES_Search_Brand_2025Q4,95.42,10723,421,17,6289.81
2025-12-12,Solmar Hotels,Google Ads,ES_Search_Generic_2025Q4,122.69,13685,537,14,4282.14
2025-12-13,Solmar Hotels,Google Ads,ES_Search_Brand_2025Q4,92.05,7114,295,10,2519.33
2025-12-13,Solmar Hotels,Google Ads,ES_Search_Generic_2025Q4,118.35,9085,366,8,1995.56
2025-12-14,Solmar Hotels,Google Ads,ES_Search_Brand_2025Q4,83.04,7622,380,6,1143.47
2025-12-14,Solmar Hotels,Google Ads,ES_Search_Generic_2025Q4,106.76,9756,550,13,3316.22
2025-12-15,Solmar Hotels,Google Ads,ES_Search_Brand_2025Q4,90.76,11791,558,23,5457.45
2025-12-15,Solmar Hotels,Google Ads,ES_Search_Generic_2025Q4,116.69,15155,750,18,6340.37
2025-12-16,Solmar Hotels,Google Ads,ES_Search_Brand_2025Q4,75.85,6546,265,9,2474.1
2025-12-16,Solmar Hotels,Google Ads,ES_Search_Generic_2025Q4,97.52,8294,340,12,2666.38
2025-12-17,Solmar Hotels,Google Ads,ES_Search_Brand_2025Q4,57.13,4760,177,5,1121.69
2025-12-17,Solmar Hotels,Google Ads,ES_Search_Generic_2025Q4,73.46,6152,261,10,2178.49
2025-12-18,Solmar Hotels,Google Ads,ES_Search_Brand_2025Q4,81.71,7518,396,10,2650.96
2025-12-18,Solmar Hotels,Google Ads,ES_Search_Generic_2025Q4,105.06,9785,511,12,3582.34
2025-12-19,Solmar Hotels,Google Ads,ES_Search_Brand_2025Q4,80.18,8909,384,6,1914.65
2025-12-19,Solmar Hotels,Google Ads,ES_Search_Generic_2025Q4,103.09,11503,489,12,2820.92
2025-12-20,Solmar Hotels,Google Ads,ES_Search_Brand_2025Q4,80.48,6176,281,11,
2025-12-20,Solmar Hotels,Google Ads,ES_Search_Generic_2025Q4,103.48,7753,415,20,3867.96
2025-12-21,Solmar Hotels,Google Ads,ES_Search_Brand_2025Q4,64.94,6855,306,14,2490.27
2025-12-21,Solmar Hotels,Google Ads,ES_Search_Generic_2025Q4,83.49,8965,425,7,1387.16
2025-12-22,Solmar Hotels,Google Ads,ES_Search_Brand_2025Q4,104.0,13164,497,24,5554.14
2025-12-22,Solmar Hotels,Google Ads,ES_Search_Generic_2025Q4,133.71,17228,649,25,5041.35
2025-12-23,Solmar Hotels,Google Ads,ES_Search_Brand_2025Q4,83.11,11417,477,23,4667.08
2025-12-23,Solmar Hotels,Google Ads,ES_Search_Generic_2025Q4,106.86,15182,594,25,9495.41
2025-12-24,Solmar Hotels,Google Ads,ES_Search_Brand_2025Q4,98.36,13056,448,17,5560.43
2025-12-24,Solmar Hotels,Google Ads,ES_Search_Generic_2025Q4,126.46,16993,615,19,7718.71
2025-12-25,Solmar Hotels,Google Ads,ES_Search_Brand_2025Q4,96.7,6975,274,16,
2025-12-25,Solmar Hotels,Google Ads,ES_Search_Generic_2025Q4,124.32,8979,374,19,5878.88
2025-12-26,Solmar Hotels,Google Ads,ES_Search_Brand_2025Q4,81.35,8865,357,12,3891.44
2025-12-26,Solmar Hotels,Google Ads,ES_Search_Generic_2025Q4,104.59,11263,424,10,4045.55
2025-12-27,Solmar Hotels,Google Ads,ES_Search_Brand_2025Q4,67.4,6284,353,12,2338.0
2025-12-27,Solmar Hotels,Google Ads,ES_Search_Generic_2025Q4,86.65,7988,399,17,3072.46
2025-12-28,Solmar Hotels,Google Ads,ES_Search_Brand_2025Q4,75.71,6876,277,7,2003.6
2025-12-28,Solmar Hotels,Google Ads,ES_Search_Generic_2025Q4,97.34,8784,325,3,908.86
2025-12-29,Solmar Hotels,Google Ads,ES_Search_Brand_2025Q4,91.93,7599,376,20,3974.84
2025-12-29,Solmar Hotels,Google Ads,ES_Search_Generic_2025Q4,118.19,9244,470,20,4457.42
2025-12-30,Solmar Hotels,Google Ads,ES_Search_Brand_2025Q4,81.54,6457,352,14,2738.52
2025-12-30,Solmar Hotels,Google Ads,ES_Search_Generic_2025Q4,104.83,8136,476,29,7347.39
2025-12-31,Solmar Hotels,Google Ads,ES_Search_Brand_2025Q4,108.47,12087,702,32,11436.02
2025-12-31,Solmar Hotels,Google Ads,ES_Search_Generic_2025Q4,139.46,16017,953,26,4893.29
2026-01-01,Solmar Hotels,Google Ads,ES_Search_Brand_2026Q1,78.05,10999,436,14,3710.11
2026-01-01,Solmar Hotels,Google Ads,ES_Search_Generic_2026Q1,100.36,14539,545,12,2175.41
2026-01-02,Solmar Hotels,Google Ads,ES_Search_Brand_2026Q1,97.85,10028,417,13,2206.38
2026-01-02,Solmar Hotels,Google Ads,ES_Search_Generic_2026Q1,125.8,12864,529,10,2519.4
2026-01-03,Solmar Hotels,Google Ads,ES_Search_Brand_2026Q1,71.22,7579,412,17,3271.47
2026-01-03,Solmar Hotels,Google Ads,ES_Search_Generic_2026Q1,91.57,9491,468,24,7544.84
2026-01-04,Solmar Hotels,Google Ads,ES_Search_Brand_2026Q1,71.27,6182,325,14,2948.7
2026-01-04,Solmar Hotels,Google Ads,ES_Search_Generic_2026Q1,91.63,8092,422,16,2914.98
2026-01-05,Solmar Hotels,Google Ads,ES_Search_Brand_2026Q1,80.67,8419,298,11,3504.61
2026-01-05,Solmar Hotels,Google Ads,ES_Search_Generic_2026Q1,103.71,11086,416,20,5083.08
2026-01-06,Solmar Hotels,Google Ads,ES_Search_Brand_2026Q1,73.39,8643,421,12,3722.62
2026-01-06,Solmar Hotels,Google Ads,ES_Search_Generic_2026Q1,94.35,11010,558,20,4957.4
2026-01-07,Solmar Hotels,Google Ads,ES_Search_Brand_2026Q1,58.39,4918,154,6,2047.18
2026-01-07,Solmar Hotels,Google Ads,ES_Search_Generic_2026Q1,75.07,6330,230,9,1467.24
2026-01-08,Solmar Hotels,Google Ads,ES_Search_Brand_2026Q1,90.42,7344,371,16,4601.56
2026-01-08,Solmar Hotels,Google Ads,ES_Search_Generic_2026Q1,116.25,9159,468,13,3409.03
2026-01-09,Solmar Hotels,Google Ads,ES_Search_Brand_2026Q1,92.28,7551,371,10,1751.69
2026-01-09,Solmar Hotels,Google Ads,ES_Search_Generic_2026Q1,118.64,9739,494,17,4006.09
2026-01-10,Solmar Hotels,Google Ads,ES_Search_Brand_2026Q1,85.04,8035,327,13,3415.55
2026-01-10,Solmar Hotels,Google Ads,ES_Search_Generic_2026Q1,109.34,10024,443,21,5568.17
2026-01-11,Solmar Hotels,Google Ads,ES_Search_Brand_2026Q1,78.22,6582,295,10,1518.09
2026-01-11,Solmar Hotels,Google Ads,ES_Search_Generic_2026Q1,100.57,8572,393,12,
2026-01-12,Solmar Hotels,Google Ads,ES_Search_Brand_2026Q1,96.54,11479,680,23,8691.16
2026-01-12,Solmar Hotels,Google Ads,ES_Search_Generic_2026Q1,124.12,14921,872,30,9856.29
2026-01-13,Solmar Hotels,Google Ads,ES_Search_Brand_2026Q1,60.08,4587,164,8,2410.19
2026-01-13,Solmar Hotels,Google Ads,ES_Search_Generic_2026Q1,77.25,5697,228,5,1256.82
2026-01-14,Solmar Hotels,Google Ads,ES_Search_Brand_2026Q1,94.79,8554,264,8,2560.82
2026-01-14,Solmar Hotels,Google Ads,ES_Search_Generic_2026Q1,121.88,11438,337,15,3737.07
2026-01-15,Solmar Hotels,Google Ads,ES_Search_Brand_2026Q1,88.0,7652,371,21,6315.69
2026-01-15,Solmar Hotels,Google Ads,ES_Search_Generic_2026Q1,113.14,9887,512,18,3221.22
2026-01-16,Solmar Hotels,Google Ads,ES_Search_Brand_2026Q1,81.71,6945,432,19,4870.7
2026-01-16,Solmar Hotels,Google Ads,ES_Search_Generic_2026Q1,105.05,9110,568,27,7053.12
2026-01-17,Solmar Hotels,Google Ads,ES_Search_Brand_2026Q1,84.99,8786,315,16,2946.21
2026-01-17,Solmar Hotels,Google Ads,ES_Search_Generic_2026Q1,109.27,11203,416,19,7386.52
2026-01-18,Solmar Hotels,Google Ads,ES_Search_Brand_2026Q1,90.5,6552,302,10,2741.51
2026-01-18,Solmar Hotels,Google Ads,ES_Search_Generic_2026Q1,116.35,8586,389,15,3514.7
2026-01-19,Solmar Hotels,Google Ads,ES_Search_Brand_2026Q1,87.44,6660,223,4,954.65
2026-01-19,Solmar Hotels,Google Ads,ES_Search_Generic_2026Q1,112.43,8572,267,5,1239.62
2026-01-20,Solmar Hotels,Google Ads,ES_Search_Brand_2026Q1,87.45,8543,451,25,5694.9
2026-01-20,Solmar Hotels,Google Ads,ES_Search_Generic_2026Q1,112.44,11046,593,33,7439.39
2026-01-21,Solmar Hotels,Google Ads,ES_Search_Brand_2026Q1,80.81,10652,605,13,4666.23
2026-01-21,Solmar Hotels,Google Ads,ES_Search_Generic_2026Q1,103.9,13860,821,23,6251.57
2026-01-22,Solmar Hotels,Google Ads,ES_Search_Brand_2026Q1,78.1,9319,463,24,7342.39
2026-01-22,Solmar Hotels,Google Ads,ES_Search_Generic_2026Q1,100.42,11716,620,17,3223.51
2026-01-23,Solmar Hotels,Google Ads,ES_Search_Brand_2026Q1,90.13,8167,304,16,6310.2
2026-01-23,Solmar Hotels,Google Ads,ES_Search_Generic_2026Q1,115.88,10554,384,13,3754.39
2026-01-24,Solmar Hotels,Google Ads,ES_Search_Brand_2026Q1,58.5,4702,142,8,1633.81
2026-01-24,Solmar Hotels,Google Ads,ES_Search_Generic_2026Q1,75.22,6045,231,10,3681.68
2026-01-25,Solmar Hotels,Google Ads,ES_Search_Brand_2026Q1,71.11,5318,301,11,2459.75
2026-01-25,Solmar Hotels,Google Ads,ES_Search_Generic_2026Q1,91.42,6944,380,17,3067.6
2026-01-26,Solmar Hotels,Google Ads,ES_Search_Brand_2026Q1,89.07,7388,431,14,4974.11
2026-01-26,Solmar Hotels,Google Ads,ES_Search_Generic_2026Q1,114.51,9349,536,16,6484.66
2026-01-27,Solmar Hotels,Google Ads,ES_Search_Brand_2026Q1,73.16,7475,331,14,3533.67
2026-01-27,Solmar Hotels,Google Ads,ES_Search_Generic_2026Q1,94.07,9544,412,14,3804.47
2026-01-28,Solmar Hotels,Google Ads,ES_Search_Brand_2026Q1,77.31,7342,393,11,4046.09
2026-01-28,Solmar Hotels,Google Ads,ES_Search_Generic_2026Q1,99.4,9469,486,14,5960.82
2026-01-29,Solmar Hotels,Google Ads,ES_Search_Brand_2026Q1,81.19,10836,421,17,4478.25
2026-01-29,Solmar Hotels,Google Ads,ES_Search_Generic_2026Q1,104.39,13953,553,12,3643.74
2026-01-30,Solmar Hotels,Google Ads,ES_Search_Brand_2026Q1,102.1,9607,521,20,6150.48
2026-01-30,Solmar Hotels,Google Ads,ES_Search_Generic_2026Q1,131.27,12376,674,7,1856.35
2026-01-31,Solmar Hotels,Google Ads,ES_Search_Brand_2026Q1,77.81,8720,306,17,3686.49
2026-01-31,Solmar Hotels,Google Ads,ES_Search_Generic_2026Q1,100.04,10943,413,22,4691.28
2026-02-01,Solmar Hotels,Google Ads,ES_Search_Brand_2026Q1,84.12,6484,403,25,6326.66
2026-02-01,Solmar Hotels,Google Ads,ES_Search_Generic_2026Q1,108.15,7808,474,23,6900.02
2026-02-02,Solmar Hotels,Google Ads,ES_Search_Brand_2026Q1,95.25,8737,385,11,2542.48
2026-02-02,Solmar Hotels,Google Ads,ES_Search_Generic_2026Q1,122.46,11277,510,7,2087.85
2026-02-03,Solmar Hotels,Google Ads,ES_Search_Brand_2026Q1,85.66,6900,371,17,5788.36
2026-02-03,Solmar Hotels,Google Ads,ES_Search_Generic_2026Q1,110.14,8780,422,22,6522.07
2026-02-04,Solmar Hotels,Google Ads,ES_Search_Brand_2026Q1,70.34,6677,322,21,6608.01
2026-02-04,Solmar Hotels,Google Ads,ES_Search_Generic_2026Q1,90.43,8528,468,24,5312.74
2026-02-05,Solmar Hotels,Google Ads,ES_Search_Brand_2026Q1,82.47,11138,453,7,2245.13
2026-02-05,Solmar Hotels,Google Ads,ES_Search_Generic_2026Q1,106.04,14336,575,17,3775.18
2026-02-06,Solmar Hotels,Google Ads,ES_Search_Brand_2026Q1,99.88,8614,495,12,1467.76
2026-02-06,Solmar Hotels,Google Ads,ES_Search_Generic_2026Q1,128.42,11062,666,24,5928.97
2026-02-07,Solmar Hotels,Google Ads,ES_Search_Brand_2026Q1,68.79,5004,260,10,1510.53
2026-02-07,Solmar Hotels,Google Ads,ES_Search_Generic_2026Q1,88.45,6297,323,8,1313.74
2026-02-08,Solmar Hotels,Google Ads,ES_Search_Brand_2026Q1,73.71,8011,448,11,3485.48
2026-02-08,Solmar Hotels,Google Ads,ES_Search_Generic_2026Q1,94.77,10277,577,15,4343.9
2026-02-09,Solmar Hotels,Google Ads,ES_Search_Brand_2026Q1,89.27,8715,339,13,3755.53
2026-02-09,Solmar Hotels,Google Ads,ES_Search_Generic_2026Q1,114.78,11468,443,10,2037.69
2026-02-10,Solmar Hotels,Google Ads,ES_Search_Brand_2026Q1,78.33,6697,283,8,2228.42
2026-02-10,Solmar Hotels,Google Ads,ES_Search_Generic_2026Q1,100.71,8678,369,16,
2026-02-11,Solmar Hotels,Google Ads,ES_Search_Brand_2026Q1,104.58,9790,461,17,
2026-02-11,Solmar Hotels,Google Ads,ES_Search_Generic_2026Q1,134.46,12639,608,18,4070.48
2026-02-12,Solmar Hotels,Google Ads,ES_Search_Brand_2026Q1,88.97,10095,354,9,3093.52
2026-02-12,Solmar Hotels,Google Ads,ES_Search_Generic_2026Q1,114.39,13292,528,26,5321.62
2026-02-13,Solmar Hotels,Google Ads,ES_Search_Brand_2026Q1,98.72,7921,344,16,4432.94
2026-02-13,Solmar Hotels,Google Ads,ES_Search_Generic_2026Q1,126.92,10202,417,14,3490.98
2026-02-14,Solmar Hotels,Google Ads,ES_Search_Brand_2026Q1,69.79,7958,466,16,3903.06
2026-02-14,Solmar Hotels,Google Ads,ES_Search_Generic_2026Q1,89.73,10264,573,19,4012.42
2026-02-15,Solmar Hotels,Google Ads,ES_Search_Brand_2026Q1,83.18,7687,305,12,3966.37
2026-02-15,Solmar Hotels,Google Ads,ES_Search_Generic_2026Q1,106.95,9740,363,10,1863.51
2026-02-16,Solmar Hotels,Google Ads,ES_Search_Brand_2026Q1,73.47,9581,469,15,4568.92
2026-02-16,Solmar Hotels,Google Ads,ES_Search_Generic_2026Q1,94.46,12410,624,21,4482.4
2026-02-17,Solmar Hotels,Google Ads,ES_Search_Brand_2026Q1,95.16,8783,475,15,4109.89
2026-02-17,Solmar Hotels,Google Ads,ES_Search_Generic_2026Q1,122.35,11376,623,23,13385.48
2026-02-18,Solmar Hotels,Google Ads,ES_Search_Brand_2026Q1,68.58,9687,337,8,1726.05
2026-02-18,Solmar Hotels,Google Ads,ES_Search_Generic_2026Q1,88.17,12233,381,8,1564.88
2026-02-19,Solmar Hotels,Google Ads,ES_Search_Brand_2026Q1,92.91,12427,524,20,2838.75
2026-02-19,Solmar Hotels,Google Ads,ES_Search_Generic_2026Q1,119.46,15953,667,13,2935.8
2026-02-20,Solmar Hotels,Google Ads,ES_Search_Brand_2026Q1,72.58,7671,360,21,5317.23
2026-02-20,Solmar Hotels,Google Ads,ES_Search_Generic_2026Q1,93.31,9770,466,28,6718.09
2026-02-21,Solmar Hotels,Google Ads,ES_Search_Brand_2026Q1,105.97,8013,246,12,4547.26
2026-02-21,Solmar Hotels,Google Ads,ES_Search_Generic_2026Q1,136.25,10227,345,18,4029.57
2026-02-22,Solmar Hotels,Google Ads,ES_Search_Brand_2026Q1,90.52,12023,427,18,3939.8
2026-02-22,Solmar Hotels,Google Ads,ES_Search_Generic_2026Q1,116.39,15489,549,18,5058.93
2026-02-23,Solmar Hotels,Google Ads,ES_Search_Brand_2026Q1,79.68,8875,474,21,7781.76
2026-02-23,Solmar Hotels,Google Ads,ES_Search_Generic_2026Q1,102.44,11292,694,24,8484.89
2026-02-24,Solmar Hotels,Google Ads,ES_Search_Brand_2026Q1,76.66,9548,493,13,
2026-02-24,Solmar Hotels,Google Ads,ES_Search_Generic_2026Q1,98.56,12296,617,21,5021.79
2026-02-25,Solmar Hotels,Google Ads,ES_Search_Brand_2026Q1,78.82,6011,370,22,8203.83
2026-02-25,Solmar Hotels,Google Ads,ES_Search_Generic_2026Q1,101.35,7622,465,20,3697.36
2026-02-26,Solmar Hotels,Google Ads,ES_Search_Brand_2026Q1,94.58,8720,491,16,4675.33
2026-02-26,Solmar Hotels,Google Ads,ES_Search_Generic_2026Q1,121.6,11098,610,19,3788.0
2026-02-27,Solmar Hotels,Google Ads,ES_Search_Brand_2026Q1,83.03,9899,387,21,7354.9
2026-02-27,Solmar Hotels,Google Ads,ES_Search_Generic_2026Q1,106.76,12789,482,21,5475.2
2026-02-28,Solmar Hotels,Google Ads,ES_Search_Brand_2026Q1,58.12,5894,257,5,1521.53
2026-02-28,Solmar Hotels,Google Ads,ES_Search_Generic_2026Q1,74.73,7390,370,10,2714.58
2026-03-01,Solmar Hotels,Google Ads,ES_Search_Brand_2026Q1,83.31,6254,310,19,4739.79
2026-03-01,Solmar Hotels,Google Ads,ES_Search_Generic_2026Q1,107.11,7942,409,19,4931.31
2026-03-02,Solmar Hotels,Google Ads,ES_Search_Brand_2026Q1,92.51,9265,454,10,
2026-03-02,Solmar Hotels,Google Ads,ES_Search_Generic_2026Q1,118.95,11966,582,19,4484.49
2026-03-03,Solmar Hotels,Google Ads,ES_Search_Brand_2026Q1,76.02,7257,255,8,1727.44
2026-03-03,Solmar Hotels,Google Ads,ES_Search_Generic_2026Q1,97.74,9730,304,11,3319.02
2026-03-04,Solmar Hotels,Google Ads,ES_Search_Brand_2026Q1,79.94,9092,476,21,5432.75
2026-03-04,Solmar Hotels,Google Ads,ES_Search_Generic_2026Q1,102.78,11869,659,28,7306.75
2026-03-05,Solmar Hotels,Google Ads,ES_Search_Brand_2026Q1,73.96,6144,221,15,4523.48
2026-03-05,Solmar Hotels,Google Ads,ES_Search_Generic_2026Q1,95.09,8036,291,8,2007.13
2026-03-06,Solmar Hotels,Google Ads,ES_Search_Brand_2026Q1,66.95,7416,300,6,1413.3
2026-03-06,Solmar Hotels,Google Ads,ES_Search_Generic_2026Q1,86.07,9432,363,14,2104.02
2026-03-07,Solmar Hotels,Google Ads,ES_Search_Brand_2026Q1,65.99,5005,198,4,1059.88
2026-03-07,Solmar Hotels,Google Ads,ES_Search_Generic_2026Q1,84.84,6517,279,7,2804.61
2026-03-08,Solmar Hotels,Google Ads,ES_Search_Brand_2026Q1,75.87,6927,331,6,1531.95
2026-03-08,Solmar Hotels,Google Ads,ES_Search_Generic_2026Q1,97.55,8825,394,13,6567.14
2026-03-09,Solmar Hotels,Google Ads,ES_Search_Brand_2026Q1,67.32,5235,287,14,3431.58
2026-03-09,Solmar Hotels,Google Ads,ES_Search_Generic_2026Q1,86.55,6851,308,12,2558.28
2026-03-10,Solmar Hotels,Google Ads,ES_Search_Brand_2026Q1,80.88,8466,343,12,4158.41
2026-03-10,Solmar Hotels,Google Ads,ES_Search_Generic_2026Q1,103.98,10754,462,13,2987.81
2026-03-11,Solmar Hotels,Google Ads,ES_Search_Brand_2026Q1,72.34,5741,211,15,4104.06
2026-03-11,Solmar Hotels,Google Ads,ES_Search_Generic_2026Q1,93.01,7378,324,20,7839.23
2026-03-12,Solmar Hotels,Google Ads,ES_Search_Brand_2026Q1,77.47,7461,379,11,3286.0
2026-03-12,Solmar Hotels,Google Ads,ES_Search_Generic_2026Q1,99.61,9332,500,18,
2026-03-13,Solmar Hotels,Google Ads,ES_Search_Brand_2026Q1,100.75,13340,780,43,7913.9
2026-03-13,Solmar Hotels,Google Ads,ES_Search_Generic_2026Q1,129.54,17168,947,48,9254.94
2026-03-14,Solmar Hotels,Google Ads,ES_Search_Brand_2026Q1,80.78,7647,262,8,2465.71
2026-03-14,Solmar Hotels,Google Ads,ES_Search_Generic_2026Q1,103.86,9852,296,8,1819.78
2026-03-15,Solmar Hotels,Google Ads,ES_Search_Brand_2026Q1,83.01,8738,426,15,5039.96
2026-03-15,Solmar Hotels,Google Ads,ES_Search_Generic_2026Q1,106.73,11300,606,12,2534.0
2026-03-16,Solmar Hotels,Google Ads,ES_Search_Brand_2026Q1,92.81,8516,469,15,3196.96
2026-03-16,Solmar Hotels,Google Ads,ES_Search_Generic_2026Q1,119.33,11152,662,20,4239.85
2026-03-17,Solmar Hotels,Google Ads,ES_Search_Brand_2026Q1,80.65,10722,498,15,4496.33
2026-03-17,Solmar Hotels,Google Ads,ES_Search_Generic_2026Q1,103.7,13735,635,17,4377.13
2026-03-18,Solmar Hotels,Google Ads,ES_Search_Brand_2026Q1,80.26,11352,349,20,4954.21
2026-03-18,Solmar Hotels,Google Ads,ES_Search_Generic_2026Q1,103.19,14241,451,27,10432.37
2026-03-19,Solmar Hotels,Google Ads,ES_Search_Brand_2026Q1,70.01,6500,377,9,1954.75
2026-03-19,Solmar Hotels,Google Ads,ES_Search_Generic_2026Q1,90.01,8252,495,15,3747.39
2026-03-20,Solmar Hotels,Google Ads,ES_Search_Brand_2026Q1,80.87,7671,345,8,1591.85
2026-03-20,Solmar Hotels,Google Ads,ES_Search_Generic_2026Q1,103.98,9943,474,13,2939.41
2026-03-21,Solmar Hotels,Google Ads,ES_Search_Brand_2026Q1,98.33,9167,468,28,5931.48
2026-03-21,Solmar Hotels,Google Ads,ES_Search_Generic_2026Q1,126.43,11787,635,36,6781.22
2026-03-22,Solmar Hotels,Google Ads,ES_Search_Brand_2026Q1,88.59,6761,269,8,2402.28
2026-03-22,Solmar Hotels,Google Ads,ES_Search_Generic_2026Q1,113.9,8892,349,12,3457.47
2026-03-23,Solmar Hotels,Google Ads,ES_Search_Brand_2026Q1,85.87,9501,374,8,1642.99
2026-03-23,Solmar Hotels,Google Ads,ES_Search_Generic_2026Q1,110.4,12287,454,11,2506.94
2026-03-24,Solmar Hotels,Google Ads,ES_Search_Brand_2026Q1,101.5,7812,393,16,4112.68
2026-03-24,Solmar Hotels,Google Ads,ES_Search_Generic_2026Q1,130.51,9819,504,18,4296.33
2026-03-25,Solmar Hotels,Google Ads,ES_Search_Brand_2026Q1,92.18,12945,480,6,1863.91
2026-03-25,Solmar Hotels,Google Ads,ES_Search_Generic_2026Q1,118.51,16645,690,22,4447.79
2026-03-26,Solmar Hotels,Google Ads,ES_Search_Brand_2026Q1,93.55,6943,270,13,3318.99
2026-03-26,Solmar Hotels,Google Ads,ES_Search_Generic_2026Q1,120.28,8789,334,16,2933.72
2026-03-27,Solmar Hotels,Google Ads,ES_Search_Brand_2026Q1,90.24,6930,268,14,3127.37
2026-03-27,Solmar Hotels,Google Ads,ES_Search_Generic_2026Q1,116.02,8924,364,20,6189.71
2026-03-28,Solmar Hotels,Google Ads,ES_Search_Brand_2026Q1,81.74,6427,383,12,3872.62
2026-03-28,Solmar Hotels,Google Ads,ES_Search_Generic_2026Q1,105.1,8252,418,12,3054.74
2026-03-29,Solmar Hotels,Google Ads,ES_Search_Brand_2026Q1,99.55,14061,564,32,5823.99
2026-03-29,Solmar Hotels,Google Ads,ES_Search_Generic_2026Q1,127.99,18272,731,35,13960.08
2026-03-30,Solmar Hotels,Google Ads,ES_Search_Brand_2026Q1,60.26,4584,172,7,1814.21
2026-03-30,Solmar Hotels,Google Ads,ES_Search_Generic_2026Q1,77.47,6090,218,7,1617.6
2026-03-31,Solmar Hotels,Google Ads,ES_Search_Brand_2026Q1,85.29,7478,233,8,2030.57
2026-03-31,Solmar Hotels,Google Ads,ES_Search_Generic_2026Q1,109.66,9642,349,7,2691.99
2026-04-01,Solmar Hotels,Google Ads,ES_Search_Brand_2026Q2,62.31,8304,443,11,3239.72
2026-04-01,Solmar Hotels,Google Ads,ES_Search_Generic_2026Q2,80.11,10602,533,17,4622.94
2026-04-01,Solmar Hotels,Google Ads,ES_Search_SummerEscape_2026Q2,62.31,8327,441,19,6017.94
2026-04-02,Solmar Hotels,Google Ads,ES_Search_Brand_2026Q2,64.66,7867,432,14,3911.72
2026-04-02,Solmar Hotels,Google Ads,ES_Search_Generic_2026Q2,83.13,10239,547,26,6838.8
2026-04-02,Solmar Hotels,Google Ads,ES_Search_SummerEscape_2026Q2,64.66,7876,425,19,4144.98
2026-04-03,Solmar Hotels,Google Ads,ES_Search_Brand_2026Q2,56.86,6281,369,6,2249.04
2026-04-03,Solmar Hotels,Google Ads,ES_Search_Generic_2026Q2,73.1,8167,444,6,1119.37
2026-04-03,Solmar Hotels,Google Ads,ES_Search_SummerEscape_2026Q2,56.86,6250,379,8,1940.22
2026-04-04,Solmar Hotels,Google Ads,ES_Search_Brand_2026Q2,61.38,4431,277,5,1067.45
2026-04-04,Solmar Hotels,Google Ads,ES_Search_Generic_2026Q2,78.91,5582,295,7,1914.84
2026-04-04,Solmar Hotels,Google Ads,ES_Search_SummerEscape_2026Q2,61.38,4485,241,4,1091.75
2026-04-05,Solmar Hotels,Google Ads,ES_Search_Brand_2026Q2,69.38,6579,273,3,703.48
2026-04-05,Solmar Hotels,Google Ads,ES_Search_Generic_2026Q2,89.2,8475,338,6,1573.77
2026-04-05,Solmar Hotels,Google Ads,ES_Search_SummerEscape_2026Q2,69.38,6366,248,3,725.09
2026-04-06,Solmar Hotels,Google Ads,ES_Search_Brand_2026Q2,46.96,6510,180,4,633.04
2026-04-06,Solmar Hotels,Google Ads,ES_Search_Generic_2026Q2,60.38,8663,235,5,1297.62
2026-04-06,Solmar Hotels,Google Ads,ES_Search_SummerEscape_2026Q2,46.96,6651,216,5,1238.22
2026-04-07,Solmar Hotels,Google Ads,ES_Search_Brand_2026Q2,63.72,5952,213,11,3870.92
2026-04-07,Solmar Hotels,Google Ads,ES_Search_Generic_2026Q2,81.93,7588,306,12,2764.71
2026-04-07,Solmar Hotels,Google Ads,ES_Search_SummerEscape_2026Q2,63.72,6004,243,7,1686.18
2026-04-08,Solmar Hotels,Google Ads,ES_Search_Brand_2026Q2,67.62,6092,198,11,2555.92
2026-04-08,Solmar Hotels,Google Ads,ES_Search_Generic_2026Q2,86.95,7632,285,10,2041.72
2026-04-08,Solmar Hotels,Google Ads,ES_Search_SummerEscape_2026Q2,67.62,5974,191,3,497.01
2026-04-09,Solmar Hotels,Google Ads,ES_Search_Brand_2026Q2,59.08,4921,196,9,2791.03
2026-04-09,Solmar Hotels,Google Ads,ES_Search_Generic_2026Q2,75.96,6306,255,9,2258.69
2026-04-09,Solmar Hotels,Google Ads,ES_Search_SummerEscape_2026Q2,59.08,4842,167,7,2012.29
2026-04-10,Solmar Hotels,Google Ads,ES_Search_Brand_2026Q2,66.67,4949,303,12,3018.05
2026-04-10,Solmar Hotels,Google Ads,ES_Search_Generic_2026Q2,85.72,6471,392,18,4467.82
2026-04-10,Solmar Hotels,Google Ads,ES_Search_SummerEscape_2026Q2,66.67,4868,261,13,2871.5
2026-04-11,Solmar Hotels,Google Ads,ES_Search_Brand_2026Q2,61.04,7624,368,24,7069.64
2026-04-11,Solmar Hotels,Google Ads,ES_Search_Generic_2026Q2,78.48,9655,476,17,4310.74
2026-04-11,Solmar Hotels,Google Ads,ES_Search_SummerEscape_2026Q2,61.04,7817,378,15,
2026-04-12,Solmar Hotels,Google Ads,ES_Search_Brand_2026Q2,46.78,6239,289,10,2539.32
2026-04-12,Solmar Hotels,Google Ads,ES_Search_Generic_2026Q2,60.15,8125,343,9,2387.82
2026-04-12,Solmar Hotels,Google Ads,ES_Search_SummerEscape_2026Q2,46.78,6313,309,7,2139.74
2026-04-13,Solmar Hotels,Google Ads,ES_Search_Brand_2026Q2,56.44,5106,263,5,936.89
2026-04-13,Solmar Hotels,Google Ads,ES_Search_Generic_2026Q2,72.56,6420,353,5,1248.7
2026-04-13,Solmar Hotels,Google Ads,ES_Search_SummerEscape_2026Q2,56.44,5106,266,5,918.76
2026-04-14,Solmar Hotels,Google Ads,ES_Search_Brand_2026Q2,49.52,4701,245,11,2043.11
2026-04-14,Solmar Hotels,Google Ads,ES_Search_Generic_2026Q2,63.67,6041,282,8,1796.9
2026-04-14,Solmar Hotels,Google Ads,ES_Search_SummerEscape_2026Q2,49.52,4691,246,5,1651.02
2026-04-15,Solmar Hotels,Google Ads,ES_Search_Brand_2026Q2,66.19,4815,178,1,250.66
2026-04-15,Solmar Hotels,Google Ads,ES_Search_Generic_2026Q2,85.1,6278,211,4,
2026-04-15,Solmar Hotels,Google Ads,ES_Search_SummerEscape_2026Q2,66.19,4786,163,3,456.94
2026-04-16,Solmar Hotels,Google Ads,ES_Search_Brand_2026Q2,73.79,6324,179,6,1383.63
2026-04-16,Solmar Hotels,Google Ads,ES_Search_Generic_2026Q2,94.87,8213,274,14,3681.69
2026-04-16,Solmar Hotels,Google Ads,ES_Search_SummerEscape_2026Q2,73.79,6472,204,3,806.09
2026-04-17,Solmar Hotels,Google Ads,ES_Search_Brand_2026Q2,55.55,4911,230,7,1364.74
2026-04-17,Solmar Hotels,Google Ads,ES_Search_Generic_2026Q2,71.42,6387,288,10,2891.53
2026-04-17,Solmar Hotels,Google Ads,ES_Search_SummerEscape_2026Q2,55.55,4961,259,13,
2026-04-18,Solmar Hotels,Google Ads,ES_Search_Brand_2026Q2,69.99,9575,265,10,3188.41
2026-04-18,Solmar Hotels,Google Ads,ES_Search_Generic_2026Q2,89.99,12645,421,19,4625.21
2026-04-18,Solmar Hotels,Google Ads,ES_Search_SummerEscape_2026Q2,69.99,9772,278,16,4751.03
2026-04-19,Solmar Hotels,Google Ads,ES_Search_Brand_2026Q2,78.56,7323,375,16,3131.67
2026-04-19,Solmar Hotels,Google Ads,ES_Search_Generic_2026Q2,101.01,9616,529,18,4544.42
2026-04-19,Solmar Hotels,Google Ads,ES_Search_SummerEscape_2026Q2,78.56,7331,401,15,3516.8
2026-04-20,Solmar Hotels,Google Ads,ES_Search_Brand_2026Q2,48.34,5078,147,8,2335.22
2026-04-20,Solmar Hotels,Google Ads,ES_Search_Generic_2026Q2,62.15,6369,200,6,1974.52
2026-04-20,Solmar Hotels,Google Ads,ES_Search_SummerEscape_2026Q2,48.34,4994,164,7,1366.69
2026-04-21,Solmar Hotels,Google Ads,ES_Search_Brand_2026Q2,82.7,10478,569,14,2811.32
2026-04-21,Solmar Hotels,Google Ads,ES_Search_Generic_2026Q2,106.33,13403,748,31,11943.75
2026-04-21,Solmar Hotels,Google Ads,ES_Search_SummerEscape_2026Q2,82.7,10517,573,33,7425.49
2026-04-22,Solmar Hotels,Google Ads,ES_Search_Brand_2026Q2,59.5,5794,294,11,2305.17
2026-04-22,Solmar Hotels,Google Ads,ES_Search_Generic_2026Q2,76.5,7348,388,20,5452.35
2026-04-22,Solmar Hotels,Google Ads,ES_Search_SummerEscape_2026Q2,59.5,5756,309,19,3355.35
2026-04-23,Solmar Hotels,Google Ads,ES_Search_Brand_2026Q2,50.69,3913,203,7,2121.47
2026-04-23,Solmar Hotels,Google Ads,ES_Search_Generic_2026Q2,65.18,5024,315,6,1312.75
2026-04-23,Solmar Hotels,Google Ads,ES_Search_SummerEscape_2026Q2,50.69,4026,214,7,2368.85
2026-04-24,Solmar Hotels,Google Ads,ES_Search_Brand_2026Q2,48.26,5009,196,9,3626.06
2026-04-24,Solmar Hotels,Google Ads,ES_Search_Generic_2026Q2,62.05,6363,221,10,3300.48
2026-04-24,Solmar Hotels,Google Ads,ES_Search_SummerEscape_2026Q2,48.26,5056,169,3,670.44
2026-04-25,Solmar Hotels,Google Ads,ES_Search_Brand_2026Q2,72.53,8740,437,4,1137.8
2026-04-25,Solmar Hotels,Google Ads,ES_Search_Generic_2026Q2,93.25,11212,614,21,4128.56
2026-04-25,Solmar Hotels,Google Ads,ES_Search_SummerEscape_2026Q2,72.53,8875,466,8,2334.2
2026-04-26,Solmar Hotels,Google Ads,ES_Search_Brand_2026Q2,64.28,6116,227,14,4376.11
2026-04-26,Solmar Hotels,Google Ads,ES_Search_Generic_2026Q2,82.65,7904,283,10,1724.72
2026-04-26,Solmar Hotels,Google Ads,ES_Search_SummerEscape_2026Q2,64.28,6150,215,10,
2026-04-27,Solmar Hotels,Google Ads,ES_Search_Brand_2026Q2,94.6,7531,239,15,5649.4
2026-04-27,Solmar Hotels,Google Ads,ES_Search_Generic_2026Q2,121.63,9823,360,21,6052.18
2026-04-27,Solmar Hotels,Google Ads,ES_Search_SummerEscape_2026Q2,94.6,7714,271,15,4447.16
2026-04-28,Solmar Hotels,Google Ads,ES_Search_Brand_2026Q2,56.76,6200,291,5,2020.22
2026-04-28,Solmar Hotels,Google Ads,ES_Search_Generic_2026Q2,72.97,8144,357,9,3185.01
2026-04-28,Solmar Hotels,Google Ads,ES_Search_SummerEscape_2026Q2,56.76,6187,302,6,3682.78
2026-04-29,Solmar Hotels,Google Ads,ES_Search_Brand_2026Q2,67.85,5731,337,10,3050.49
2026-04-29,Solmar Hotels,Google Ads,ES_Search_Generic_2026Q2,87.24,7336,377,5,1635.4
2026-04-29,Solmar Hotels,Google Ads,ES_Search_SummerEscape_2026Q2,67.85,5819,316,4,1355.5
2026-04-30,Solmar Hotels,Google Ads,ES_Search_Brand_2026Q2,58.88,6088,196,5,2076.94
2026-04-30,Solmar Hotels,Google Ads,ES_Search_Generic_2026Q2,75.71,7869,234,6,1053.21
2026-04-30,Solmar Hotels,Google Ads,ES_Search_SummerEscape_2026Q2,58.88,6005,191,10,1847.42
2026-05-01,Solmar Hotels,Google Ads,ES_Search_Brand_2026Q2,62.21,7261,302,7,2021.74
2026-05-01,Solmar Hotels,Google Ads,ES_Search_Generic_2026Q2,79.98,9163,439,14,4480.88
2026-05-01,Solmar Hotels,Google Ads,ES_Search_SummerEscape_2026Q2,62.21,7251,340,10,1169.63
2026-05-02,Solmar Hotels,Google Ads,ES_Search_Brand_2026Q2,64.6,5704,301,8,
2026-05-02,Solmar Hotels,Google Ads,ES_Search_Generic_2026Q2,83.05,7451,383,16,4878.09
2026-05-02,Solmar Hotels,Google Ads,ES_Search_SummerEscape_2026Q2,64.6,5766,280,14,4632.13
2026-05-03,Solmar Hotels,Google Ads,ES_Search_Brand_2026Q2,50.34,4319,221,6,1491.31
2026-05-03,Solmar Hotels,Google Ads,ES_Search_Generic_2026Q2,64.73,5653,294,8,2865.45
2026-05-03,Solmar Hotels,Google Ads,ES_Search_SummerEscape_2026Q2,50.34,4376,219,4,947.13
2026-05-04,Solmar Hotels,Google Ads,ES_Search_Brand_2026Q2,78.82,5948,274,11,3851.78
2026-05-04,Solmar Hotels,Google Ads,ES_Search_Generic_2026Q2,101.34,7522,332,14,2914.0
2026-05-04,Solmar Hotels,Google Ads,ES_Search_SummerEscape_2026Q2,78.82,5877,270,11,1749.74
2026-05-05,Solmar Hotels,Google Ads,ES_Search_Brand_2026Q2,55.26,6969,334,17,3392.58
2026-05-05,Solmar Hotels,Google Ads,ES_Search_Generic_2026Q2,71.05,8983,449,11,2662.62
2026-05-05,Solmar Hotels,Google Ads,ES_Search_SummerEscape_2026Q2,55.26,7024,362,10,2203.93
2026-05-06,Solmar Hotels,Google Ads,ES_Search_Brand_2026Q2,77.28,6039,261,7,1446.0
2026-05-06,Solmar Hotels,Google Ads,ES_Search_Generic_2026Q2,99.36,7755,321,10,2340.75
2026-05-06,Solmar Hotels,Google Ads,ES_Search_SummerEscape_2026Q2,77.28,6029,271,11,2864.59
2026-05-07,Solmar Hotels,Google Ads,ES_Search_Brand_2026Q2,77.58,6571,299,10,2301.93
2026-05-07,Solmar Hotels,Google Ads,ES_Search_Generic_2026Q2,99.75,8483,442,8,1805.86
2026-05-07,Solmar Hotels,Google Ads,ES_Search_SummerEscape_2026Q2,77.58,6660,273,2,636.35
2026-05-08,Solmar Hotels,Google Ads,ES_Search_Brand_2026Q2,54.53,3912,213,19,4867.78
2026-05-08,Solmar Hotels,Google Ads,ES_Search_Generic_2026Q2,70.11,5125,251,16,4635.2
2026-05-08,Solmar Hotels,Google Ads,ES_Search_SummerEscape_2026Q2,54.53,3926,181,4,742.1
2026-05-09,Solmar Hotels,Google Ads,ES_Search_Brand_2026Q2,76.09,9003,465,19,5193.05
2026-05-09,Solmar Hotels,Google Ads,ES_Search_Generic_2026Q2,97.83,11601,607,20,6759.19
2026-05-09,Solmar Hotels,Google Ads,ES_Search_SummerEscape_2026Q2,76.09,9099,474,24,6305.86
2026-05-09,Solmar Hotels,Google Ads,ES_Search_Brand_2026Q2,76.09,9003,465,19,5193.05
2026-05-09,Solmar Hotels,Google Ads,ES_Search_Generic_2026Q2,97.83,11601,607,20,6759.19
2026-05-09,Solmar Hotels,Google Ads,ES_Search_SummerEscape_2026Q2,76.09,9099,474,24,6305.86
2026-05-10,Solmar Hotels,Google Ads,ES_Search_Brand_2026Q2,69.83,6604,222,8,2178.79
2026-05-10,Solmar Hotels,Google Ads,ES_Search_Generic_2026Q2,89.78,8644,296,13,2972.22
2026-05-10,Solmar Hotels,Google Ads,ES_Search_SummerEscape_2026Q2,69.83,6589,232,10,2119.85
2026-05-10,Solmar Hotels,Google Ads,ES_Search_Brand_2026Q2,69.83,6604,222,8,2178.79
2026-05-10,Solmar Hotels,Google Ads,ES_Search_Generic_2026Q2,89.78,8644,296,13,2972.22
2026-05-10,Solmar Hotels,Google Ads,ES_Search_SummerEscape_2026Q2,69.83,6589,232,10,2119.85
2026-05-11,Solmar Hotels,Google Ads,ES_Search_Brand_2026Q2,73.84,9227,539,11,2979.87
2026-05-11,Solmar Hotels,Google Ads,ES_Search_Generic_2026Q2,94.94,11824,722,11,2865.08
2026-05-11,Solmar Hotels,Google Ads,ES_Search_SummerEscape_2026Q2,73.84,9234,511,7,1887.59
2026-05-11,Solmar Hotels,Google Ads,ES_Search_Brand_2026Q2,73.84,9227,539,11,2979.87
2026-05-11,Solmar Hotels,Google Ads,ES_Search_Generic_2026Q2,94.94,11824,722,11,2865.08
2026-05-11,Solmar Hotels,Google Ads,ES_Search_SummerEscape_2026Q2,73.84,9234,511,7,1887.59
2026-05-12,Solmar Hotels,Google Ads,ES_Search_Brand_2026Q2,62.71,5252,210,5,1101.54
2026-05-12,Solmar Hotels,Google Ads,ES_Search_Generic_2026Q2,80.63,7015,282,15,5369.39
2026-05-12,Solmar Hotels,Google Ads,ES_Search_SummerEscape_2026Q2,62.71,5377,226,11,3158.65
2026-05-12,Solmar Hotels,Google Ads,ES_Search_Brand_2026Q2,62.71,5252,210,5,1101.54
2026-05-12,Solmar Hotels,Google Ads,ES_Search_Generic_2026Q2,80.63,7015,282,15,5369.39
2026-05-12,Solmar Hotels,Google Ads,ES_Search_SummerEscape_2026Q2,62.71,5377,226,11,3158.65
2026-05-13,Solmar Hotels,Google Ads,ES_Search_Brand_2026Q2,67.04,5771,244,8,2603.13
2026-05-13,Solmar Hotels,Google Ads,ES_Search_Generic_2026Q2,86.2,7570,315,11,2647.88
2026-05-13,Solmar Hotels,Google Ads,ES_Search_SummerEscape_2026Q2,67.04,6010,291,5,1084.8
2026-05-13,Solmar Hotels,Google Ads,ES_Search_Brand_2026Q2,67.04,5771,244,8,2603.13
2026-05-13,Solmar Hotels,Google Ads,ES_Search_Generic_2026Q2,86.2,7570,315,11,2647.88
2026-05-13,Solmar Hotels,Google Ads,ES_Search_SummerEscape_2026Q2,67.04,6010,291,5,1084.8
2026-05-14,Solmar Hotels,Google Ads,ES_Search_Brand_2026Q2,75.12,6787,323,7,
2026-05-14,Solmar Hotels,Google Ads,ES_Search_Generic_2026Q2,96.59,8693,506,11,2723.06
2026-05-14,Solmar Hotels,Google Ads,ES_Search_SummerEscape_2026Q2,75.12,6808,342,6,1473.96
2026-05-14,Solmar Hotels,Google Ads,ES_Search_Brand_2026Q2,75.12,6787,323,7,
2026-05-14,Solmar Hotels,Google Ads,ES_Search_Generic_2026Q2,96.59,8693,506,11,2723.06
2026-05-14,Solmar Hotels,Google Ads,ES_Search_SummerEscape_2026Q2,75.12,6808,342,6,1473.96
2026-05-15,Solmar Hotels,Google Ads,ES_Search_Brand_2026Q2,85.58,6561,289,12,2813.05
2026-05-15,Solmar Hotels,Google Ads,ES_Search_Generic_2026Q2,110.04,8482,349,10,3332.49
2026-05-15,Solmar Hotels,Google Ads,ES_Search_SummerEscape_2026Q2,85.58,6625,307,12,4325.58
2026-05-15,Solmar Hotels,Google Ads,ES_Search_Brand_2026Q2,85.58,6561,289,12,2813.05
2026-05-15,Solmar Hotels,Google Ads,ES_Search_Generic_2026Q2,110.04,8482,349,10,3332.49
2026-05-15,Solmar Hotels,Google Ads,ES_Search_SummerEscape_2026Q2,85.58,6625,307,12,4325.58
2026-05-16,Solmar Hotels,Google Ads,ES_Search_Brand_2026Q2,84.15,6573,267,14,5049.83
2026-05-16,Solmar Hotels,Google Ads,ES_Search_Generic_2026Q2,108.2,8237,344,24,
2026-05-16,Solmar Hotels,Google Ads,ES_Search_SummerEscape_2026Q2,84.15,6328,242,11,2369.71
2026-05-16,Solmar Hotels,Google Ads,ES_Search_Brand_2026Q2,84.15,6573,267,14,5049.83
2026-05-16,Solmar Hotels,Google Ads,ES_Search_Generic_2026Q2,108.2,8237,344,24,
2026-05-16,Solmar Hotels,Google Ads,ES_Search_SummerEscape_2026Q2,84.15,6328,242,11,2369.71
2026-05-17,Solmar Hotels,Google Ads,ES_Search_Brand_2026Q2,61.67,8318,386,7,3463.72
2026-05-17,Solmar Hotels,Google Ads,ES_Search_Generic_2026Q2,79.3,10648,485,19,5419.02
2026-05-17,Solmar Hotels,Google Ads,ES_Search_SummerEscape_2026Q2,61.67,8440,373,10,1706.13
2026-05-17,Solmar Hotels,Google Ads,ES_Search_Brand_2026Q2,61.67,8318,386,7,3463.72
2026-05-17,Solmar Hotels,Google Ads,ES_Search_Generic_2026Q2,79.3,10648,485,19,5419.02
2026-05-17,Solmar Hotels,Google Ads,ES_Search_SummerEscape_2026Q2,61.67,8440,373,10,1706.13
2026-05-18,Solmar Hotels,Google Ads,ES_Search_Brand_2026Q2,89.16,12631,657,35,11491.75
2026-05-18,Solmar Hotels,Google Ads,ES_Search_Generic_2026Q2,114.63,16506,829,44,17162.8
2026-05-18,Solmar Hotels,Google Ads,ES_Search_SummerEscape_2026Q2,89.16,12676,674,42,7773.72
2026-05-18,Solmar Hotels,Google Ads,ES_Search_Brand_2026Q2,89.16,12631,657,35,11491.75
2026-05-18,Solmar Hotels,Google Ads,ES_Search_Generic_2026Q2,114.63,16506,829,44,17162.8
2026-05-18,Solmar Hotels,Google Ads,ES_Search_SummerEscape_2026Q2,89.16,12676,674,42,7773.72
2026-05-19,Solmar Hotels,Google Ads,ES_Search_Brand_2026Q2,84.67,7547,307,7,3276.96
2026-05-19,Solmar Hotels,Google Ads,ES_Search_Generic_2026Q2,108.86,9635,436,20,4522.83
2026-05-19,Solmar Hotels,Google Ads,ES_Search_SummerEscape_2026Q2,84.67,7396,305,13,3926.11
2026-05-20,Solmar Hotels,Google Ads,ES_Search_Brand_2026Q2,98.81,12736,636,22,5898.97
2026-05-20,Solmar Hotels,Google Ads,ES_Search_Generic_2026Q2,127.04,16280,826,48,9220.21
2026-05-20,Solmar Hotels,Google Ads,ES_Search_SummerEscape_2026Q2,98.81,12305,595,15,3462.87
2026-05-21,Solmar Hotels,Google Ads,ES_Search_Brand_2026Q2,97.84,10013,297,13,2320.29
2026-05-21,Solmar Hotels,Google Ads,ES_Search_Generic_2026Q2,125.8,12784,405,17,5020.13
2026-05-21,Solmar Hotels,Google Ads,ES_Search_SummerEscape_2026Q2,97.84,10252,323,11,2801.42
2026-05-22,Solmar Hotels,Google Ads,ES_Search_Brand_2026Q2,109.72,8168,405,13,3472.69
2026-05-22,Solmar Hotels,Google Ads,ES_Search_Generic_2026Q2,141.07,10635,500,13,3990.06
2026-05-22,Solmar Hotels,Google Ads,ES_Search_SummerEscape_2026Q2,109.72,8222,364,9,2527.36
2026-05-23,Solmar Hotels,Google Ads,ES_Search_Brand_2026Q2,81.04,8262,354,4,1659.86
2026-05-23,Solmar Hotels,Google Ads,ES_Search_Generic_2026Q2,104.2,10758,454,6,1558.75
2026-05-23,Solmar Hotels,Google Ads,ES_Search_SummerEscape_2026Q2,81.04,8141,308,4,904.25
2026-05-24,Solmar Hotels,Google Ads,ES_Search_Brand_2026Q2,82.46,6394,314,6,1876.02
2026-05-24,Solmar Hotels,Google Ads,ES_Search_Generic_2026Q2,106.03,8241,376,11,2832.0
2026-05-24,Solmar Hotels,Google Ads,ES_Search_SummerEscape_2026Q2,82.46,6480,328,10,3061.23
2026-05-25,Solmar Hotels,Google Ads,ES_Search_Brand_2026Q2,108.0,12867,660,21,3878.12
2026-05-25,Solmar Hotels,Google Ads,ES_Search_Generic_2026Q2,138.86,16315,868,35,5938.95
2026-05-25,Solmar Hotels,Google Ads,ES_Search_SummerEscape_2026Q2,108.0,12807,686,24,8097.61
2026-05-26,Solmar Hotels,Google Ads,ES_Search_Brand_2026Q2,102.56,13374,816,30,8932.84
2026-05-26,Solmar Hotels,Google Ads,ES_Search_Generic_2026Q2,131.86,17108,1050,49,12065.32
2026-05-26,Solmar Hotels,Google Ads,ES_Search_SummerEscape_2026Q2,102.56,13280,827,32,6066.91
2026-05-27,Solmar Hotels,Google Ads,ES_Search_Brand_2026Q2,135.41,13294,444,24,9821.21
2026-05-27,Solmar Hotels,Google Ads,ES_Search_Generic_2026Q2,174.09,17200,590,26,6333.1
2026-05-27,Solmar Hotels,Google Ads,ES_Search_SummerEscape_2026Q2,135.41,13372,464,20,6730.58
2026-05-28,Solmar Hotels,Google Ads,ES_Search_Brand_2026Q2,61.32,7635,313,12,4138.99
2026-05-28,Solmar Hotels,Google Ads,ES_Search_Generic_2026Q2,78.85,9787,409,13,2537.2
2026-05-28,Solmar Hotels,Google Ads,ES_Search_SummerEscape_2026Q2,61.32,7594,305,15,6248.86
2026-05-29,Solmar Hotels,Google Ads,ES_Search_Brand_2026Q2,101.87,8022,286,9,2295.93
2026-05-29,Solmar Hotels,Google Ads,ES_Search_Generic_2026Q2,130.97,10623,407,19,5441.64
2026-05-29,Solmar Hotels,Google Ads,ES_Search_SummerEscape_2026Q2,101.87,8253,321,6,1033.83
2026-05-30,Solmar Hotels,Google Ads,ES_Search_Brand_2026Q2,91.83,9827,398,8,1590.58
2026-05-30,Solmar Hotels,Google Ads,ES_Search_Generic_2026Q2,118.06,12633,568,21,11747.39
2026-05-30,Solmar Hotels,Google Ads,ES_Search_SummerEscape_2026Q2,91.83,9843,415,22,5452.85
2026-05-31,Solmar Hotels,Google Ads,ES_Search_Brand_2026Q2,97.28,11553,381,16,4760.96
2026-05-31,Solmar Hotels,Google Ads,ES_Search_Generic_2026Q2,125.07,14509,489,25,6006.98
2026-05-31,Solmar Hotels,Google Ads,ES_Search_SummerEscape_2026Q2,97.28,11490,388,14,4079.92
2026-06-01,Solmar Hotels,Google Ads,ES_Search_Brand_2026Q2,94.49,11789,648,26,9302.59
2026-06-01,Solmar Hotels,Google Ads,ES_Search_Generic_2026Q2,121.49,15212,749,43,8615.06
2026-06-01,Solmar Hotels,Google Ads,ES_Search_SummerEscape_2026Q2,94.49,11699,555,15,3324.67
2026-06-02,Solmar Hotels,Google Ads,ES_Search_Brand_2026Q2,104.79,9527,414,9,2001.51
2026-06-02,Solmar Hotels,Google Ads,ES_Search_Generic_2026Q2,134.73,12328,558,16,2987.47
2026-06-02,Solmar Hotels,Google Ads,ES_Search_SummerEscape_2026Q2,104.79,9720,441,5,1769.42
2026-06-03,Solmar Hotels,Google Ads,ES_Search_Brand_2026Q2,92.0,11526,515,17,6998.65
2026-06-03,Solmar Hotels,Google Ads,ES_Search_Generic_2026Q2,118.28,14799,669,32,7614.56
2026-06-03,Solmar Hotels,Google Ads,ES_Search_SummerEscape_2026Q2,92.0,11569,557,35,
2026-06-04,Solmar Hotels,Google Ads,ES_Search_Brand_2026Q2,121.3,9104,315,13,2427.37
2026-06-04,Solmar Hotels,Google Ads,ES_Search_Generic_2026Q2,155.96,11847,411,15,5224.11
2026-06-04,Solmar Hotels,Google Ads,ES_Search_SummerEscape_2026Q2,121.3,8936,292,9,1170.01
2026-06-05,Solmar Hotels,Google Ads,ES_Search_Brand_2026Q2,149.96,10985,401,13,3307.04
2026-06-05,Solmar Hotels,Google Ads,ES_Search_Generic_2026Q2,192.8,14252,462,13,4631.22
2026-06-05,Solmar Hotels,Google Ads,ES_Search_SummerEscape_2026Q2,149.96,11014,371,10,2517.03
2026-06-06,Solmar Hotels,Google Ads,ES_Search_Brand_2026Q2,106.84,15243,712,32,10148.99
2026-06-06,Solmar Hotels,Google Ads,ES_Search_Generic_2026Q2,137.37,19661,938,39,15203.33
2026-06-06,Solmar Hotels,Google Ads,ES_Search_SummerEscape_2026Q2,106.84,15231,725,34,11068.11
2026-06-07,Solmar Hotels,Google Ads,ES_Search_Brand_2026Q2,96.82,9791,369,3,743.21
2026-06-07,Solmar Hotels,Google Ads,ES_Search_Generic_2026Q2,124.48,12874,531,15,4329.56
2026-06-07,Solmar Hotels,Google Ads,ES_Search_SummerEscape_2026Q2,96.82,9836,378,6,1774.83
2026-06-08,Solmar Hotels,Google Ads,ES_Search_Brand_2026Q2,129.46,14389,799,17,4524.72
2026-06-08,Solmar Hotels,Google Ads,ES_Search_Generic_2026Q2,166.44,18511,937,27,4667.55
2026-06-08,Solmar Hotels,Google Ads,ES_Search_SummerEscape_2026Q2,129.46,14299,773,26,6444.87
2026-06-09,Solmar Hotels,Google Ads,ES_Search_Brand_2026Q2,105.59,13533,503,24,7093.06
2026-06-09,Solmar Hotels,Google Ads,ES_Search_Generic_2026Q2,135.76,17258,663,30,9266.35
2026-06-09,Solmar Hotels,Google Ads,ES_Search_SummerEscape_2026Q2,105.59,13548,557,26,6994.18
2026-06-10,Solmar Hotels,Google Ads,ES_Search_Brand_2026Q2,135.89,13113,617,20,4515.41
2026-06-10,Solmar Hotels,Google Ads,ES_Search_Generic_2026Q2,174.71,16797,779,39,9811.47
2026-06-10,Solmar Hotels,Google Ads,ES_Search_SummerEscape_2026Q2,135.89,13005,651,29,16144.08
2026-06-11,Solmar Hotels,Google Ads,ES_Search_Brand_2026Q2,120.84,13596,636,32,7563.54
2026-06-11,Solmar Hotels,Google Ads,ES_Search_Generic_2026Q2,155.36,16965,880,44,10125.96
2026-06-11,Solmar Hotels,Google Ads,ES_Search_SummerEscape_2026Q2,120.84,13172,690,35,8302.84
2026-06-12,Solmar Hotels,Google Ads,ES_Search_Brand_2026Q2,119.08,10220,322,6,1528.01
2026-06-12,Solmar Hotels,Google Ads,ES_Search_Generic_2026Q2,153.1,12859,437,12,3319.66
2026-06-12,Solmar Hotels,Google Ads,ES_Search_SummerEscape_2026Q2,119.08,10181,302,10,2239.96
2026-06-13,Solmar Hotels,Google Ads,ES_Search_Brand_2026Q2,133.12,11933,420,12,4040.55
2026-06-13,Solmar Hotels,Google Ads,ES_Search_Generic_2026Q2,171.16,15001,554,14,2355.24
2026-06-13,Solmar Hotels,Google Ads,ES_Search_SummerEscape_2026Q2,133.12,11776,395,11,2711.5
2026-06-14,Solmar Hotels,Google Ads,ES_Search_Brand_2026Q2,140.76,19644,629,18,3253.48
2026-06-14,Solmar Hotels,Google Ads,ES_Search_Generic_2026Q2,180.98,25236,877,27,8760.7
2026-06-14,Solmar Hotels,Google Ads,ES_Search_SummerEscape_2026Q2,140.76,19699,698,25,5862.75
2026-06-15,Solmar Hotels,Google Ads,ES_Search_Brand_2026Q2,152.74,11345,709,24,5432.94
2026-06-15,Solmar Hotels,Google Ads,ES_Search_Generic_2026Q2,196.38,14808,840,27,
2026-06-15,Solmar Hotels,Google Ads,ES_Search_SummerEscape_2026Q2,152.74,11504,648,21,5893.38
2026-06-16,Solmar Hotels,Google Ads,ES_Search_Brand_2026Q2,135.49,11822,717,28,7329.11
2026-06-16,Solmar Hotels,Google Ads,ES_Search_Generic_2026Q2,174.21,15206,929,32,6787.21
2026-06-16,Solmar Hotels,Google Ads,ES_Search_SummerEscape_2026Q2,135.49,12066,676,29,7168.05
2026-06-17,Solmar Hotels,Google Ads,ES_Search_Brand_2026Q2,145.88,18518,579,28,6658.36
2026-06-17,Solmar Hotels,Google Ads,ES_Search_Generic_2026Q2,187.56,23938,785,46,14615.9
2026-06-17,Solmar Hotels,Google Ads,ES_Search_SummerEscape_2026Q2,145.88,18318,622,25,7258.96
2026-06-18,Solmar Hotels,Google Ads,ES_Search_Brand_2026Q2,138.17,16835,727,43,5386.4
2026-06-18,Solmar Hotels,Google Ads,ES_Search_Generic_2026Q2,177.64,21817,899,44,11906.61
2026-06-18,Solmar Hotels,Google Ads,ES_Search_SummerEscape_2026Q2,138.17,17050,706,34,11341.69
2026-06-19,Solmar Hotels,Google Ads,ES_Search_Brand_2026Q2,148.29,13942,789,27,6046.18
2026-06-19,Solmar Hotels,Google Ads,ES_Search_Generic_2026Q2,190.66,17958,1106,61,12336.7
2026-06-19,Solmar Hotels,Google Ads,ES_Search_SummerEscape_2026Q2,148.29,14086,821,37,8817.77
2026-06-20,Solmar Hotels,Google Ads,ES_Search_Brand_2026Q2,177.94,13903,561,32,9523.65
2026-06-20,Solmar Hotels,Google Ads,ES_Search_Generic_2026Q2,228.78,17959,728,42,10697.03
2026-06-20,Solmar Hotels,Google Ads,ES_Search_SummerEscape_2026Q2,177.94,13870,568,37,9195.07
2026-06-21,Solmar Hotels,Google Ads,ES_Search_Brand_2026Q2,143.97,19316,1073,34,8358.46
2026-06-21,Solmar Hotels,Google Ads,ES_Search_Generic_2026Q2,185.11,24980,1377,63,10200.63
2026-06-21,Solmar Hotels,Google Ads,ES_Search_SummerEscape_2026Q2,143.97,19458,1016,37,9581.48
2026-06-22,Solmar Hotels,Google Ads,ES_Search_Brand_2026Q2,172.79,14711,864,42,17800.36
2026-06-22,Solmar Hotels,Google Ads,ES_Search_Generic_2026Q2,222.16,18963,1075,38,9404.21
2026-06-22,Solmar Hotels,Google Ads,ES_Search_SummerEscape_2026Q2,172.79,14732,874,39,6847.53
2026-06-23,Solmar Hotels,Google Ads,ES_Search_Brand_2026Q2,141.07,15907,581,21,4775.66
2026-06-23,Solmar Hotels,Google Ads,ES_Search_Generic_2026Q2,181.37,20590,789,19,7737.99
2026-06-23,Solmar Hotels,Google Ads,ES_Search_SummerEscape_2026Q2,141.07,15850,592,21,4232.92
2026-06-24,Solmar Hotels,Google Ads,ES_Search_Brand_2026Q2,149.99,12190,697,26,5715.83
2026-06-24,Solmar Hotels,Google Ads,ES_Search_Generic_2026Q2,192.84,15805,950,26,4391.57
2026-06-24,Solmar Hotels,Google Ads,ES_Search_SummerEscape_2026Q2,149.99,12198,689,20,6220.45
2026-06-25,Solmar Hotels,Google Ads,ES_Search_Brand_2026Q2,197.32,14975,872,36,
2026-06-25,Solmar Hotels,Google Ads,ES_Search_Generic_2026Q2,253.7,19298,1034,45,10421.45
2026-06-25,Solmar Hotels,Google Ads,ES_Search_SummerEscape_2026Q2,197.32,15047,795,29,6804.0
2026-06-26,Solmar Hotels,Google Ads,ES_Search_Brand_2026Q2,185.0,19289,1113,57,12626.7
2026-06-26,Solmar Hotels,Google Ads,ES_Search_Generic_2026Q2,237.85,24540,1398,63,20088.65
2026-06-26,Solmar Hotels,Google Ads,ES_Search_SummerEscape_2026Q2,185.0,19430,1102,45,11906.12
2026-06-27,Solmar Hotels,Google Ads,ES_Search_Brand_2026Q2,184.27,21209,909,39,7070.74
2026-06-27,Solmar Hotels,Google Ads,ES_Search_Generic_2026Q2,236.91,27325,1172,55,19073.9
2026-06-27,Solmar Hotels,Google Ads,ES_Search_SummerEscape_2026Q2,184.27,21261,921,35,6582.53
2026-06-28,Solmar Hotels,Google Ads,ES_Search_Brand_2026Q2,175.8,12641,392,10,2979.72
2026-06-28,Solmar Hotels,Google Ads,ES_Search_Generic_2026Q2,226.03,16419,570,18,4075.27
2026-06-28,Solmar Hotels,Google Ads,ES_Search_SummerEscape_2026Q2,175.8,12720,426,11,3505.9
2026-06-29,Solmar Hotels,Google Ads,ES_Search_Brand_2026Q2,127.75,10826,404,10,2693.71
2026-06-29,Solmar Hotels,Google Ads,ES_Search_Generic_2026Q2,164.25,13655,538,19,5081.64
2026-06-29,Solmar Hotels,Google Ads,ES_Search_SummerEscape_2026Q2,127.75,10513,415,11,3387.65
2026-06-30,Solmar Hotels,Google Ads,ES_Search_Brand_2026Q2,161.81,13313,677,29,6181.87
2026-06-30,Solmar Hotels,Google Ads,ES_Search_Generic_2026Q2,208.05,17357,937,51,12937.02
2026-06-30,Solmar Hotels,Google Ads,ES_Search_SummerEscape_2026Q2,161.81,13467,733,32,
2026-07-01,Solmar Hotels,Google Ads,ES_Search_Brand_2026Q3,143.34,12991,546,8,1798.98
2026-07-01,Solmar Hotels,Google Ads,ES_Search_Generic_2026Q3,184.3,17055,666,17,3281.2
2026-07-01,Solmar Hotels,Google Ads,ES_Search_SummerEscape_2026Q3,143.34,13387,500,14,3655.05
2026-07-02,Solmar Hotels,Google Ads,ES_Search_Brand_2026Q3,168.36,18607,663,31,6893.2
2026-07-02,Solmar Hotels,Google Ads,ES_Search_Generic_2026Q3,216.46,23898,906,44,14081.37
2026-07-02,Solmar Hotels,Google Ads,ES_Search_SummerEscape_2026Q3,168.36,18873,712,28,
2026-07-03,Solmar Hotels,Google Ads,ES_Search_Brand_2026Q3,250.79,26200,1053,23,6673.64
2026-07-03,Solmar Hotels,Google Ads,ES_Search_Generic_2026Q3,322.44,33776,1342,35,7951.73
2026-07-03,Solmar Hotels,Google Ads,ES_Search_SummerEscape_2026Q3,250.79,26473,1009,35,12439.69
2026-07-04,Solmar Hotels,Google Ads,ES_Search_Brand_2026Q3,175.48,17404,681,22,4434.83
2026-07-04,Solmar Hotels,Google Ads,ES_Search_Generic_2026Q3,225.62,22122,784,33,11055.81
2026-07-04,Solmar Hotels,Google Ads,ES_Search_SummerEscape_2026Q3,175.48,17107,619,17,
2026-07-05,Solmar Hotels,Google Ads,ES_Search_Brand_2026Q3,231.06,21454,982,25,3846.53
2026-07-05,Solmar Hotels,Google Ads,ES_Search_Generic_2026Q3,297.08,27959,1354,36,6742.41
2026-07-05,Solmar Hotels,Google Ads,ES_Search_SummerEscape_2026Q3,231.06,21490,1007,38,7059.6
2026-07-06,Solmar Hotels,Google Ads,ES_Search_Brand_2026Q3,156.64,12536,631,17,5803.03
2026-07-06,Solmar Hotels,Google Ads,ES_Search_Generic_2026Q3,201.4,15944,812,27,5034.71
2026-07-06,Solmar Hotels,Google Ads,ES_Search_SummerEscape_2026Q3,156.64,12473,572,21,6485.39
2026-07-07,Solmar Hotels,Google Ads,ES_Search_Brand_2026Q3,247.61,25688,978,37,12421.46
2026-07-07,Solmar Hotels,Google Ads,ES_Search_Generic_2026Q3,318.36,33140,1257,46,7786.95
2026-07-07,Solmar Hotels,Google Ads,ES_Search_SummerEscape_2026Q3,247.61,25554,945,54,10840.7
2026-07-08,Solmar Hotels,Google Ads,ES_Search_Brand_2026Q3,236.2,26820,1560,37,
2026-07-08,Solmar Hotels,Google Ads,ES_Search_Generic_2026Q3,303.69,34498,1963,38,7860.9
2026-07-08,Solmar Hotels,Google Ads,ES_Search_SummerEscape_2026Q3,236.2,27265,1550,33,10236.87
2026-07-09,Solmar Hotels,Google Ads,ES_Search_Brand_2026Q3,217.24,26045,1354,38,8701.7
2026-07-09,Solmar Hotels,Google Ads,ES_Search_Generic_2026Q3,279.31,33619,1787,53,11219.37
2026-07-09,Solmar Hotels,Google Ads,ES_Search_SummerEscape_2026Q3,217.24,26082,1355,48,16191.39
2026-07-10,Solmar Hotels,Google Ads,ES_Search_Brand_2026Q3,289.81,29843,1398,25,6842.15
2026-07-10,Solmar Hotels,Google Ads,ES_Search_Generic_2026Q3,372.61,38715,1837,57,7217.55
2026-07-10,Solmar Hotels,Google Ads,ES_Search_SummerEscape_2026Q3,289.81,29732,1321,35,5719.87
2026-07-11,Solmar Hotels,Google Ads,ES_Search_Brand_2026Q3,192.81,14266,805,43,10541.81
2026-07-11,Solmar Hotels,Google Ads,ES_Search_Generic_2026Q3,247.9,18423,1026,51,13734.12
2026-07-11,Solmar Hotels,Google Ads,ES_Search_SummerEscape_2026Q3,192.81,14173,805,47,10069.8
2026-07-12,Solmar Hotels,Google Ads,ES_Search_Brand_2026Q3,198.42,24140,1302,45,10656.67
2026-07-12,Solmar Hotels,Google Ads,ES_Search_Generic_2026Q3,255.11,30342,1588,55,15316.65
2026-07-12,Solmar Hotels,Google Ads,ES_Search_SummerEscape_2026Q3,198.42,24044,1212,29,10652.32
2026-07-13,Solmar Hotels,Google Ads,ES_Search_Brand_2026Q3,218.23,27974,1382,55,8794.37
2026-07-13,Solmar Hotels,Google Ads,ES_Search_Generic_2026Q3,280.58,35618,1785,65,16642.29
2026-07-13,Solmar Hotels,Google Ads,ES_Search_SummerEscape_2026Q3,218.23,28070,1403,60,13289.8
2026-07-14,Solmar Hotels,Google Ads,ES_Search_Brand_2026Q3,262.1,19957,872,28,9008.02
2026-07-14,Solmar Hotels,Google Ads,ES_Search_Generic_2026Q3,336.99,25411,1061,30,10091.21
2026-07-14,Solmar Hotels,Google Ads,ES_Search_SummerEscape_2026Q3,262.1,19990,847,27,6786.57
2026-07-15,Solmar Hotels,Google Ads,ES_Search_Brand_2026Q3,201.45,15795,708,22,8880.71
2026-07-15,Solmar Hotels,Google Ads,ES_Search_Generic_2026Q3,259.01,20176,876,22,9515.99
2026-07-15,Solmar Hotels,Google Ads,ES_Search_SummerEscape_2026Q3,201.45,15711,712,17,5227.93
2026-07-16,Solmar Hotels,Google Ads,ES_Search_Brand_2026Q3,214.37,19474,951,17,3825.81
2026-07-16,Solmar Hotels,Google Ads,ES_Search_Generic_2026Q3,275.62,25153,1253,24,8363.96
2026-07-16,Solmar Hotels,Google Ads,ES_Search_SummerEscape_2026Q3,214.37,19657,944,18,4175.08
2026-07-17,Solmar Hotels,Google Ads,ES_Search_Brand_2026Q3,257.37,25574,959,32,8356.16
2026-07-17,Solmar Hotels,Google Ads,ES_Search_Generic_2026Q3,330.91,33091,1198,66,18212.92
2026-07-17,Solmar Hotels,Google Ads,ES_Search_SummerEscape_2026Q3,257.37,25673,969,44,8056.2
2026-07-18,Solmar Hotels,Google Ads,ES_Search_Brand_2026Q3,191.27,23171,808,20,3974.28
2026-07-18,Solmar Hotels,Google Ads,ES_Search_Generic_2026Q3,245.91,29883,981,29,6625.68
2026-07-18,Solmar Hotels,Google Ads,ES_Search_SummerEscape_2026Q3,191.27,23285,780,15,4210.67
2026-07-19,Solmar Hotels,Google Ads,ES_Search_Brand_2026Q3,131.1,12707,587,17,4740.76
2026-07-19,Solmar Hotels,Google Ads,ES_Search_Generic_2026Q3,168.56,16381,720,12,2815.65
2026-07-19,Solmar Hotels,Google Ads,ES_Search_SummerEscape_2026Q3,131.1,12379,582,15,4123.85
2026-07-20,Solmar Hotels,Google Ads,ES_Search_Brand_2026Q3,247.58,32190,1756,54,13621.05
2026-07-20,Solmar Hotels,Google Ads,ES_Search_Generic_2026Q3,318.31,41274,2305,66,19541.34
2026-07-20,Solmar Hotels,Google Ads,ES_Search_SummerEscape_2026Q3,247.58,31993,1809,66,14320.99
2026-07-21,Solmar Hotels,Google Ads,ES_Search_Brand_2026Q3,209.54,26154,1332,38,16837.17
2026-07-21,Solmar Hotels,Google Ads,ES_Search_Generic_2026Q3,269.41,33919,1740,46,12272.26
2026-07-21,Solmar Hotels,Google Ads,ES_Search_SummerEscape_2026Q3,209.54,26092,1282,41,13457.57
2026-07-22,Solmar Hotels,Google Ads,ES_Search_Brand_2026Q3,203.55,26130,798,34,11615.04
2026-07-22,Solmar Hotels,Google Ads,ES_Search_Generic_2026Q3,261.71,33581,1112,43,13087.59
2026-07-22,Solmar Hotels,Google Ads,ES_Search_SummerEscape_2026Q3,203.55,25868,855,40,
2026-07-23,Solmar Hotels,Google Ads,ES_Search_Brand_2026Q3,204.1,17595,779,34,7917.33
2026-07-23,Solmar Hotels,Google Ads,ES_Search_Generic_2026Q3,262.41,22403,1054,54,10521.96
2026-07-23,Solmar Hotels,Google Ads,ES_Search_SummerEscape_2026Q3,204.1,17354,828,38,10649.2
2026-07-24,Solmar Hotels,Google Ads,ES_Search_Brand_2026Q3,227.02,17510,912,43,15183.22
2026-07-24,Solmar Hotels,Google Ads,ES_Search_Generic_2026Q3,291.88,22647,1155,52,15189.68
2026-07-24,Solmar Hotels,Google Ads,ES_Search_SummerEscape_2026Q3,227.02,17539,887,36,8677.84
2026-07-25,Solmar Hotels,Google Ads,ES_Search_Brand_2026Q3,189.22,18306,834,42,6368.55
2026-07-25,Solmar Hotels,Google Ads,ES_Search_Generic_2026Q3,243.28,23675,1146,52,14684.12
2026-07-25,Solmar Hotels,Google Ads,ES_Search_SummerEscape_2026Q3,189.22,18510,910,43,7300.26
2026-07-26,Solmar Hotels,Google Ads,ES_Search_Brand_2026Q3,160.59,18597,841,20,7460.21
2026-07-26,Solmar Hotels,Google Ads,ES_Search_Generic_2026Q3,206.47,23691,1095,24,5658.99
2026-07-26,Solmar Hotels,Google Ads,ES_Search_SummerEscape_2026Q3,160.59,18301,862,24,7148.5
2026-07-27,Solmar Hotels,Google Ads,ES_Search_Brand_2026Q3,252.16,18528,981,37,6820.01
2026-07-27,Solmar Hotels,Google Ads,ES_Search_Generic_2026Q3,324.21,23725,1223,44,
2026-07-27,Solmar Hotels,Google Ads,ES_Search_SummerEscape_2026Q3,252.16,18434,946,39,5389.79
2026-07-28,Solmar Hotels,Google Ads,ES_Search_Brand_2026Q3,159.88,12754,441,12,2867.48
2026-07-28,Solmar Hotels,Google Ads,ES_Search_Generic_2026Q3,205.56,16444,598,9,2923.11
2026-07-28,Solmar Hotels,Google Ads,ES_Search_SummerEscape_2026Q3,159.88,12709,444,9,1878.11
2026-07-29,Solmar Hotels,Google Ads,ES_Search_Brand_2026Q3,200.06,26623,1206,33,13808.73
2026-07-29,Solmar Hotels,Google Ads,ES_Search_Generic_2026Q3,257.21,34215,1563,28,5369.64
2026-07-29,Solmar Hotels,Google Ads,ES_Search_SummerEscape_2026Q3,200.06,26564,1247,32,8159.37
2026-07-30,Solmar Hotels,Google Ads,ES_Search_Brand_2026Q3,185.01,15543,888,42,9027.33
2026-07-30,Solmar Hotels,Google Ads,ES_Search_Generic_2026Q3,237.87,19813,1147,51,10843.86
2026-07-30,Solmar Hotels,Google Ads,ES_Search_SummerEscape_2026Q3,185.01,15398,837,48,13204.1
2026-07-31,Solmar Hotels,Google Ads,ES_Search_Brand_2026Q3,200.64,16837,864,43,7386.2
2026-07-31,Solmar Hotels,Google Ads,ES_Search_Generic_2026Q3,257.96,21322,1080,49,10238.16
2026-07-31,Solmar Hotels,Google Ads,ES_Search_SummerEscape_2026Q3,200.64,16799,821,35,13337.94
