date,client,channel,campaign_name,spend,impressions,clicks,conversions,conversion_value
2025-01-31,Clinica Vantia,LinkedIn Ads,Partnerships Sponsored ES Q1,3.41,95,0,0,0.0
2025-02-01,Clinica Vantia,LinkedIn Ads,Partnerships Sponsored ES Q1,5.03,148,0,0,0.0
2025-02-02,Clinica Vantia,LinkedIn Ads,Partnerships Sponsored ES Q1,15.81,398,4,0,0.0
2025-02-03,Clinica Vantia,LinkedIn Ads,Partnerships Sponsored ES Q1,15.77,406,2,0,0.0
2025-02-04,Clinica Vantia,LinkedIn Ads,Partnerships Sponsored ES Q1,17.85,612,5,0,0.0
2025-02-05,Clinica Vantia,LinkedIn Ads,Partnerships Sponsored ES Q1,15.56,363,1,0,0.0
2025-02-06,Clinica Vantia,LinkedIn Ads,Partnerships Sponsored ES Q1,17.59,484,3,0,0.0
2025-02-07,Clinica Vantia,LinkedIn Ads,Partnerships Sponsored ES Q1,3.39,84,0,0,0.0
2025-02-08,Clinica Vantia,LinkedIn Ads,Partnerships Sponsored ES Q1,3.29,107,0,0,0.0
2025-02-09,Clinica Vantia,LinkedIn Ads,Partnerships Sponsored ES Q1,12.71,283,2,0,0.0
2025-02-10,Clinica Vantia,LinkedIn Ads,Partnerships Sponsored ES Q1,16.08,481,3,0,0.0
2025-02-11,Clinica Vantia,LinkedIn Ads,Partnerships Sponsored ES Q1,10.6,293,2,0,0.0
2025-02-12,Clinica Vantia,LinkedIn Ads,Partnerships Sponsored ES Q1,13.02,380,1,0,0.0
2025-02-13,Clinica Vantia,LinkedIn Ads,Partnerships Sponsored ES Q1,12.43,449,2,0,0.0
2025-02-14,Clinica Vantia,LinkedIn Ads,Partnerships Sponsored ES Q1,3.6,110,0,0,0.0
2025-02-15,Clinica Vantia,LinkedIn Ads,Partnerships Sponsored ES Q1,4.92,120,4,0,0.0
2025-02-16,Clinica Vantia,LinkedIn Ads,Partnerships Sponsored ES Q1,13.55,391,2,0,0.0
2025-02-17,Clinica Vantia,LinkedIn Ads,Partnerships Sponsored ES Q1,16.18,441,2,0,0.0
2025-02-18,Clinica Vantia,LinkedIn Ads,Partnerships Sponsored ES Q1,12.11,316,0,0,0.0
2025-02-19,Clinica Vantia,LinkedIn Ads,Partnerships Sponsored ES Q1,14.91,334,2,0,0.0
2025-02-20,Clinica Vantia,LinkedIn Ads,Partnerships Sponsored ES Q1,14.26,329,3,0,0.0
2025-02-21,Clinica Vantia,LinkedIn Ads,Partnerships Sponsored ES Q1,3.01,66,1,0,0.0
2025-02-22,Clinica Vantia,LinkedIn Ads,Partnerships Sponsored ES Q1,4.59,97,0,0,0.0
2025-02-23,Clinica Vantia,LinkedIn Ads,Partnerships Sponsored ES Q1,18.66,403,5,0,0.0
2025-02-24,Clinica Vantia,LinkedIn Ads,Partnerships Sponsored ES Q1,14.26,476,0,0,0.0
2025-02-25,Clinica Vantia,LinkedIn Ads,Partnerships Sponsored ES Q1,13.24,400,0,0,0.0
2025-02-26,Clinica Vantia,LinkedIn Ads,Partnerships Sponsored ES Q1,13.05,456,2,1,36.7
2025-02-27,Clinica Vantia,LinkedIn Ads,Partnerships Sponsored ES Q1,16.68,525,2,0,0.0
2025-02-28,Clinica Vantia,LinkedIn Ads,Partnerships Sponsored ES Q1,3.51,112,0,0,0.0
2025-03-01,Clinica Vantia,LinkedIn Ads,Partnerships Sponsored ES Q1,3.7,107,0,0,0.0
2025-03-02,Clinica Vantia,LinkedIn Ads,Partnerships Sponsored ES Q1,13.67,333,0,0,0.0
2025-03-03,Clinica Vantia,LinkedIn Ads,Partnerships Sponsored ES Q1,17.14,358,0,0,0.0
2025-03-04,Clinica Vantia,LinkedIn Ads,Partnerships Sponsored ES Q1,13.18,346,2,0,0.0
2025-03-05,Clinica Vantia,LinkedIn Ads,Partnerships Sponsored ES Q1,12.39,279,1,0,0.0
2025-03-06,Clinica Vantia,LinkedIn Ads,Partnerships Sponsored ES Q1,13.5,358,1,0,0.0
2025-03-07,Clinica Vantia,LinkedIn Ads,Partnerships Sponsored ES Q1,3.49,103,0,0,0.0
2025-03-08,Clinica Vantia,LinkedIn Ads,Partnerships Sponsored ES Q1,3.41,131,0,0,0.0
2025-03-09,Clinica Vantia,LinkedIn Ads,Partnerships Sponsored ES Q1,16.67,559,2,0,0.0
2025-03-10,Clinica Vantia,LinkedIn Ads,Partnerships Sponsored ES Q1,14.53,370,3,0,0.0
2025-03-11,Clinica Vantia,LinkedIn Ads,Partnerships Sponsored ES Q1,14.66,358,0,0,0.0
2025-03-12,Clinica Vantia,LinkedIn Ads,Partnerships Sponsored ES Q1,12.65,296,2,0,0.0
2025-03-13,Clinica Vantia,LinkedIn Ads,Partnerships Sponsored ES Q1,18.68,650,5,0,0.0
2025-03-14,Clinica Vantia,LinkedIn Ads,Partnerships Sponsored ES Q1,4.24,78,0,0,0.0
2025-03-15,Clinica Vantia,LinkedIn Ads,Partnerships Sponsored ES Q1,3.94,121,0,0,0.0
2025-03-16,Clinica Vantia,LinkedIn Ads,Partnerships Sponsored ES Q1,15.66,361,5,0,0.0
2025-03-17,Clinica Vantia,LinkedIn Ads,Partnerships Sponsored ES Q1,13.87,451,1,0,0.0
2025-03-18,Clinica Vantia,LinkedIn Ads,Partnerships Sponsored ES Q1,14.47,381,3,0,0.0
2025-03-19,Clinica Vantia,LinkedIn Ads,Partnerships Sponsored ES Q1,11.33,357,2,0,0.0
2025-03-20,Clinica Vantia,LinkedIn Ads,Partnerships Sponsored ES Q1,16.24,356,1,0,0.0
2025-03-21,Clinica Vantia,LinkedIn Ads,Partnerships Sponsored ES Q1,3.86,100,0,0,0.0
2025-03-22,Clinica Vantia,LinkedIn Ads,Partnerships Sponsored ES Q1,3.2,102,1,0,0.0
2025-03-23,Clinica Vantia,LinkedIn Ads,Partnerships Sponsored ES Q1,14.14,413,1,0,0.0
2025-03-24,Clinica Vantia,LinkedIn Ads,Partnerships Sponsored ES Q1,13.14,343,1,0,0.0
2025-03-25,Clinica Vantia,LinkedIn Ads,Partnerships Sponsored ES Q1,14.02,384,4,0,0.0
2025-03-26,Clinica Vantia,LinkedIn Ads,Partnerships Sponsored ES Q1,16.08,361,1,0,0.0
2025-03-27,Clinica Vantia,LinkedIn Ads,Partnerships Sponsored ES Q1,13.02,293,0,0,0.0
2025-03-28,Clinica Vantia,LinkedIn Ads,Partnerships Sponsored ES Q1,3.13,103,1,0,0.0
2025-03-29,Clinica Vantia,LinkedIn Ads,Partnerships Sponsored ES Q1,3.82,84,1,0,0.0
2025-03-30,Clinica Vantia,LinkedIn Ads,Partnerships Sponsored ES Q1,13.99,401,1,0,0.0
2025-03-31,Clinica Vantia,LinkedIn Ads,Partnerships Sponsored ES Q2,17.71,456,4,0,0.0
2025-04-01,Clinica Vantia,LinkedIn Ads,Partnerships Sponsored ES Q2,13.23,245,1,0,0.0
2025-04-02,Clinica Vantia,LinkedIn Ads,Partnerships Sponsored ES Q2,13.63,312,2,0,0.0
2025-04-03,Clinica Vantia,LinkedIn Ads,Partnerships Sponsored ES Q2,14.42,296,1,0,0.0
2025-04-04,Clinica Vantia,LinkedIn Ads,Partnerships Sponsored ES Q2,5.39,171,1,1,43.73
2025-04-05,Clinica Vantia,LinkedIn Ads,Partnerships Sponsored ES Q2,3.4,72,0,0,0.0
2025-04-06,Clinica Vantia,LinkedIn Ads,Partnerships Sponsored ES Q2,14.05,372,1,0,0.0
2025-04-07,Clinica Vantia,LinkedIn Ads,Partnerships Sponsored ES Q2,17.28,543,7,0,0.0
2025-04-08,Clinica Vantia,LinkedIn Ads,Partnerships Sponsored ES Q2,13.01,369,6,0,0.0
2025-04-09,Clinica Vantia,LinkedIn Ads,Partnerships Sponsored ES Q2,16.1,434,4,0,0.0
2025-04-10,Clinica Vantia,LinkedIn Ads,Partnerships Sponsored ES Q2,15.27,474,4,0,0.0
2025-04-11,Clinica Vantia,LinkedIn Ads,Partnerships Sponsored ES Q2,3.65,114,2,0,0.0
2025-04-12,Clinica Vantia,LinkedIn Ads,Partnerships Sponsored ES Q2,3.9,131,0,0,0.0
2025-04-13,Clinica Vantia,LinkedIn Ads,Partnerships Sponsored ES Q2,11.61,273,2,0,0.0
2025-04-14,Clinica Vantia,LinkedIn Ads,Partnerships Sponsored ES Q2,15.15,444,3,0,0.0
2025-04-15,Clinica Vantia,LinkedIn Ads,Partnerships Sponsored ES Q2,12.45,325,5,0,0.0
2025-04-16,Clinica Vantia,LinkedIn Ads,Partnerships Sponsored ES Q2,16.19,558,9,0,0.0
2025-04-17,Clinica Vantia,LinkedIn Ads,Partnerships Sponsored ES Q2,12.14,254,1,0,0.0
2025-04-18,Clinica Vantia,LinkedIn Ads,Partnerships Sponsored ES Q2,3.75,107,2,0,0.0
2025-04-19,Clinica Vantia,LinkedIn Ads,Partnerships Sponsored ES Q2,3.48,114,2,0,0.0
2025-04-20,Clinica Vantia,LinkedIn Ads,Partnerships Sponsored ES Q2,14.82,400,3,0,0.0
2025-04-21,Clinica Vantia,LinkedIn Ads,Partnerships Sponsored ES Q2,14.21,499,4,1,48.67
2025-04-22,Clinica Vantia,LinkedIn Ads,Partnerships Sponsored ES Q2,15.3,343,4,0,0.0
2025-04-23,Clinica Vantia,LinkedIn Ads,Partnerships Sponsored ES Q2,12.95,414,2,0,0.0
2025-04-24,Clinica Vantia,LinkedIn Ads,Partnerships Sponsored ES Q2,16.32,406,4,0,0.0
2025-04-25,Clinica Vantia,LinkedIn Ads,Partnerships Sponsored ES Q2,3.71,107,2,0,0.0
2025-04-26,Clinica Vantia,LinkedIn Ads,Partnerships Sponsored ES Q2,3.9,94,1,0,0.0
2025-04-27,Clinica Vantia,LinkedIn Ads,Partnerships Sponsored ES Q2,15.07,423,0,0,0.0
2025-04-28,Clinica Vantia,LinkedIn Ads,Partnerships Sponsored ES Q2,13.16,327,1,0,0.0
2025-04-29,Clinica Vantia,LinkedIn Ads,Partnerships Sponsored ES Q2,16.0,462,5,0,0.0
2025-04-30,Clinica Vantia,LinkedIn Ads,Partnerships Sponsored ES Q2,17.78,374,7,0,0.0
2025-05-01,Clinica Vantia,LinkedIn Ads,Partnerships Sponsored ES Q2,13.17,399,2,0,0.0
2025-05-02,Clinica Vantia,LinkedIn Ads,Partnerships Sponsored ES Q2,3.67,131,0,0,0.0
2025-05-03,Clinica Vantia,LinkedIn Ads,Partnerships Sponsored ES Q2,3.02,82,0,0,0.0
2025-05-04,Clinica Vantia,LinkedIn Ads,Partnerships Sponsored ES Q2,14.87,361,3,0,0.0
2025-05-05,Clinica Vantia,LinkedIn Ads,Partnerships Sponsored ES Q2,14.45,438,2,0,0.0
2025-05-06,Clinica Vantia,LinkedIn Ads,Partnerships Sponsored ES Q2,20.56,620,5,0,0.0
2025-05-07,Clinica Vantia,LinkedIn Ads,Partnerships Sponsored ES Q2,11.89,270,3,0,0.0
2025-05-08,Clinica Vantia,LinkedIn Ads,Partnerships Sponsored ES Q2,16.85,492,2,0,0.0
2025-05-09,Clinica Vantia,LinkedIn Ads,Partnerships Sponsored ES Q2,3.75,88,1,0,0.0
2025-05-10,Clinica Vantia,LinkedIn Ads,Partnerships Sponsored ES Q2,3.81,107,0,0,0.0
2025-05-11,Clinica Vantia,LinkedIn Ads,Partnerships Sponsored ES Q2,16.88,369,0,0,0.0
2025-05-12,Clinica Vantia,LinkedIn Ads,Partnerships Sponsored ES Q2,12.54,324,0,0,0.0
2025-05-13,Clinica Vantia,LinkedIn Ads,Partnerships Sponsored ES Q2,11.72,326,2,0,0.0
2025-05-14,Clinica Vantia,LinkedIn Ads,Partnerships Sponsored ES Q2,16.21,506,2,0,0.0
2025-05-15,Clinica Vantia,LinkedIn Ads,Partnerships Sponsored ES Q2,17.96,322,2,0,0.0
2025-05-16,Clinica Vantia,LinkedIn Ads,Partnerships Sponsored ES Q2,4.14,128,0,0,0.0
2025-05-17,Clinica Vantia,LinkedIn Ads,Partnerships Sponsored ES Q2,4.4,114,0,0,0.0
2025-05-18,Clinica Vantia,LinkedIn Ads,Partnerships Sponsored ES Q2,21.7,674,6,0,0.0
2025-05-19,Clinica Vantia,LinkedIn Ads,Partnerships Sponsored ES Q2,15.45,314,3,0,0.0
2025-05-20,Clinica Vantia,LinkedIn Ads,Partnerships Sponsored ES Q2,16.88,380,2,0,0.0
2025-05-21,Clinica Vantia,LinkedIn Ads,Partnerships Sponsored ES Q2,15.59,345,2,0,0.0
2025-05-22,Clinica Vantia,LinkedIn Ads,Partnerships Sponsored ES Q2,14.57,311,3,0,0.0
2025-05-23,Clinica Vantia,LinkedIn Ads,Partnerships Sponsored ES Q2,4.54,114,3,0,0.0
2025-05-24,Clinica Vantia,LinkedIn Ads,Partnerships Sponsored ES Q2,3.73,78,0,0,0.0
2025-05-25,Clinica Vantia,LinkedIn Ads,Partnerships Sponsored ES Q2,14.11,331,0,0,0.0
2025-05-26,Clinica Vantia,LinkedIn Ads,Partnerships Sponsored ES Q2,11.6,310,1,0,0.0
2025-05-27,Clinica Vantia,LinkedIn Ads,Partnerships Sponsored ES Q2,16.09,568,3,0,0.0
2025-05-28,Clinica Vantia,LinkedIn Ads,Partnerships Sponsored ES Q2,16.87,602,4,0,0.0
2025-05-29,Clinica Vantia,LinkedIn Ads,Partnerships Sponsored ES Q2,19.63,517,2,0,0.0
2025-05-30,Clinica Vantia,LinkedIn Ads,Partnerships Sponsored ES Q2,3.62,103,0,0,0.0
2025-05-31,Clinica Vantia,LinkedIn Ads,Partnerships Sponsored ES Q2,3.95,104,1,0,0.0
2025-06-01,Clinica Vantia,LinkedIn Ads,Partnerships Sponsored ES Q2,17.51,476,1,0,0.0
2025-06-02,Clinica Vantia,LinkedIn Ads,Partnerships Sponsored ES Q2,14.18,384,4,0,0.0
2025-06-03,Clinica Vantia,LinkedIn Ads,Partnerships Sponsored ES Q2,13.43,282,0,0,0.0
2025-06-04,Clinica Vantia,LinkedIn Ads,Partnerships Sponsored ES Q2,14.52,450,6,0,0.0
2025-06-05,Clinica Vantia,LinkedIn Ads,Partnerships Sponsored ES Q2,13.84,476,1,0,0.0
2025-06-06,Clinica Vantia,LinkedIn Ads,Partnerships Sponsored ES Q2,3.42,99,0,0,0.0
2025-06-07,Clinica Vantia,LinkedIn Ads,Partnerships Sponsored ES Q2,4.62,109,0,0,0.0
2025-06-08,Clinica Vantia,LinkedIn Ads,Partnerships Sponsored ES Q2,14.03,385,4,0,0.0
2025-06-09,Clinica Vantia,LinkedIn Ads,Partnerships Sponsored ES Q2,13.21,315,1,0,0.0
2025-06-09,Clinica Vantia,LinkedIn Ads,Partnerships Sponsored ES Q2,13.21,315,1,0,0.0
2025-06-10,Clinica Vantia,LinkedIn Ads,Partnerships Sponsored ES Q2,15.09,368,1,0,0.0
2025-06-10,Clinica Vantia,LinkedIn Ads,Partnerships Sponsored ES Q2,15.09,368,1,0,0.0
2025-06-11,Clinica Vantia,LinkedIn Ads,Partnerships Sponsored ES Q2,14.44,358,1,0,0.0
2025-06-11,Clinica Vantia,LinkedIn Ads,Partnerships Sponsored ES Q2,14.44,358,1,0,0.0
2025-06-12,Clinica Vantia,LinkedIn Ads,Partnerships Sponsored ES Q2,11.66,276,2,0,0.0
2025-06-12,Clinica Vantia,LinkedIn Ads,Partnerships Sponsored ES Q2,11.66,276,2,0,0.0
2025-06-13,Clinica Vantia,LinkedIn Ads,Partnerships Sponsored ES Q2,3.27,82,0,0,0.0
2025-06-13,Clinica Vantia,LinkedIn Ads,Partnerships Sponsored ES Q2,3.27,82,0,0,0.0
2025-06-14,Clinica Vantia,LinkedIn Ads,Partnerships Sponsored ES Q2,3.87,115,1,0,0.0
2025-06-14,Clinica Vantia,LinkedIn Ads,Partnerships Sponsored ES Q2,3.87,115,1,0,0.0
2025-06-15,Clinica Vantia,LinkedIn Ads,Partnerships Sponsored ES Q2,18.16,375,2,1,52.58
2025-06-15,Clinica Vantia,LinkedIn Ads,Partnerships Sponsored ES Q2,18.16,375,2,1,52.58
2025-06-16,Clinica Vantia,LinkedIn Ads,Partnerships Sponsored ES Q2,10.18,241,0,0,0.0
2025-06-16,Clinica Vantia,LinkedIn Ads,Partnerships Sponsored ES Q2,10.18,241,0,0,0.0
2025-06-17,Clinica Vantia,LinkedIn Ads,Partnerships Sponsored ES Q2,13.45,339,4,0,0.0
2025-06-17,Clinica Vantia,LinkedIn Ads,Partnerships Sponsored ES Q2,13.45,339,4,0,0.0
2025-06-18,Clinica Vantia,LinkedIn Ads,Partnerships Sponsored ES Q2,14.6,310,1,1,28.09
2025-06-18,Clinica Vantia,LinkedIn Ads,Partnerships Sponsored ES Q2,14.6,310,1,1,28.09
2025-06-19,Clinica Vantia,LinkedIn Ads,Partnerships Sponsored ES Q2,19.33,647,7,0,0.0
2025-06-20,Clinica Vantia,LinkedIn Ads,Partnerships Sponsored ES Q2,3.05,68,0,0,0.0
2025-06-21,Clinica Vantia,LinkedIn Ads,Partnerships Sponsored ES Q2,3.66,116,1,0,0.0
2025-06-22,Clinica Vantia,LinkedIn Ads,Partnerships Sponsored ES Q2,18.93,423,5,0,0.0
2025-06-23,Clinica Vantia,LinkedIn Ads,Partnerships Sponsored ES Q2,16.67,573,5,0,0.0
2025-06-24,Clinica Vantia,LinkedIn Ads,Partnerships Sponsored ES Q2,13.5,467,1,0,0.0
2025-06-25,Clinica Vantia,LinkedIn Ads,Partnerships Sponsored ES Q2,18.99,400,3,0,0.0
2025-06-26,Clinica Vantia,LinkedIn Ads,Partnerships Sponsored ES Q2,13.79,355,3,0,0.0
2025-06-27,Clinica Vantia,LinkedIn Ads,Partnerships Sponsored ES Q2,3.48,98,1,0,0.0
2025-06-28,Clinica Vantia,LinkedIn Ads,Partnerships Sponsored ES Q2,5.04,129,0,0,0.0
2025-06-29,Clinica Vantia,LinkedIn Ads,Partnerships Sponsored ES Q2,17.48,378,2,0,0.0
2025-06-30,Clinica Vantia,LinkedIn Ads,Partnerships Sponsored ES Q3,12.63,385,0,0,0.0
2025-07-01,Clinica Vantia,LinkedIn Ads,Partnerships Sponsored ES Q3,13.28,363,4,0,0.0
2025-07-02,Clinica Vantia,LinkedIn Ads,Partnerships Sponsored ES Q3,14.82,510,8,0,0.0
2025-07-03,Clinica Vantia,LinkedIn Ads,Partnerships Sponsored ES Q3,15.23,329,3,0,0.0
2025-07-04,Clinica Vantia,LinkedIn Ads,Partnerships Sponsored ES Q3,4.98,109,0,0,0.0
2025-07-05,Clinica Vantia,LinkedIn Ads,Partnerships Sponsored ES Q3,4.96,168,0,0,0.0
2025-07-06,Clinica Vantia,LinkedIn Ads,Partnerships Sponsored ES Q3,17.01,516,1,0,0.0
2025-07-07,Clinica Vantia,LinkedIn Ads,Partnerships Sponsored ES Q3,18.9,665,1,0,0.0
2025-07-08,Clinica Vantia,LinkedIn Ads,Partnerships Sponsored ES Q3,15.53,413,1,0,0.0
2025-07-09,Clinica Vantia,LinkedIn Ads,Partnerships Sponsored ES Q3,11.31,268,2,0,0.0
2025-07-10,Clinica Vantia,LinkedIn Ads,Partnerships Sponsored ES Q3,15.79,470,4,0,0.0
2025-07-11,Clinica Vantia,LinkedIn Ads,Partnerships Sponsored ES Q3,3.88,103,2,1,21.81
2025-07-12,Clinica Vantia,LinkedIn Ads,Partnerships Sponsored ES Q3,3.31,65,0,0,0.0
2025-07-13,Clinica Vantia,LinkedIn Ads,Partnerships Sponsored ES Q3,10.82,342,1,0,0.0
2025-07-14,Clinica Vantia,LinkedIn Ads,Partnerships Sponsored ES Q3,16.65,435,4,0,0.0
2025-07-15,Clinica Vantia,LinkedIn Ads,Partnerships Sponsored ES Q3,12.93,383,3,0,0.0
2025-07-16,Clinica Vantia,LinkedIn Ads,Partnerships Sponsored ES Q3,13.77,407,1,0,0.0
2025-07-17,Clinica Vantia,LinkedIn Ads,Partnerships Sponsored ES Q3,17.98,535,3,0,0.0
2025-07-18,Clinica Vantia,LinkedIn Ads,Partnerships Sponsored ES Q3,4.09,114,0,0,0.0
2025-07-19,Clinica Vantia,LinkedIn Ads,Partnerships Sponsored ES Q3,3.02,83,1,0,0.0
2025-07-20,Clinica Vantia,LinkedIn Ads,Partnerships Sponsored ES Q3,19.05,463,3,0,0.0
2025-07-21,Clinica Vantia,LinkedIn Ads,Partnerships Sponsored ES Q3,19.29,612,3,0,0.0
2025-07-22,Clinica Vantia,LinkedIn Ads,Partnerships Sponsored ES Q3,19.15,408,2,1,46.11
2025-07-23,Clinica Vantia,LinkedIn Ads,Partnerships Sponsored ES Q3,14.71,342,6,0,0.0
2025-07-24,Clinica Vantia,LinkedIn Ads,Partnerships Sponsored ES Q3,15.18,550,4,0,0.0
2025-07-25,Clinica Vantia,LinkedIn Ads,Partnerships Sponsored ES Q3,3.27,93,0,0,0.0
2025-07-26,Clinica Vantia,LinkedIn Ads,Partnerships Sponsored ES Q3,4.01,102,0,0,0.0
2025-07-27,Clinica Vantia,LinkedIn Ads,Partnerships Sponsored ES Q3,13.71,347,1,0,0.0
2025-07-28,Clinica Vantia,LinkedIn Ads,Partnerships Sponsored ES Q3,12.68,354,1,0,0.0
2025-07-29,Clinica Vantia,LinkedIn Ads,Partnerships Sponsored ES Q3,14.96,544,6,0,0.0
2025-07-30,Clinica Vantia,LinkedIn Ads,Partnerships Sponsored ES Q3,16.2,403,3,0,0.0
2025-07-31,Clinica Vantia,LinkedIn Ads,Partnerships Sponsored ES Q3,13.64,400,3,0,0.0
2025-08-01,Clinica Vantia,LinkedIn Ads,Partnerships Sponsored ES Q3,4.18,103,1,0,0.0
2025-08-02,Clinica Vantia,LinkedIn Ads,Partnerships Sponsored ES Q3,3.44,107,1,0,0.0
2025-08-03,Clinica Vantia,LinkedIn Ads,Partnerships Sponsored ES Q3,12.57,330,1,0,0.0
2025-08-04,Clinica Vantia,LinkedIn Ads,Partnerships Sponsored ES Q3,14.15,381,5,0,0.0
2025-08-05,Clinica Vantia,LinkedIn Ads,Partnerships Sponsored ES Q3,16.87,434,4,0,0.0
2025-08-06,Clinica Vantia,LinkedIn Ads,Partnerships Sponsored ES Q3,16.37,353,0,0,0.0
2025-08-07,Clinica Vantia,LinkedIn Ads,Partnerships Sponsored ES Q3,21.66,610,3,0,0.0
2025-08-08,Clinica Vantia,LinkedIn Ads,Partnerships Sponsored ES Q3,4.42,81,0,0,0.0
2025-08-09,Clinica Vantia,LinkedIn Ads,Partnerships Sponsored ES Q3,3.74,98,1,0,0.0
2025-08-10,Clinica Vantia,LinkedIn Ads,Partnerships Sponsored ES Q3,16.21,353,1,0,0.0
2025-08-11,Clinica Vantia,LinkedIn Ads,Partnerships Sponsored ES Q3,12.48,289,1,0,0.0
2025-08-12,Clinica Vantia,LinkedIn Ads,Partnerships Sponsored ES Q3,16.02,338,0,0,0.0
2025-08-13,Clinica Vantia,LinkedIn Ads,Partnerships Sponsored ES Q3,14.53,346,0,0,0.0
2025-08-14,Clinica Vantia,LinkedIn Ads,Partnerships Sponsored ES Q3,16.69,385,2,0,0.0
2025-08-15,Clinica Vantia,LinkedIn Ads,Partnerships Sponsored ES Q3,3.68,82,0,0,0.0
2025-08-16,Clinica Vantia,LinkedIn Ads,Partnerships Sponsored ES Q3,3.56,102,0,0,0.0
2025-08-17,Clinica Vantia,LinkedIn Ads,Partnerships Sponsored ES Q3,14.42,345,1,0,0.0
2025-08-18,Clinica Vantia,LinkedIn Ads,Partnerships Sponsored ES Q3,17.27,476,2,0,0.0
2025-08-19,Clinica Vantia,LinkedIn Ads,Partnerships Sponsored ES Q3,21.1,447,4,0,0.0
2025-08-20,Clinica Vantia,LinkedIn Ads,Partnerships Sponsored ES Q3,12.77,297,2,0,0.0
2025-08-21,Clinica Vantia,LinkedIn Ads,Partnerships Sponsored ES Q3,11.53,273,1,0,0.0
2025-08-22,Clinica Vantia,LinkedIn Ads,Partnerships Sponsored ES Q3,6.56,190,0,0,0.0
2025-08-23,Clinica Vantia,LinkedIn Ads,Partnerships Sponsored ES Q3,3.45,83,0,0,0.0
2025-08-24,Clinica Vantia,LinkedIn Ads,Partnerships Sponsored ES Q3,11.89,323,2,0,0.0
2025-08-25,Clinica Vantia,LinkedIn Ads,Partnerships Sponsored ES Q3,12.17,416,2,0,0.0
2025-08-26,Clinica Vantia,LinkedIn Ads,Partnerships Sponsored ES Q3,19.23,624,6,0,0.0
2025-08-27,Clinica Vantia,LinkedIn Ads,Partnerships Sponsored ES Q3,12.41,313,3,0,0.0
2025-08-28,Clinica Vantia,LinkedIn Ads,Partnerships Sponsored ES Q3,14.32,449,0,0,0.0
2025-08-29,Clinica Vantia,LinkedIn Ads,Partnerships Sponsored ES Q3,3.38,114,0,0,0.0
2025-08-30,Clinica Vantia,LinkedIn Ads,Partnerships Sponsored ES Q3,5.15,128,1,0,0.0
2025-08-31,Clinica Vantia,LinkedIn Ads,Partnerships Sponsored ES Q3,23.84,510,2,0,0.0
2025-09-01,Clinica Vantia,LinkedIn Ads,Partnerships Sponsored ES Q3,24.09,524,1,0,0.0
2025-09-02,Clinica Vantia,LinkedIn Ads,Partnerships Sponsored ES Q3,17.89,428,4,1,30.63
2025-09-03,Clinica Vantia,LinkedIn Ads,Partnerships Sponsored ES Q3,22.47,791,6,0,0.0
2025-09-04,Clinica Vantia,LinkedIn Ads,Partnerships Sponsored ES Q3,16.42,382,5,0,0.0
2025-09-05,Clinica Vantia,LinkedIn Ads,Partnerships Sponsored ES Q3,6.03,130,0,0,0.0
2025-09-06,Clinica Vantia,LinkedIn Ads,Partnerships Sponsored ES Q3,3.58,103,0,0,0.0
2025-09-07,Clinica Vantia,LinkedIn Ads,Partnerships Sponsored ES Q3,19.2,440,1,0,0.0
2025-09-08,Clinica Vantia,LinkedIn Ads,Partnerships Sponsored ES Q3,21.67,437,5,0,0.0
2025-09-09,Clinica Vantia,LinkedIn Ads,Partnerships Sponsored ES Q3,14.46,477,5,0,0.0
2025-09-10,Clinica Vantia,LinkedIn Ads,Partnerships Sponsored ES Q3,14.71,336,3,0,0.0
2025-09-11,Clinica Vantia,LinkedIn Ads,Partnerships Sponsored ES Q3,23.06,712,4,0,0.0
2025-09-12,Clinica Vantia,LinkedIn Ads,Partnerships Sponsored ES Q3,5.47,134,0,0,0.0
2025-09-13,Clinica Vantia,LinkedIn Ads,Partnerships Sponsored ES Q3,5.88,148,0,0,0.0
2025-09-14,Clinica Vantia,LinkedIn Ads,Partnerships Sponsored ES Q3,18.15,558,2,0,0.0
2025-09-15,Clinica Vantia,LinkedIn Ads,Partnerships Sponsored ES Q3,19.25,617,3,0,0.0
2025-09-16,Clinica Vantia,LinkedIn Ads,Partnerships Sponsored ES Q3,30.37,1033,4,0,0.0
2025-09-17,Clinica Vantia,LinkedIn Ads,Partnerships Sponsored ES Q3,21.12,583,2,0,0.0
2025-09-18,Clinica Vantia,LinkedIn Ads,Partnerships Sponsored ES Q3,22.34,599,10,1,28.99
2025-09-19,Clinica Vantia,LinkedIn Ads,Partnerships Sponsored ES Q3,6.03,192,2,0,0.0
2025-09-20,Clinica Vantia,LinkedIn Ads,Partnerships Sponsored ES Q3,3.68,101,1,0,0.0
2025-09-21,Clinica Vantia,LinkedIn Ads,Partnerships Sponsored ES Q3,20.14,706,3,0,0.0
2025-09-22,Clinica Vantia,LinkedIn Ads,Partnerships Sponsored ES Q3,18.25,594,6,0,0.0
2025-09-23,Clinica Vantia,LinkedIn Ads,Partnerships Sponsored ES Q3,20.36,592,12,2,82.01
2025-09-24,Clinica Vantia,LinkedIn Ads,Partnerships Sponsored ES Q3,23.02,574,6,0,0.0
2025-09-25,Clinica Vantia,LinkedIn Ads,Partnerships Sponsored ES Q3,25.98,584,10,0,0.0
2025-09-26,Clinica Vantia,LinkedIn Ads,Partnerships Sponsored ES Q3,5.95,182,1,0,0.0
2025-09-27,Clinica Vantia,LinkedIn Ads,Partnerships Sponsored ES Q3,5.38,159,1,0,0.0
2025-09-28,Clinica Vantia,LinkedIn Ads,Partnerships Sponsored ES Q3,23.54,660,3,0,0.0
2025-09-29,Clinica Vantia,LinkedIn Ads,Partnerships Sponsored ES Q3,17.82,411,6,0,0.0
2025-09-30,Clinica Vantia,LinkedIn Ads,Partnerships Sponsored ES Q4,16.21,375,3,0,0.0
2025-10-01,Clinica Vantia,LinkedIn Ads,Partnerships Sponsored ES Q4,15.24,410,2,0,0.0
2025-10-02,Clinica Vantia,LinkedIn Ads,Partnerships Sponsored ES Q4,12.16,332,6,0,0.0
2025-10-03,Clinica Vantia,LinkedIn Ads,Partnerships Sponsored ES Q4,3.96,120,1,0,0.0
2025-10-04,Clinica Vantia,LinkedIn Ads,Partnerships Sponsored ES Q4,4.62,103,0,0,0.0
2025-10-05,Clinica Vantia,LinkedIn Ads,Partnerships Sponsored ES Q4,11.06,287,0,0,0.0
2025-10-06,Clinica Vantia,LinkedIn Ads,Partnerships Sponsored ES Q4,21.21,708,3,0,0.0
2025-10-07,Clinica Vantia,LinkedIn Ads,Partnerships Sponsored ES Q4,15.17,363,7,0,0.0
2025-10-08,Clinica Vantia,LinkedIn Ads,Partnerships Sponsored ES Q4,14.9,323,1,0,0.0
2025-10-09,Clinica Vantia,LinkedIn Ads,Partnerships Sponsored ES Q4,14.34,510,3,0,0.0
2025-10-10,Clinica Vantia,LinkedIn Ads,Partnerships Sponsored ES Q4,3.61,70,0,0,0.0
2025-10-11,Clinica Vantia,LinkedIn Ads,Partnerships Sponsored ES Q4,3.65,94,0,0,0.0
2025-10-12,Clinica Vantia,LinkedIn Ads,Partnerships Sponsored ES Q4,15.44,547,4,0,0.0
2025-10-13,Clinica Vantia,LinkedIn Ads,Partnerships Sponsored ES Q4,15.73,409,2,0,0.0
2025-10-14,Clinica Vantia,LinkedIn Ads,Partnerships Sponsored ES Q4,15.34,423,2,0,0.0
2025-10-15,Clinica Vantia,LinkedIn Ads,Partnerships Sponsored ES Q4,12.74,398,5,0,0.0
2025-10-16,Clinica Vantia,LinkedIn Ads,Partnerships Sponsored ES Q4,14.28,374,5,0,0.0
2025-10-17,Clinica Vantia,LinkedIn Ads,Partnerships Sponsored ES Q4,4.44,111,0,0,0.0
2025-10-18,Clinica Vantia,LinkedIn Ads,Partnerships Sponsored ES Q4,4.19,85,1,0,0.0
2025-10-19,Clinica Vantia,LinkedIn Ads,Partnerships Sponsored ES Q4,14.09,444,6,0,0.0
2025-10-20,Clinica Vantia,LinkedIn Ads,Partnerships Sponsored ES Q4,15.47,511,2,0,0.0
2025-10-21,Clinica Vantia,LinkedIn Ads,Partnerships Sponsored ES Q4,16.41,556,4,0,0.0
2025-10-22,Clinica Vantia,LinkedIn Ads,Partnerships Sponsored ES Q4,15.37,403,2,1,43.87
2025-10-23,Clinica Vantia,LinkedIn Ads,Partnerships Sponsored ES Q4,13.57,319,5,0,0.0
2025-10-24,Clinica Vantia,LinkedIn Ads,Partnerships Sponsored ES Q4,4.22,114,0,0,0.0
2025-10-25,Clinica Vantia,LinkedIn Ads,Partnerships Sponsored ES Q4,4.18,125,0,0,0.0
2025-10-26,Clinica Vantia,LinkedIn Ads,Partnerships Sponsored ES Q4,17.49,447,5,0,0.0
2025-10-27,Clinica Vantia,LinkedIn Ads,Partnerships Sponsored ES Q4,16.85,460,4,0,0.0
2025-10-28,Clinica Vantia,LinkedIn Ads,Partnerships Sponsored ES Q4,15.23,366,2,0,0.0
2025-10-29,Clinica Vantia,LinkedIn Ads,Partnerships Sponsored ES Q4,14.83,305,0,0,0.0
2025-10-30,Clinica Vantia,LinkedIn Ads,Partnerships Sponsored ES Q4,17.78,364,3,0,0.0
2025-10-31,Clinica Vantia,LinkedIn Ads,Partnerships Sponsored ES Q4,3.4,99,0,0,0.0
2025-11-01,Clinica Vantia,LinkedIn Ads,Partnerships Sponsored ES Q4,2.7,90,1,0,0.0
2025-11-02,Clinica Vantia,LinkedIn Ads,Partnerships Sponsored ES Q4,15.2,553,4,0,0.0
2025-11-03,Clinica Vantia,LinkedIn Ads,Partnerships Sponsored ES Q4,19.44,518,2,0,0.0
2025-11-04,Clinica Vantia,LinkedIn Ads,Partnerships Sponsored ES Q4,16.38,482,2,0,0.0
2025-11-05,Clinica Vantia,LinkedIn Ads,Partnerships Sponsored ES Q4,14.92,503,7,0,0.0
2025-11-06,Clinica Vantia,LinkedIn Ads,Partnerships Sponsored ES Q4,21.15,633,5,0,0.0
2025-11-07,Clinica Vantia,LinkedIn Ads,Partnerships Sponsored ES Q4,4.38,101,0,0,0.0
2025-11-08,Clinica Vantia,LinkedIn Ads,Partnerships Sponsored ES Q4,4.0,94,1,0,0.0
2025-11-09,Clinica Vantia,LinkedIn Ads,Partnerships Sponsored ES Q4,13.91,419,3,0,0.0
2025-11-10,Clinica Vantia,LinkedIn Ads,Partnerships Sponsored ES Q4,15.85,405,2,0,0.0
2025-11-11,Clinica Vantia,LinkedIn Ads,Partnerships Sponsored ES Q4,12.54,385,1,0,0.0
2025-11-12,Clinica Vantia,LinkedIn Ads,Partnerships Sponsored ES Q4,16.28,376,3,0,0.0
2025-11-13,Clinica Vantia,LinkedIn Ads,Partnerships Sponsored ES Q4,17.33,456,6,0,0.0
2025-11-14,Clinica Vantia,LinkedIn Ads,Partnerships Sponsored ES Q4,4.54,127,0,0,0.0
2025-11-15,Clinica Vantia,LinkedIn Ads,Partnerships Sponsored ES Q4,3.7,87,1,0,0.0
2025-11-16,Clinica Vantia,LinkedIn Ads,Partnerships Sponsored ES Q4,17.48,431,4,0,0.0
2025-11-17,Clinica Vantia,LinkedIn Ads,Partnerships Sponsored ES Q4,16.21,519,1,0,0.0
2025-11-18,Clinica Vantia,LinkedIn Ads,Partnerships Sponsored ES Q4,16.33,540,2,0,0.0
2025-11-19,Clinica Vantia,LinkedIn Ads,Partnerships Sponsored ES Q4,14.5,359,4,0,0.0
2025-11-20,Clinica Vantia,LinkedIn Ads,Partnerships Sponsored ES Q4,18.81,405,3,0,0.0
2025-11-21,Clinica Vantia,LinkedIn Ads,Partnerships Sponsored ES Q4,4.21,117,0,0,0.0
2025-11-22,Clinica Vantia,LinkedIn Ads,Partnerships Sponsored ES Q4,4.36,100,2,0,0.0
2025-11-23,Clinica Vantia,LinkedIn Ads,Partnerships Sponsored ES Q4,17.8,431,5,0,0.0
2025-11-24,Clinica Vantia,LinkedIn Ads,Partnerships Sponsored ES Q4,14.18,406,4,0,0.0
2025-11-25,Clinica Vantia,LinkedIn Ads,Partnerships Sponsored ES Q4,16.46,306,1,0,0.0
2025-11-26,Clinica Vantia,LinkedIn Ads,Partnerships Sponsored ES Q4,14.46,408,1,0,0.0
2025-11-27,Clinica Vantia,LinkedIn Ads,Partnerships Sponsored ES Q4,15.69,444,2,0,0.0
2025-11-28,Clinica Vantia,LinkedIn Ads,Partnerships Sponsored ES Q4,3.21,90,0,0,0.0
2025-11-29,Clinica Vantia,LinkedIn Ads,Partnerships Sponsored ES Q4,4.04,95,1,0,0.0
2025-11-30,Clinica Vantia,LinkedIn Ads,Partnerships Sponsored ES Q4,10.77,286,4,0,0.0
2025-12-01,Clinica Vantia,LinkedIn Ads,Partnerships Sponsored ES Q4,11.02,283,2,0,0.0
2025-12-02,Clinica Vantia,LinkedIn Ads,Partnerships Sponsored ES Q4,12.35,269,2,1,45.26
2025-12-03,Clinica Vantia,LinkedIn Ads,Partnerships Sponsored ES Q4,16.82,496,1,0,0.0
2025-12-04,Clinica Vantia,LinkedIn Ads,Partnerships Sponsored ES Q4,12.51,262,1,0,0.0
2025-12-05,Clinica Vantia,LinkedIn Ads,Partnerships Sponsored ES Q4,3.63,83,0,0,0.0
2025-12-06,Clinica Vantia,LinkedIn Ads,Partnerships Sponsored ES Q4,3.74,84,0,0,0.0
2025-12-07,Clinica Vantia,LinkedIn Ads,Partnerships Sponsored ES Q4,14.07,359,3,0,0.0
2025-12-08,Clinica Vantia,LinkedIn Ads,Partnerships Sponsored ES Q4,14.03,348,2,0,0.0
2025-12-09,Clinica Vantia,LinkedIn Ads,Partnerships Sponsored ES Q4,12.57,318,0,0,0.0
2025-12-10,Clinica Vantia,LinkedIn Ads,Partnerships Sponsored ES Q4,15.59,338,4,1,31.08
2025-12-11,Clinica Vantia,LinkedIn Ads,Partnerships Sponsored ES Q4,16.69,417,1,0,0.0
2025-12-12,Clinica Vantia,LinkedIn Ads,Partnerships Sponsored ES Q4,3.19,135,0,0,0.0
2025-12-13,Clinica Vantia,LinkedIn Ads,Partnerships Sponsored ES Q4,5.28,180,1,0,0.0
2025-12-14,Clinica Vantia,LinkedIn Ads,Partnerships Sponsored ES Q4,21.53,428,3,0,0.0
2025-12-15,Clinica Vantia,LinkedIn Ads,Partnerships Sponsored ES Q4,15.31,484,2,0,0.0
2025-12-16,Clinica Vantia,LinkedIn Ads,Partnerships Sponsored ES Q4,16.08,502,1,0,0.0
2025-12-17,Clinica Vantia,LinkedIn Ads,Partnerships Sponsored ES Q4,15.99,377,4,0,0.0
2025-12-18,Clinica Vantia,LinkedIn Ads,Partnerships Sponsored ES Q4,19.13,546,4,0,0.0
2025-12-19,Clinica Vantia,LinkedIn Ads,Partnerships Sponsored ES Q4,5.28,118,2,0,0.0
2025-12-20,Clinica Vantia,LinkedIn Ads,Partnerships Sponsored ES Q4,4.19,98,0,0,0.0
2025-12-21,Clinica Vantia,LinkedIn Ads,Partnerships Sponsored ES Q4,14.99,331,2,0,0.0
2025-12-22,Clinica Vantia,LinkedIn Ads,Partnerships Sponsored ES Q4,12.98,343,3,0,0.0
2025-12-23,Clinica Vantia,LinkedIn Ads,Partnerships Sponsored ES Q4,13.27,427,0,0,0.0
2025-12-24,Clinica Vantia,LinkedIn Ads,Partnerships Sponsored ES Q4,15.37,383,2,0,0.0
2025-12-25,Clinica Vantia,LinkedIn Ads,Partnerships Sponsored ES Q4,14.67,337,3,0,0.0
2025-12-26,Clinica Vantia,LinkedIn Ads,Partnerships Sponsored ES Q4,3.83,86,2,0,0.0
2025-12-27,Clinica Vantia,LinkedIn Ads,Partnerships Sponsored ES Q4,4.27,90,0,0,0.0
2025-12-28,Clinica Vantia,LinkedIn Ads,Partnerships Sponsored ES Q4,19.55,385,3,0,0.0
2025-12-29,Clinica Vantia,LinkedIn Ads,Partnerships Sponsored ES Q4,15.74,412,6,0,0.0
2025-12-30,Clinica Vantia,LinkedIn Ads,Partnerships Sponsored ES Q4,13.03,389,2,0,0.0
2025-12-31,Clinica Vantia,LinkedIn Ads,Partnerships Sponsored ES Q1,15.93,428,2,0,0.0
2026-01-01,Clinica Vantia,LinkedIn Ads,Partnerships Sponsored ES Q1,12.36,335,3,0,0.0
2026-01-02,Clinica Vantia,LinkedIn Ads,Partnerships Sponsored ES Q1,4.14,121,1,0,0.0
2026-01-03,Clinica Vantia,LinkedIn Ads,Partnerships Sponsored ES Q1,3.16,93,2,0,0.0
2026-01-04,Clinica Vantia,LinkedIn Ads,Partnerships Sponsored ES Q1,14.17,474,2,0,0.0
2026-01-05,Clinica Vantia,LinkedIn Ads,Partnerships Sponsored ES Q1,11.05,237,3,0,0.0
2026-01-06,Clinica Vantia,LinkedIn Ads,Partnerships Sponsored ES Q1,18.55,524,4,0,0.0
2026-01-07,Clinica Vantia,LinkedIn Ads,Partnerships Sponsored ES Q1,16.49,380,5,1,29.96
2026-01-08,Clinica Vantia,LinkedIn Ads,Partnerships Sponsored ES Q1,14.76,441,2,0,0.0
2026-01-09,Clinica Vantia,LinkedIn Ads,Partnerships Sponsored ES Q1,3.87,127,1,1,36.52
2026-01-10,Clinica Vantia,LinkedIn Ads,Partnerships Sponsored ES Q1,2.69,63,3,0,0.0
2026-01-11,Clinica Vantia,LinkedIn Ads,Partnerships Sponsored ES Q1,14.61,314,3,0,0.0
2026-01-12,Clinica Vantia,LinkedIn Ads,Partnerships Sponsored ES Q1,17.04,408,8,0,0.0
2026-01-13,Clinica Vantia,LinkedIn Ads,Partnerships Sponsored ES Q1,19.3,494,6,0,0.0
2026-01-14,Clinica Vantia,LinkedIn Ads,Partnerships Sponsored ES Q1,14.19,488,2,0,0.0
2026-01-15,Clinica Vantia,LinkedIn Ads,Partnerships Sponsored ES Q1,13.47,295,2,0,0.0
2026-01-16,Clinica Vantia,LinkedIn Ads,Partnerships Sponsored ES Q1,2.86,53,0,0,0.0
2026-01-17,Clinica Vantia,LinkedIn Ads,Partnerships Sponsored ES Q1,3.75,93,0,0,0.0
2026-01-18,Clinica Vantia,LinkedIn Ads,Partnerships Sponsored ES Q1,12.57,389,3,0,0.0
2026-01-19,Clinica Vantia,LinkedIn Ads,Partnerships Sponsored ES Q1,15.27,499,4,0,0.0
2026-01-20,Clinica Vantia,LinkedIn Ads,Partnerships Sponsored ES Q1,14.37,484,7,0,0.0
2026-01-21,Clinica Vantia,LinkedIn Ads,Partnerships Sponsored ES Q1,16.17,517,4,0,0.0
2026-01-22,Clinica Vantia,LinkedIn Ads,Partnerships Sponsored ES Q1,15.03,443,3,0,0.0
2026-01-23,Clinica Vantia,LinkedIn Ads,Partnerships Sponsored ES Q1,3.97,113,0,0,0.0
2026-01-24,Clinica Vantia,LinkedIn Ads,Partnerships Sponsored ES Q1,3.88,103,0,0,0.0
2026-01-25,Clinica Vantia,LinkedIn Ads,Partnerships Sponsored ES Q1,12.57,283,1,0,0.0
2026-01-26,Clinica Vantia,LinkedIn Ads,Partnerships Sponsored ES Q1,11.84,321,5,0,0.0
2026-01-27,Clinica Vantia,LinkedIn Ads,Partnerships Sponsored ES Q1,11.84,327,0,0,0.0
2026-01-28,Clinica Vantia,LinkedIn Ads,Partnerships Sponsored ES Q1,11.52,274,1,0,0.0
2026-01-29,Clinica Vantia,LinkedIn Ads,Partnerships Sponsored ES Q1,15.44,532,3,0,0.0
2026-01-30,Clinica Vantia,LinkedIn Ads,Partnerships Sponsored ES Q1,4.19,97,1,0,0.0
2026-01-31,Clinica Vantia,LinkedIn Ads,Partnerships Sponsored ES Q1,3.88,114,0,0,0.0
2026-02-01,Clinica Vantia,LinkedIn Ads,Partnerships Sponsored ES Q1,12.27,379,2,0,0.0
2026-02-02,Clinica Vantia,LinkedIn Ads,Partnerships Sponsored ES Q1,13.07,411,2,0,0.0
2026-02-03,Clinica Vantia,LinkedIn Ads,Partnerships Sponsored ES Q1,14.3,421,1,0,0.0
2026-02-04,Clinica Vantia,LinkedIn Ads,Partnerships Sponsored ES Q1,15.2,325,2,1,53.35
2026-02-05,Clinica Vantia,LinkedIn Ads,Partnerships Sponsored ES Q1,12.86,445,1,0,0.0
2026-02-06,Clinica Vantia,LinkedIn Ads,Partnerships Sponsored ES Q1,4.8,144,2,0,0.0
2026-02-07,Clinica Vantia,LinkedIn Ads,Partnerships Sponsored ES Q1,4.23,145,0,0,0.0
2026-02-08,Clinica Vantia,LinkedIn Ads,Partnerships Sponsored ES Q1,20.58,672,8,0,0.0
2026-02-09,Clinica Vantia,LinkedIn Ads,Partnerships Sponsored ES Q1,22.12,642,2,0,0.0
2026-02-10,Clinica Vantia,LinkedIn Ads,Partnerships Sponsored ES Q1,15.47,336,1,0,0.0
2026-02-11,Clinica Vantia,LinkedIn Ads,Partnerships Sponsored ES Q1,11.83,379,2,0,0.0
2026-02-12,Clinica Vantia,LinkedIn Ads,Partnerships Sponsored ES Q1,14.05,367,3,0,0.0
2026-02-13,Clinica Vantia,LinkedIn Ads,Partnerships Sponsored ES Q1,3.12,99,0,0,0.0
2026-02-14,Clinica Vantia,LinkedIn Ads,Partnerships Sponsored ES Q1,3.73,117,0,0,0.0
2026-02-15,Clinica Vantia,LinkedIn Ads,Partnerships Sponsored ES Q1,16.03,568,3,0,0.0
2026-02-16,Clinica Vantia,LinkedIn Ads,Partnerships Sponsored ES Q1,16.51,424,4,1,49.49
2026-02-17,Clinica Vantia,LinkedIn Ads,Partnerships Sponsored ES Q1,17.51,510,2,0,0.0
2026-02-18,Clinica Vantia,LinkedIn Ads,Partnerships Sponsored ES Q1,16.09,420,3,0,0.0
2026-02-19,Clinica Vantia,LinkedIn Ads,Partnerships Sponsored ES Q1,18.15,443,3,0,0.0
2026-02-20,Clinica Vantia,LinkedIn Ads,Partnerships Sponsored ES Q1,2.83,89,0,0,0.0
2026-02-21,Clinica Vantia,LinkedIn Ads,Partnerships Sponsored ES Q1,3.61,118,0,0,0.0
2026-02-22,Clinica Vantia,LinkedIn Ads,Partnerships Sponsored ES Q1,17.08,352,1,0,0.0
2026-02-23,Clinica Vantia,LinkedIn Ads,Partnerships Sponsored ES Q1,14.88,414,2,0,0.0
2026-02-24,Clinica Vantia,LinkedIn Ads,Partnerships Sponsored ES Q1,12.57,478,3,0,0.0
2026-02-25,Clinica Vantia,LinkedIn Ads,Partnerships Sponsored ES Q1,15.79,427,4,0,0.0
2026-02-26,Clinica Vantia,LinkedIn Ads,Partnerships Sponsored ES Q1,16.76,566,3,0,0.0
2026-02-27,Clinica Vantia,LinkedIn Ads,Partnerships Sponsored ES Q1,4.98,137,0,0,0.0
2026-02-28,Clinica Vantia,LinkedIn Ads,Partnerships Sponsored ES Q1,3.29,96,1,0,0.0
2026-03-01,Clinica Vantia,LinkedIn Ads,Partnerships Sponsored ES Q1,13.4,406,2,0,0.0
2026-03-02,Clinica Vantia,LinkedIn Ads,Partnerships Sponsored ES Q1,13.28,461,2,0,0.0
2026-03-03,Clinica Vantia,LinkedIn Ads,Partnerships Sponsored ES Q1,14.24,316,2,0,0.0
2026-03-04,Clinica Vantia,LinkedIn Ads,Partnerships Sponsored ES Q1,15.71,368,2,0,0.0
2026-03-05,Clinica Vantia,LinkedIn Ads,Partnerships Sponsored ES Q1,14.43,299,3,0,0.0
2026-03-06,Clinica Vantia,LinkedIn Ads,Partnerships Sponsored ES Q1,3.29,104,1,0,0.0
2026-03-07,Clinica Vantia,LinkedIn Ads,Partnerships Sponsored ES Q1,4.07,73,0,0,0.0
2026-03-08,Clinica Vantia,LinkedIn Ads,Partnerships Sponsored ES Q1,14.97,459,8,0,0.0
2026-03-09,Clinica Vantia,LinkedIn Ads,Partnerships Sponsored ES Q1,12.34,320,2,0,0.0
2026-03-10,Clinica Vantia,LinkedIn Ads,Partnerships Sponsored ES Q1,13.26,316,4,0,0.0
2026-03-11,Clinica Vantia,LinkedIn Ads,Partnerships Sponsored ES Q1,18.85,414,4,0,0.0
2026-03-12,Clinica Vantia,LinkedIn Ads,Partnerships Sponsored ES Q1,15.99,435,3,0,0.0
2026-03-13,Clinica Vantia,LinkedIn Ads,Partnerships Sponsored ES Q1,4.88,122,0,0,0.0
2026-03-14,Clinica Vantia,LinkedIn Ads,Partnerships Sponsored ES Q1,3.43,92,1,0,0.0
2026-03-15,Clinica Vantia,LinkedIn Ads,Partnerships Sponsored ES Q1,11.55,309,1,0,0.0
2026-03-16,Clinica Vantia,LinkedIn Ads,Partnerships Sponsored ES Q1,17.81,430,4,0,0.0
2026-03-17,Clinica Vantia,LinkedIn Ads,Partnerships Sponsored ES Q1,13.57,425,0,0,0.0
2026-03-18,Clinica Vantia,LinkedIn Ads,Partnerships Sponsored ES Q1,13.52,330,0,0,0.0
2026-03-19,Clinica Vantia,LinkedIn Ads,Partnerships Sponsored ES Q1,15.1,387,0,0,0.0
2026-03-20,Clinica Vantia,LinkedIn Ads,Partnerships Sponsored ES Q1,3.35,86,0,0,0.0
2026-03-21,Clinica Vantia,LinkedIn Ads,Partnerships Sponsored ES Q1,3.85,74,0,0,0.0
2026-03-22,Clinica Vantia,LinkedIn Ads,Partnerships Sponsored ES Q1,18.48,522,0,0,0.0
2026-03-23,Clinica Vantia,LinkedIn Ads,Partnerships Sponsored ES Q1,14.08,453,4,0,0.0
2026-03-24,Clinica Vantia,LinkedIn Ads,Partnerships Sponsored ES Q1,14.34,471,0,0,0.0
2026-03-25,Clinica Vantia,LinkedIn Ads,Partnerships Sponsored ES Q1,16.58,451,1,0,0.0
2026-03-26,Clinica Vantia,LinkedIn Ads,Partnerships Sponsored ES Q1,13.74,360,3,0,0.0
2026-03-27,Clinica Vantia,LinkedIn Ads,Partnerships Sponsored ES Q1,3.73,85,0,0,0.0
2026-03-28,Clinica Vantia,LinkedIn Ads,Partnerships Sponsored ES Q1,3.42,86,1,0,0.0
2026-03-29,Clinica Vantia,LinkedIn Ads,Partnerships Sponsored ES Q1,15.67,329,1,0,0.0
2026-03-30,Clinica Vantia,LinkedIn Ads,Partnerships Sponsored ES Q1,14.72,400,1,0,0.0
2026-03-31,Clinica Vantia,LinkedIn Ads,Partnerships Sponsored ES Q2,17.18,615,9,0,0.0
2026-04-01,Clinica Vantia,LinkedIn Ads,Partnerships Sponsored ES Q2,13.32,297,3,0,0.0
2026-04-02,Clinica Vantia,LinkedIn Ads,Partnerships Sponsored ES Q2,13.28,329,2,1,44.51
2026-04-03,Clinica Vantia,LinkedIn Ads,Partnerships Sponsored ES Q2,4.24,129,0,0,0.0
2026-04-04,Clinica Vantia,LinkedIn Ads,Partnerships Sponsored ES Q2,4.53,101,0,0,0.0
2026-04-05,Clinica Vantia,LinkedIn Ads,Partnerships Sponsored ES Q2,18.01,398,2,0,0.0
2026-04-06,Clinica Vantia,LinkedIn Ads,Partnerships Sponsored ES Q2,18.41,387,5,1,37.08
2026-04-07,Clinica Vantia,LinkedIn Ads,Partnerships Sponsored ES Q2,15.33,362,2,0,0.0
2026-04-08,Clinica Vantia,LinkedIn Ads,Partnerships Sponsored ES Q2,11.21,220,1,0,0.0
2026-04-09,Clinica Vantia,LinkedIn Ads,Partnerships Sponsored ES Q2,15.35,305,2,0,0.0
2026-04-10,Clinica Vantia,LinkedIn Ads,Partnerships Sponsored ES Q2,3.24,131,0,0,0.0
2026-04-11,Clinica Vantia,LinkedIn Ads,Partnerships Sponsored ES Q2,3.27,74,2,0,0.0
2026-04-12,Clinica Vantia,LinkedIn Ads,Partnerships Sponsored ES Q2,14.74,494,2,0,0.0
2026-04-13,Clinica Vantia,LinkedIn Ads,Partnerships Sponsored ES Q2,14.65,358,1,0,0.0
2026-04-14,Clinica Vantia,LinkedIn Ads,Partnerships Sponsored ES Q2,13.69,418,1,0,0.0
2026-04-15,Clinica Vantia,LinkedIn Ads,Partnerships Sponsored ES Q2,18.82,513,5,0,0.0
2026-04-16,Clinica Vantia,LinkedIn Ads,Partnerships Sponsored ES Q2,16.2,458,3,0,0.0
2026-04-17,Clinica Vantia,LinkedIn Ads,Partnerships Sponsored ES Q2,3.7,71,0,0,0.0
2026-04-18,Clinica Vantia,LinkedIn Ads,Partnerships Sponsored ES Q2,4.31,95,1,0,0.0
2026-04-19,Clinica Vantia,LinkedIn Ads,Partnerships Sponsored ES Q2,14.48,358,3,0,0.0
2026-04-20,Clinica Vantia,LinkedIn Ads,Partnerships Sponsored ES Q2,13.29,338,3,0,0.0
2026-04-21,Clinica Vantia,LinkedIn Ads,Partnerships Sponsored ES Q2,14.36,353,2,0,0.0
2026-04-22,Clinica Vantia,LinkedIn Ads,Partnerships Sponsored ES Q2,9.56,306,0,0,0.0
2026-04-23,Clinica Vantia,LinkedIn Ads,Partnerships Sponsored ES Q2,13.49,302,0,0,0.0
2026-04-24,Clinica Vantia,LinkedIn Ads,Partnerships Sponsored ES Q2,4.05,100,0,0,0.0
2026-04-25,Clinica Vantia,LinkedIn Ads,Partnerships Sponsored ES Q2,3.23,87,0,0,0.0
2026-04-26,Clinica Vantia,LinkedIn Ads,Partnerships Sponsored ES Q2,13.87,309,4,0,0.0
2026-04-27,Clinica Vantia,LinkedIn Ads,Partnerships Sponsored ES Q2,13.25,294,0,0,0.0
2026-04-28,Clinica Vantia,LinkedIn Ads,Partnerships Sponsored ES Q2,15.01,384,1,0,0.0
2026-04-29,Clinica Vantia,LinkedIn Ads,Partnerships Sponsored ES Q2,14.46,326,6,1,46.2
2026-04-30,Clinica Vantia,LinkedIn Ads,Partnerships Sponsored ES Q2,13.01,385,1,0,0.0
2026-05-01,Clinica Vantia,LinkedIn Ads,Partnerships Sponsored ES Q2,3.78,137,2,1,45.21
2026-05-02,Clinica Vantia,LinkedIn Ads,Partnerships Sponsored ES Q2,3.23,93,2,0,0.0
2026-05-03,Clinica Vantia,LinkedIn Ads,Partnerships Sponsored ES Q2,12.83,298,0,0,0.0
2026-05-04,Clinica Vantia,LinkedIn Ads,Partnerships Sponsored ES Q2,20.78,483,3,0,0.0
2026-05-05,Clinica Vantia,LinkedIn Ads,Partnerships Sponsored ES Q2,16.33,368,0,0,0.0
2026-05-06,Clinica Vantia,LinkedIn Ads,Partnerships Sponsored ES Q2,14.63,415,4,0,0.0
2026-05-07,Clinica Vantia,LinkedIn Ads,Partnerships Sponsored ES Q2,15.08,527,4,0,0.0
2026-05-08,Clinica Vantia,LinkedIn Ads,Partnerships Sponsored ES Q2,3.76,104,1,1,
2026-05-09,Clinica Vantia,LinkedIn Ads,Partnerships Sponsored ES Q2,4.55,141,0,0,0.0
2026-05-10,Clinica Vantia,LinkedIn Ads,Partnerships Sponsored ES Q2,13.7,516,4,0,0.0
2026-05-11,Clinica Vantia,LinkedIn Ads,Partnerships Sponsored ES Q2,13.94,385,1,0,0.0
2026-05-12,Clinica Vantia,LinkedIn Ads,Partnerships Sponsored ES Q2,16.33,424,2,0,0.0
2026-05-13,Clinica Vantia,LinkedIn Ads,Partnerships Sponsored ES Q2,16.77,415,1,0,0.0
2026-05-14,Clinica Vantia,LinkedIn Ads,Partnerships Sponsored ES Q2,14.05,318,4,0,0.0
2026-05-15,Clinica Vantia,LinkedIn Ads,Partnerships Sponsored ES Q2,3.73,127,2,0,0.0
2026-05-16,Clinica Vantia,LinkedIn Ads,Partnerships Sponsored ES Q2,3.83,107,2,0,0.0
2026-05-17,Clinica Vantia,LinkedIn Ads,Partnerships Sponsored ES Q2,12.63,391,4,0,0.0
2026-05-18,Clinica Vantia,LinkedIn Ads,Partnerships Sponsored ES Q2,17.54,535,2,0,0.0
2026-05-19,Clinica Vantia,LinkedIn Ads,Partnerships Sponsored ES Q2,13.99,339,2,0,0.0
2026-05-20,Clinica Vantia,LinkedIn Ads,Partnerships Sponsored ES Q2,17.15,470,9,0,0.0
2026-05-21,Clinica Vantia,LinkedIn Ads,Partnerships Sponsored ES Q2,14.51,429,5,0,0.0
2026-05-22,Clinica Vantia,LinkedIn Ads,Partnerships Sponsored ES Q2,4.9,146,1,0,0.0
2026-05-23,Clinica Vantia,LinkedIn Ads,Partnerships Sponsored ES Q2,3.28,86,0,0,0.0
2026-05-24,Clinica Vantia,LinkedIn Ads,Partnerships Sponsored ES Q2,13.07,344,5,0,0.0
2026-05-25,Clinica Vantia,LinkedIn Ads,Partnerships Sponsored ES Q2,19.06,633,7,1,23.84
2026-05-26,Clinica Vantia,LinkedIn Ads,Partnerships Sponsored ES Q2,14.93,475,6,0,0.0
2026-05-27,Clinica Vantia,LinkedIn Ads,Partnerships Sponsored ES Q2,15.7,393,3,0,0.0
2026-05-28,Clinica Vantia,LinkedIn Ads,Partnerships Sponsored ES Q2,13.31,320,2,0,0.0
2026-05-29,Clinica Vantia,LinkedIn Ads,Partnerships Sponsored ES Q2,4.04,128,1,0,0.0
2026-05-30,Clinica Vantia,LinkedIn Ads,Partnerships Sponsored ES Q2,3.78,143,0,0,0.0
2026-05-31,Clinica Vantia,LinkedIn Ads,Partnerships Sponsored ES Q2,19.81,425,3,0,0.0
2026-06-01,Clinica Vantia,LinkedIn Ads,Partnerships Sponsored ES Q2,15.28,326,1,0,0.0
2026-06-02,Clinica Vantia,LinkedIn Ads,Partnerships Sponsored ES Q2,16.82,499,2,0,0.0
2026-06-03,Clinica Vantia,LinkedIn Ads,Partnerships Sponsored ES Q2,18.64,412,6,0,0.0
2026-06-04,Clinica Vantia,LinkedIn Ads,Partnerships Sponsored ES Q2,16.3,376,1,0,0.0
2026-06-05,Clinica Vantia,LinkedIn Ads,Partnerships Sponsored ES Q2,3.06,101,1,0,0.0
2026-06-06,Clinica Vantia,LinkedIn Ads,Partnerships Sponsored ES Q2,3.92,95,0,0,0.0
2026-06-07,Clinica Vantia,LinkedIn Ads,Partnerships Sponsored ES Q2,16.17,562,0,0,0.0
2026-06-08,Clinica Vantia,LinkedIn Ads,Partnerships Sponsored ES Q2,14.68,316,3,0,0.0
2026-06-09,Clinica Vantia,LinkedIn Ads,Partnerships Sponsored ES Q2,16.53,507,3,0,0.0
2026-06-10,Clinica Vantia,LinkedIn Ads,Partnerships Sponsored ES Q2,16.43,529,4,0,0.0
2026-06-11,Clinica Vantia,LinkedIn Ads,Partnerships Sponsored ES Q2,15.87,356,1,0,0.0
2026-06-12,Clinica Vantia,LinkedIn Ads,Partnerships Sponsored ES Q2,4.06,108,0,0,0.0
2026-06-13,Clinica Vantia,LinkedIn Ads,Partnerships Sponsored ES Q2,4.24,81,0,0,0.0
2026-06-14,Clinica Vantia,LinkedIn Ads,Partnerships Sponsored ES Q2,15.26,500,3,0,0.0
2026-06-15,Clinica Vantia,LinkedIn Ads,Partnerships Sponsored ES Q2,14.44,381,4,1,47.68
2026-06-16,Clinica Vantia,LinkedIn Ads,Partnerships Sponsored ES Q2,18.49,437,3,0,0.0
2026-06-17,Clinica Vantia,LinkedIn Ads,Partnerships Sponsored ES Q2,18.41,438,1,0,0.0
2026-06-18,Clinica Vantia,LinkedIn Ads,Partnerships Sponsored ES Q2,16.21,432,1,0,0.0
2026-06-19,Clinica Vantia,LinkedIn Ads,Partnerships Sponsored ES Q2,3.91,100,1,0,0.0
2026-06-20,Clinica Vantia,LinkedIn Ads,Partnerships Sponsored ES Q2,3.76,100,1,0,0.0
2026-06-21,Clinica Vantia,LinkedIn Ads,Partnerships Sponsored ES Q2,14.45,424,1,0,0.0
2026-06-22,Clinica Vantia,LinkedIn Ads,Partnerships Sponsored ES Q2,14.68,343,2,0,0.0
2026-06-23,Clinica Vantia,LinkedIn Ads,Partnerships Sponsored ES Q2,12.41,353,4,0,0.0
2026-06-24,Clinica Vantia,LinkedIn Ads,Partnerships Sponsored ES Q2,14.39,328,1,0,0.0
2026-06-25,Clinica Vantia,LinkedIn Ads,Partnerships Sponsored ES Q2,16.98,507,3,0,0.0
2026-06-26,Clinica Vantia,LinkedIn Ads,Partnerships Sponsored ES Q2,3.69,122,1,0,0.0
2026-06-27,Clinica Vantia,LinkedIn Ads,Partnerships Sponsored ES Q2,4.71,132,0,0,0.0
2026-06-28,Clinica Vantia,LinkedIn Ads,Partnerships Sponsored ES Q2,16.84,368,4,0,0.0
2026-06-29,Clinica Vantia,LinkedIn Ads,Partnerships Sponsored ES Q2,9.53,279,1,0,0.0
2026-06-30,Clinica Vantia,LinkedIn Ads,Partnerships Sponsored ES Q3,14.83,405,4,0,0.0
2026-07-01,Clinica Vantia,LinkedIn Ads,Partnerships Sponsored ES Q3,15.84,427,1,0,0.0
2026-07-02,Clinica Vantia,LinkedIn Ads,Partnerships Sponsored ES Q3,15.56,505,0,0,0.0
2026-07-03,Clinica Vantia,LinkedIn Ads,Partnerships Sponsored ES Q3,3.55,75,0,0,0.0
2026-07-04,Clinica Vantia,LinkedIn Ads,Partnerships Sponsored ES Q3,4.71,109,0,0,0.0
2026-07-05,Clinica Vantia,LinkedIn Ads,Partnerships Sponsored ES Q3,14.03,323,3,0,0.0
2026-07-06,Clinica Vantia,LinkedIn Ads,Partnerships Sponsored ES Q3,18.15,397,2,0,0.0
2026-07-07,Clinica Vantia,LinkedIn Ads,Partnerships Sponsored ES Q3,17.84,562,5,0,0.0
2026-07-08,Clinica Vantia,LinkedIn Ads,Partnerships Sponsored ES Q3,15.14,390,6,0,0.0
2026-07-09,Clinica Vantia,LinkedIn Ads,Partnerships Sponsored ES Q3,11.78,306,0,0,0.0
2026-07-10,Clinica Vantia,LinkedIn Ads,Partnerships Sponsored ES Q3,3.32,76,0,0,0.0
2026-07-11,Clinica Vantia,LinkedIn Ads,Partnerships Sponsored ES Q3,3.48,96,1,0,0.0
2026-07-12,Clinica Vantia,LinkedIn Ads,Partnerships Sponsored ES Q3,16.41,470,3,0,0.0
2026-07-13,Clinica Vantia,LinkedIn Ads,Partnerships Sponsored ES Q3,15.67,489,8,0,0.0
2026-07-14,Clinica Vantia,LinkedIn Ads,Partnerships Sponsored ES Q3,23.44,494,3,0,0.0
2026-07-15,Clinica Vantia,LinkedIn Ads,Partnerships Sponsored ES Q3,17.49,436,3,0,0.0
2026-07-16,Clinica Vantia,LinkedIn Ads,Partnerships Sponsored ES Q3,14.69,350,0,0,0.0
2026-07-17,Clinica Vantia,LinkedIn Ads,Partnerships Sponsored ES Q3,4.21,129,1,0,0.0
2026-07-18,Clinica Vantia,LinkedIn Ads,Partnerships Sponsored ES Q3,4.08,114,1,0,0.0
2026-07-19,Clinica Vantia,LinkedIn Ads,Partnerships Sponsored ES Q3,18.13,465,2,0,0.0
2026-07-20,Clinica Vantia,LinkedIn Ads,Partnerships Sponsored ES Q3,13.51,280,4,0,0.0
2026-07-21,Clinica Vantia,LinkedIn Ads,Partnerships Sponsored ES Q3,17.83,367,4,0,0.0
2026-07-22,Clinica Vantia,LinkedIn Ads,Partnerships Sponsored ES Q3,13.85,400,3,0,0.0
2026-07-23,Clinica Vantia,LinkedIn Ads,Partnerships Sponsored ES Q3,15.02,350,0,0,0.0
2026-07-24,Clinica Vantia,LinkedIn Ads,Partnerships Sponsored ES Q3,3.31,84,2,0,0.0
2026-07-25,Clinica Vantia,LinkedIn Ads,Partnerships Sponsored ES Q3,4.21,123,1,1,31.34
2026-07-26,Clinica Vantia,LinkedIn Ads,Partnerships Sponsored ES Q3,14.03,376,3,0,0.0
2026-07-27,Clinica Vantia,LinkedIn Ads,Partnerships Sponsored ES Q3,14.64,349,1,0,0.0
2026-07-28,Clinica Vantia,LinkedIn Ads,Partnerships Sponsored ES Q3,15.04,324,2,0,0.0
2026-07-29,Clinica Vantia,LinkedIn Ads,Partnerships Sponsored ES Q3,13.27,413,4,0,0.0
2026-07-30,Clinica Vantia,LinkedIn Ads,Partnerships Sponsored ES Q3,10.02,204,0,0,0.0
2025-01-31,Nordfit Equipment,LinkedIn Ads,es-sponsored-wholesale-q1,9.72,315,1,0,0.0
2025-02-01,Nordfit Equipment,LinkedIn Ads,es-sponsored-wholesale-q1,5.56,189,2,0,0.0
2025-02-02,Nordfit Equipment,LinkedIn Ads,es-sponsored-wholesale-q1,24.49,645,7,0,0.0
2025-02-03,Nordfit Equipment,LinkedIn Ads,es-sponsored-wholesale-q1,24.57,672,7,0,0.0
2025-02-04,Nordfit Equipment,LinkedIn Ads,es-sponsored-wholesale-q1,26.56,815,3,0,0.0
2025-02-05,Nordfit Equipment,LinkedIn Ads,es-sponsored-wholesale-q1,24.39,552,1,0,0.0
2025-02-06,Nordfit Equipment,LinkedIn Ads,es-sponsored-wholesale-q1,25.04,705,5,0,0.0
2025-02-07,Nordfit Equipment,LinkedIn Ads,es-sponsored-wholesale-q1,5.12,181,0,0,0.0
2025-02-08,Nordfit Equipment,LinkedIn Ads,es-sponsored-wholesale-q1,5.47,150,1,0,0.0
2025-02-09,Nordfit Equipment,LinkedIn Ads,es-sponsored-wholesale-q1,26.53,670,6,0,0.0
2025-02-10,Nordfit Equipment,LinkedIn Ads,es-sponsored-wholesale-q1,20.21,487,4,0,0.0
2025-02-11,Nordfit Equipment,LinkedIn Ads,es-sponsored-wholesale-q1,27.3,568,5,0,0.0
2025-02-12,Nordfit Equipment,LinkedIn Ads,es-sponsored-wholesale-q1,26.93,705,5,0,0.0
2025-02-13,Nordfit Equipment,LinkedIn Ads,es-sponsored-wholesale-q1,20.83,557,5,1,23.89
2025-02-14,Nordfit Equipment,LinkedIn Ads,es-sponsored-wholesale-q1,6.02,157,0,0,0.0
2025-02-15,Nordfit Equipment,LinkedIn Ads,es-sponsored-wholesale-q1,5.15,165,0,0,0.0
2025-02-16,Nordfit Equipment,LinkedIn Ads,es-sponsored-wholesale-q1,23.37,488,5,0,0.0
2025-02-17,Nordfit Equipment,LinkedIn Ads,es-sponsored-wholesale-q1,22.93,571,5,0,0.0
2025-02-18,Nordfit Equipment,LinkedIn Ads,es-sponsored-wholesale-q1,21.53,698,4,0,0.0
2025-02-19,Nordfit Equipment,LinkedIn Ads,es-sponsored-wholesale-q1,23.81,581,4,0,0.0
2025-02-20,Nordfit Equipment,LinkedIn Ads,es-sponsored-wholesale-q1,24.37,531,0,0,0.0
2025-02-21,Nordfit Equipment,LinkedIn Ads,es-sponsored-wholesale-q1,7.23,225,1,0,0.0
2025-02-22,Nordfit Equipment,LinkedIn Ads,es-sponsored-wholesale-q1,5.34,115,1,0,0.0
2025-02-23,Nordfit Equipment,LinkedIn Ads,es-sponsored-wholesale-q1,30.45,930,10,0,0.0
2025-02-24,Nordfit Equipment,LinkedIn Ads,es-sponsored-wholesale-q1,25.08,754,3,0,0.0
2025-02-25,Nordfit Equipment,LinkedIn Ads,es-sponsored-wholesale-q1,26.69,928,2,0,0.0
2025-02-26,Nordfit Equipment,LinkedIn Ads,es-sponsored-wholesale-q1,25.67,735,6,0,0.0
2025-02-27,Nordfit Equipment,LinkedIn Ads,es-sponsored-wholesale-q1,23.71,560,2,0,0.0
2025-02-28,Nordfit Equipment,LinkedIn Ads,es-sponsored-wholesale-q1,6.72,206,1,0,0.0
2025-03-01,Nordfit Equipment,LinkedIn Ads,es-sponsored-wholesale-q1,6.89,175,1,0,0.0
2025-03-02,Nordfit Equipment,LinkedIn Ads,es-sponsored-wholesale-q1,20.4,656,7,0,0.0
2025-03-03,Nordfit Equipment,LinkedIn Ads,es-sponsored-wholesale-q1,22.87,634,1,0,0.0
2025-03-04,Nordfit Equipment,LinkedIn Ads,es-sponsored-wholesale-q1,25.37,558,4,0,0.0
2025-03-05,Nordfit Equipment,LinkedIn Ads,es-sponsored-wholesale-q1,21.24,591,3,0,0.0
2025-03-06,Nordfit Equipment,LinkedIn Ads,es-sponsored-wholesale-q1,28.31,885,6,0,0.0
2025-03-07,Nordfit Equipment,LinkedIn Ads,es-sponsored-wholesale-q1,6.45,137,0,0,0.0
2025-03-08,Nordfit Equipment,LinkedIn Ads,es-sponsored-wholesale-q1,5.51,137,0,0,0.0
2025-03-09,Nordfit Equipment,LinkedIn Ads,es-sponsored-wholesale-q1,28.03,798,7,0,0.0
2025-03-10,Nordfit Equipment,LinkedIn Ads,es-sponsored-wholesale-q1,26.97,942,5,1,25.02
2025-03-11,Nordfit Equipment,LinkedIn Ads,es-sponsored-wholesale-q1,22.19,535,2,0,0.0
2025-03-12,Nordfit Equipment,LinkedIn Ads,es-sponsored-wholesale-q1,22.45,756,4,0,0.0
2025-03-13,Nordfit Equipment,LinkedIn Ads,es-sponsored-wholesale-q1,26.24,597,7,0,0.0
2025-03-14,Nordfit Equipment,LinkedIn Ads,es-sponsored-wholesale-q1,6.31,166,1,0,0.0
2025-03-15,Nordfit Equipment,LinkedIn Ads,es-sponsored-wholesale-q1,5.49,160,1,0,0.0
2025-03-16,Nordfit Equipment,LinkedIn Ads,es-sponsored-wholesale-q1,27.41,727,4,0,0.0
2025-03-17,Nordfit Equipment,LinkedIn Ads,es-sponsored-wholesale-q1,23.03,735,3,0,0.0
2025-03-18,Nordfit Equipment,LinkedIn Ads,es-sponsored-wholesale-q1,26.9,934,7,1,18.35
2025-03-19,Nordfit Equipment,LinkedIn Ads,es-sponsored-wholesale-q1,25.35,651,2,0,0.0
2025-03-20,Nordfit Equipment,LinkedIn Ads,es-sponsored-wholesale-q1,23.97,598,5,0,0.0
2025-03-21,Nordfit Equipment,LinkedIn Ads,es-sponsored-wholesale-q1,8.55,179,2,0,0.0
2025-03-22,Nordfit Equipment,LinkedIn Ads,es-sponsored-wholesale-q1,6.65,143,0,0,0.0
2025-03-23,Nordfit Equipment,LinkedIn Ads,es-sponsored-wholesale-q1,25.58,795,1,0,0.0
2025-03-24,Nordfit Equipment,LinkedIn Ads,es-sponsored-wholesale-q1,24.57,769,0,0,0.0
2025-03-25,Nordfit Equipment,LinkedIn Ads,es-sponsored-wholesale-q1,28.47,615,7,0,0.0
2025-03-26,Nordfit Equipment,LinkedIn Ads,es-sponsored-wholesale-q1,30.03,856,10,1,23.86
2025-03-27,Nordfit Equipment,LinkedIn Ads,es-sponsored-wholesale-q1,13.91,458,8,0,0.0
2025-03-28,Nordfit Equipment,LinkedIn Ads,es-sponsored-wholesale-q1,4.66,116,0,0,0.0
2025-03-29,Nordfit Equipment,LinkedIn Ads,es-sponsored-wholesale-q1,4.83,94,0,0,0.0
2025-03-30,Nordfit Equipment,LinkedIn Ads,es-sponsored-wholesale-q1,25.93,716,1,0,0.0
2025-03-31,Nordfit Equipment,LinkedIn Ads,es-sponsored-wholesale-q2,20.75,727,5,0,0.0
2025-04-01,Nordfit Equipment,LinkedIn Ads,es-sponsored-wholesale-q2,24.65,626,3,0,0.0
2025-04-02,Nordfit Equipment,LinkedIn Ads,es-sponsored-wholesale-q2,27.19,998,5,0,0.0
2025-04-03,Nordfit Equipment,LinkedIn Ads,es-sponsored-wholesale-q2,26.43,613,3,0,0.0
2025-04-04,Nordfit Equipment,LinkedIn Ads,es-sponsored-wholesale-q2,8.08,212,3,0,0.0
2025-04-05,Nordfit Equipment,LinkedIn Ads,es-sponsored-wholesale-q2,6.95,155,0,0,0.0
2025-04-06,Nordfit Equipment,LinkedIn Ads,es-sponsored-wholesale-q2,20.8,590,2,0,0.0
2025-04-07,Nordfit Equipment,LinkedIn Ads,es-sponsored-wholesale-q2,24.18,564,5,0,0.0
2025-04-08,Nordfit Equipment,LinkedIn Ads,es-sponsored-wholesale-q2,24.53,646,4,0,0.0
2025-04-09,Nordfit Equipment,LinkedIn Ads,es-sponsored-wholesale-q2,24.9,783,0,0,0.0
2025-04-10,Nordfit Equipment,LinkedIn Ads,es-sponsored-wholesale-q2,25.17,827,2,0,0.0
2025-04-11,Nordfit Equipment,LinkedIn Ads,es-sponsored-wholesale-q2,4.86,109,0,0,0.0
2025-04-12,Nordfit Equipment,LinkedIn Ads,es-sponsored-wholesale-q2,4.41,159,4,0,0.0
2025-04-13,Nordfit Equipment,LinkedIn Ads,es-sponsored-wholesale-q2,28.36,918,3,0,0.0
2025-04-14,Nordfit Equipment,LinkedIn Ads,es-sponsored-wholesale-q2,21.34,519,7,0,0.0
2025-04-15,Nordfit Equipment,LinkedIn Ads,es-sponsored-wholesale-q2,32.03,694,5,0,0.0
2025-04-16,Nordfit Equipment,LinkedIn Ads,es-sponsored-wholesale-q2,26.39,755,11,1,29.64
2025-04-17,Nordfit Equipment,LinkedIn Ads,es-sponsored-wholesale-q2,18.68,406,3,0,0.0
2025-04-18,Nordfit Equipment,LinkedIn Ads,es-sponsored-wholesale-q2,7.25,163,1,0,0.0
2025-04-19,Nordfit Equipment,LinkedIn Ads,es-sponsored-wholesale-q2,6.67,161,1,0,0.0
2025-04-20,Nordfit Equipment,LinkedIn Ads,es-sponsored-wholesale-q2,32.53,1021,11,0,0.0
2025-04-21,Nordfit Equipment,LinkedIn Ads,es-sponsored-wholesale-q2,19.29,417,3,0,0.0
2025-04-22,Nordfit Equipment,LinkedIn Ads,es-sponsored-wholesale-q2,25.49,661,4,0,0.0
2025-04-23,Nordfit Equipment,LinkedIn Ads,es-sponsored-wholesale-q2,25.14,882,8,0,0.0
2025-04-24,Nordfit Equipment,LinkedIn Ads,es-sponsored-wholesale-q2,22.24,472,5,0,0.0
2025-04-25,Nordfit Equipment,LinkedIn Ads,es-sponsored-wholesale-q2,6.97,196,2,0,0.0
2025-04-26,Nordfit Equipment,LinkedIn Ads,es-sponsored-wholesale-q2,7.91,215,1,1,29.9
2025-04-27,Nordfit Equipment,LinkedIn Ads,es-sponsored-wholesale-q2,22.15,561,3,0,0.0
2025-04-28,Nordfit Equipment,LinkedIn Ads,es-sponsored-wholesale-q2,25.81,662,2,0,0.0
2025-04-29,Nordfit Equipment,LinkedIn Ads,es-sponsored-wholesale-q2,23.98,558,1,0,0.0
2025-04-30,Nordfit Equipment,LinkedIn Ads,es-sponsored-wholesale-q2,23.3,744,2,0,0.0
2025-05-01,Nordfit Equipment,LinkedIn Ads,es-sponsored-wholesale-q2,26.34,689,4,0,0.0
2025-05-02,Nordfit Equipment,LinkedIn Ads,es-sponsored-wholesale-q2,7.02,184,0,0,0.0
2025-05-03,Nordfit Equipment,LinkedIn Ads,es-sponsored-wholesale-q2,6.69,169,0,0,0.0
2025-05-04,Nordfit Equipment,LinkedIn Ads,es-sponsored-wholesale-q2,19.95,600,4,1,16.63
2025-05-05,Nordfit Equipment,LinkedIn Ads,es-sponsored-wholesale-q2,29.85,603,6,0,0.0
2025-05-06,Nordfit Equipment,LinkedIn Ads,es-sponsored-wholesale-q2,25.6,610,4,0,0.0
2025-05-07,Nordfit Equipment,LinkedIn Ads,es-sponsored-wholesale-q2,24.34,777,2,0,0.0
2025-05-08,Nordfit Equipment,LinkedIn Ads,es-sponsored-wholesale-q2,22.86,736,4,0,0.0
2025-05-09,Nordfit Equipment,LinkedIn Ads,es-sponsored-wholesale-q2,6.21,224,2,0,0.0
2025-05-10,Nordfit Equipment,LinkedIn Ads,es-sponsored-wholesale-q2,5.12,137,0,0,0.0
2025-05-11,Nordfit Equipment,LinkedIn Ads,es-sponsored-wholesale-q2,25.59,884,4,0,0.0
2025-05-12,Nordfit Equipment,LinkedIn Ads,es-sponsored-wholesale-q2,24.07,600,11,0,0.0
2025-05-13,Nordfit Equipment,LinkedIn Ads,es-sponsored-wholesale-q2,28.78,666,1,0,0.0
2025-05-14,Nordfit Equipment,LinkedIn Ads,es-sponsored-wholesale-q2,23.81,571,6,0,0.0
2025-05-15,Nordfit Equipment,LinkedIn Ads,es-sponsored-wholesale-q2,23.05,515,2,0,0.0
2025-05-16,Nordfit Equipment,LinkedIn Ads,es-sponsored-wholesale-q2,7.26,199,1,0,0.0
2025-05-17,Nordfit Equipment,LinkedIn Ads,es-sponsored-wholesale-q2,6.01,177,1,0,0.0
2025-05-18,Nordfit Equipment,LinkedIn Ads,es-sponsored-wholesale-q2,23.96,601,3,0,0.0
2025-05-19,Nordfit Equipment,LinkedIn Ads,es-sponsored-wholesale-q2,23.53,485,0,0,0.0
2025-05-20,Nordfit Equipment,LinkedIn Ads,es-sponsored-wholesale-q2,24.22,876,4,0,0.0
2025-05-21,Nordfit Equipment,LinkedIn Ads,es-sponsored-wholesale-q2,27.43,996,10,0,0.0
2025-05-22,Nordfit Equipment,LinkedIn Ads,es-sponsored-wholesale-q2,28.69,948,5,0,0.0
2025-05-23,Nordfit Equipment,LinkedIn Ads,es-sponsored-wholesale-q2,4.96,105,2,0,0.0
2025-05-24,Nordfit Equipment,LinkedIn Ads,es-sponsored-wholesale-q2,5.89,148,2,0,0.0
2025-05-25,Nordfit Equipment,LinkedIn Ads,es-sponsored-wholesale-q2,30.52,719,7,1,33.83
2025-05-26,Nordfit Equipment,LinkedIn Ads,es-sponsored-wholesale-q2,30.74,939,5,0,0.0
2025-05-27,Nordfit Equipment,LinkedIn Ads,es-sponsored-wholesale-q2,23.9,673,6,0,0.0
2025-05-28,Nordfit Equipment,LinkedIn Ads,es-sponsored-wholesale-q2,18.26,563,4,0,0.0
2025-05-29,Nordfit Equipment,LinkedIn Ads,es-sponsored-wholesale-q2,26.09,569,4,0,0.0
2025-05-30,Nordfit Equipment,LinkedIn Ads,es-sponsored-wholesale-q2,7.83,184,0,0,0.0
2025-05-31,Nordfit Equipment,LinkedIn Ads,es-sponsored-wholesale-q2,5.68,140,0,0,0.0
2025-06-01,Nordfit Equipment,LinkedIn Ads,es-sponsored-wholesale-q2,24.38,763,3,1,26.94
2025-06-02,Nordfit Equipment,LinkedIn Ads,es-sponsored-wholesale-q2,21.44,633,5,0,0.0
2025-06-03,Nordfit Equipment,LinkedIn Ads,es-sponsored-wholesale-q2,25.29,791,1,0,0.0
2025-06-04,Nordfit Equipment,LinkedIn Ads,es-sponsored-wholesale-q2,20.01,408,2,0,0.0
2025-06-05,Nordfit Equipment,LinkedIn Ads,es-sponsored-wholesale-q2,26.26,554,3,0,0.0
2025-06-06,Nordfit Equipment,LinkedIn Ads,es-sponsored-wholesale-q2,7.37,219,1,0,0.0
2025-06-07,Nordfit Equipment,LinkedIn Ads,es-sponsored-wholesale-q2,7.06,175,0,0,0.0
2025-06-08,Nordfit Equipment,LinkedIn Ads,es-sponsored-wholesale-q2,26.17,660,1,0,0.0
2025-06-09,Nordfit Equipment,LinkedIn Ads,es-sponsored-wholesale-q2,19.85,608,3,0,0.0
2025-06-10,Nordfit Equipment,LinkedIn Ads,es-sponsored-wholesale-q2,23.04,620,1,0,0.0
2025-06-11,Nordfit Equipment,LinkedIn Ads,es-sponsored-wholesale-q2,25.54,847,9,0,0.0
2025-06-12,Nordfit Equipment,LinkedIn Ads,es-sponsored-wholesale-q2,24.6,791,6,0,0.0
2025-06-13,Nordfit Equipment,LinkedIn Ads,es-sponsored-wholesale-q2,5.87,184,1,0,0.0
2025-06-14,Nordfit Equipment,LinkedIn Ads,es-sponsored-wholesale-q2,5.3,152,1,0,0.0
2025-06-15,Nordfit Equipment,LinkedIn Ads,es-sponsored-wholesale-q2,31.96,1090,11,1,36.77
2025-06-16,Nordfit Equipment,LinkedIn Ads,es-sponsored-wholesale-q2,24.49,640,4,0,0.0
2025-06-17,Nordfit Equipment,LinkedIn Ads,es-sponsored-wholesale-q2,22.01,657,2,0,0.0
2025-06-18,Nordfit Equipment,LinkedIn Ads,es-sponsored-wholesale-q2,21.56,586,6,0,0.0
2025-06-19,Nordfit Equipment,LinkedIn Ads,es-sponsored-wholesale-q2,22.19,537,1,0,0.0
2025-06-20,Nordfit Equipment,LinkedIn Ads,es-sponsored-wholesale-q2,6.77,194,2,0,0.0
2025-06-21,Nordfit Equipment,LinkedIn Ads,es-sponsored-wholesale-q2,5.17,143,1,0,0.0
2025-06-22,Nordfit Equipment,LinkedIn Ads,es-sponsored-wholesale-q2,25.56,798,1,0,0.0
2025-06-23,Nordfit Equipment,LinkedIn Ads,es-sponsored-wholesale-q2,23.49,752,3,0,0.0
2025-06-24,Nordfit Equipment,LinkedIn Ads,es-sponsored-wholesale-q2,25.0,774,4,0,0.0
2025-06-25,Nordfit Equipment,LinkedIn Ads,es-sponsored-wholesale-q2,25.7,548,5,0,0.0
2025-06-26,Nordfit Equipment,LinkedIn Ads,es-sponsored-wholesale-q2,23.57,656,3,0,0.0
2025-06-27,Nordfit Equipment,LinkedIn Ads,es-sponsored-wholesale-q2,7.02,168,0,0,0.0
2025-06-28,Nordfit Equipment,LinkedIn Ads,es-sponsored-wholesale-q2,6.23,204,2,0,0.0
2025-06-29,Nordfit Equipment,LinkedIn Ads,es-sponsored-wholesale-q2,24.24,683,2,0,0.0
2025-06-30,Nordfit Equipment,LinkedIn Ads,es-sponsored-wholesale-q3,18.81,417,2,0,0.0
2025-07-01,Nordfit Equipment,LinkedIn Ads,es-sponsored-wholesale-q3,21.37,506,4,0,0.0
2025-07-02,Nordfit Equipment,LinkedIn Ads,es-sponsored-wholesale-q3,28.96,815,3,0,0.0
2025-07-03,Nordfit Equipment,LinkedIn Ads,es-sponsored-wholesale-q3,24.93,756,6,0,0.0
2025-07-04,Nordfit Equipment,LinkedIn Ads,es-sponsored-wholesale-q3,6.79,212,1,0,0.0
2025-07-05,Nordfit Equipment,LinkedIn Ads,es-sponsored-wholesale-q3,4.64,132,0,0,0.0
2025-07-06,Nordfit Equipment,LinkedIn Ads,es-sponsored-wholesale-q3,31.45,803,4,0,0.0
2025-07-07,Nordfit Equipment,LinkedIn Ads,es-sponsored-wholesale-q3,32.32,901,2,0,0.0
2025-07-08,Nordfit Equipment,LinkedIn Ads,es-sponsored-wholesale-q3,25.09,660,0,0,0.0
2025-07-09,Nordfit Equipment,LinkedIn Ads,es-sponsored-wholesale-q3,26.37,946,6,1,35.66
2025-07-10,Nordfit Equipment,LinkedIn Ads,es-sponsored-wholesale-q3,30.34,837,5,0,0.0
2025-07-11,Nordfit Equipment,LinkedIn Ads,es-sponsored-wholesale-q3,8.71,188,0,0,0.0
2025-07-12,Nordfit Equipment,LinkedIn Ads,es-sponsored-wholesale-q3,6.1,162,1,0,0.0
2025-07-13,Nordfit Equipment,LinkedIn Ads,es-sponsored-wholesale-q3,28.55,976,11,0,0.0
2025-07-14,Nordfit Equipment,LinkedIn Ads,es-sponsored-wholesale-q3,25.81,585,2,0,0.0
2025-07-15,Nordfit Equipment,LinkedIn Ads,es-sponsored-wholesale-q3,25.55,574,4,0,0.0
2025-07-16,Nordfit Equipment,LinkedIn Ads,es-sponsored-wholesale-q3,23.95,465,8,0,0.0
2025-07-17,Nordfit Equipment,LinkedIn Ads,es-sponsored-wholesale-q3,24.31,537,1,0,0.0
2025-07-18,Nordfit Equipment,LinkedIn Ads,es-sponsored-wholesale-q3,5.85,134,1,0,0.0
2025-07-19,Nordfit Equipment,LinkedIn Ads,es-sponsored-wholesale-q3,6.77,187,4,0,0.0
2025-07-20,Nordfit Equipment,LinkedIn Ads,es-sponsored-wholesale-q3,25.72,588,3,0,0.0
2025-07-21,Nordfit Equipment,LinkedIn Ads,es-sponsored-wholesale-q3,27.17,578,2,0,0.0
2025-07-22,Nordfit Equipment,LinkedIn Ads,es-sponsored-wholesale-q3,21.4,607,2,0,0.0
2025-07-23,Nordfit Equipment,LinkedIn Ads,es-sponsored-wholesale-q3,30.16,964,5,0,0.0
2025-07-24,Nordfit Equipment,LinkedIn Ads,es-sponsored-wholesale-q3,25.74,552,5,0,0.0
2025-07-25,Nordfit Equipment,LinkedIn Ads,es-sponsored-wholesale-q3,7.11,232,3,0,0.0
2025-07-26,Nordfit Equipment,LinkedIn Ads,es-sponsored-wholesale-q3,6.49,197,3,0,0.0
2025-07-27,Nordfit Equipment,LinkedIn Ads,es-sponsored-wholesale-q3,27.41,575,5,0,0.0
2025-07-28,Nordfit Equipment,LinkedIn Ads,es-sponsored-wholesale-q3,24.09,861,5,0,0.0
2025-07-29,Nordfit Equipment,LinkedIn Ads,es-sponsored-wholesale-q3,18.31,413,2,0,0.0
2025-07-30,Nordfit Equipment,LinkedIn Ads,es-sponsored-wholesale-q3,23.57,592,3,0,0.0
2025-07-31,Nordfit Equipment,LinkedIn Ads,es-sponsored-wholesale-q3,22.82,669,3,0,0.0
2025-08-01,Nordfit Equipment,LinkedIn Ads,es-sponsored-wholesale-q3,5.66,222,4,0,0.0
2025-08-02,Nordfit Equipment,LinkedIn Ads,es-sponsored-wholesale-q3,7.22,185,2,0,0.0
2025-08-03,Nordfit Equipment,LinkedIn Ads,es-sponsored-wholesale-q3,20.19,504,2,0,0.0
2025-08-04,Nordfit Equipment,LinkedIn Ads,es-sponsored-wholesale-q3,26.6,612,5,0,0.0
2025-08-05,Nordfit Equipment,LinkedIn Ads,es-sponsored-wholesale-q3,25.09,809,5,0,0.0
2025-08-06,Nordfit Equipment,LinkedIn Ads,es-sponsored-wholesale-q3,21.9,570,4,0,0.0
2025-08-07,Nordfit Equipment,LinkedIn Ads,es-sponsored-wholesale-q3,23.02,501,0,0,0.0
2025-08-08,Nordfit Equipment,LinkedIn Ads,es-sponsored-wholesale-q3,4.95,163,0,0,0.0
2025-08-09,Nordfit Equipment,LinkedIn Ads,es-sponsored-wholesale-q3,6.36,128,1,0,0.0
2025-08-10,Nordfit Equipment,LinkedIn Ads,es-sponsored-wholesale-q3,23.85,685,6,0,0.0
2025-08-11,Nordfit Equipment,LinkedIn Ads,es-sponsored-wholesale-q3,28.91,847,3,0,0.0
2025-08-12,Nordfit Equipment,LinkedIn Ads,es-sponsored-wholesale-q3,24.23,469,2,0,0.0
2025-08-13,Nordfit Equipment,LinkedIn Ads,es-sponsored-wholesale-q3,27.86,630,6,1,27.8
2025-08-14,Nordfit Equipment,LinkedIn Ads,es-sponsored-wholesale-q3,26.61,936,9,0,0.0
2025-08-15,Nordfit Equipment,LinkedIn Ads,es-sponsored-wholesale-q3,6.22,123,0,0,0.0
2025-08-16,Nordfit Equipment,LinkedIn Ads,es-sponsored-wholesale-q3,5.47,164,1,0,0.0
2025-08-17,Nordfit Equipment,LinkedIn Ads,es-sponsored-wholesale-q3,24.35,581,0,0,0.0
2025-08-18,Nordfit Equipment,LinkedIn Ads,es-sponsored-wholesale-q3,23.2,665,3,0,0.0
2025-08-19,Nordfit Equipment,LinkedIn Ads,es-sponsored-wholesale-q3,26.99,640,4,0,0.0
2025-08-20,Nordfit Equipment,LinkedIn Ads,es-sponsored-wholesale-q3,18.52,666,3,0,0.0
2025-08-21,Nordfit Equipment,LinkedIn Ads,es-sponsored-wholesale-q3,31.98,962,6,0,0.0
2025-08-22,Nordfit Equipment,LinkedIn Ads,es-sponsored-wholesale-q3,4.58,121,0,0,0.0
2025-08-23,Nordfit Equipment,LinkedIn Ads,es-sponsored-wholesale-q3,5.96,205,0,0,0.0
2025-08-24,Nordfit Equipment,LinkedIn Ads,es-sponsored-wholesale-q3,26.35,753,5,0,0.0
2025-08-25,Nordfit Equipment,LinkedIn Ads,es-sponsored-wholesale-q3,31.83,687,7,0,0.0
2025-08-26,Nordfit Equipment,LinkedIn Ads,es-sponsored-wholesale-q3,27.12,580,0,0,0.0
2025-08-27,Nordfit Equipment,LinkedIn Ads,es-sponsored-wholesale-q3,21.76,667,4,0,0.0
2025-08-28,Nordfit Equipment,LinkedIn Ads,es-sponsored-wholesale-q3,19.56,458,2,1,32.14
2025-08-29,Nordfit Equipment,LinkedIn Ads,es-sponsored-wholesale-q3,6.09,150,2,0,0.0
2025-08-30,Nordfit Equipment,LinkedIn Ads,es-sponsored-wholesale-q3,7.23,140,1,0,0.0
2025-08-31,Nordfit Equipment,LinkedIn Ads,es-sponsored-wholesale-q3,31.84,1124,4,0,0.0
2025-09-01,Nordfit Equipment,LinkedIn Ads,es-sponsored-wholesale-q3,24.19,872,3,0,0.0
2025-09-02,Nordfit Equipment,LinkedIn Ads,es-sponsored-wholesale-q3,25.18,707,4,1,39.31
2025-09-03,Nordfit Equipment,LinkedIn Ads,es-sponsored-wholesale-q3,21.79,503,1,0,0.0
2025-09-04,Nordfit Equipment,LinkedIn Ads,es-sponsored-wholesale-q3,25.63,571,5,0,0.0
2025-09-05,Nordfit Equipment,LinkedIn Ads,es-sponsored-wholesale-q3,6.24,175,2,0,0.0
2025-09-06,Nordfit Equipment,LinkedIn Ads,es-sponsored-wholesale-q3,7.6,206,3,0,0.0
2025-09-07,Nordfit Equipment,LinkedIn Ads,es-sponsored-wholesale-q3,21.46,595,4,0,0.0
2025-09-08,Nordfit Equipment,LinkedIn Ads,es-sponsored-wholesale-q3,21.93,560,3,0,0.0
2025-09-09,Nordfit Equipment,LinkedIn Ads,es-sponsored-wholesale-q3,26.66,598,5,0,0.0
2025-09-10,Nordfit Equipment,LinkedIn Ads,es-sponsored-wholesale-q3,22.54,645,5,1,37.92
2025-09-11,Nordfit Equipment,LinkedIn Ads,es-sponsored-wholesale-q3,20.0,604,3,0,0.0
2025-09-12,Nordfit Equipment,LinkedIn Ads,es-sponsored-wholesale-q3,6.78,143,0,0,0.0
2025-09-13,Nordfit Equipment,LinkedIn Ads,es-sponsored-wholesale-q3,8.18,264,2,0,0.0
2025-09-14,Nordfit Equipment,LinkedIn Ads,es-sponsored-wholesale-q3,24.93,540,1,0,0.0
2025-09-15,Nordfit Equipment,LinkedIn Ads,es-sponsored-wholesale-q3,21.86,662,4,0,0.0
2025-09-16,Nordfit Equipment,LinkedIn Ads,es-sponsored-wholesale-q3,28.68,832,6,0,0.0
2025-09-17,Nordfit Equipment,LinkedIn Ads,es-sponsored-wholesale-q3,22.72,650,3,1,30.89
2025-09-18,Nordfit Equipment,LinkedIn Ads,es-sponsored-wholesale-q3,25.35,695,7,0,0.0
2025-09-19,Nordfit Equipment,LinkedIn Ads,es-sponsored-wholesale-q3,6.72,184,0,0,0.0
2025-09-20,Nordfit Equipment,LinkedIn Ads,es-sponsored-wholesale-q3,6.74,153,0,0,0.0
2025-09-21,Nordfit Equipment,LinkedIn Ads,es-sponsored-wholesale-q3,39.38,873,7,0,0.0
2025-09-22,Nordfit Equipment,LinkedIn Ads,es-sponsored-wholesale-q3,25.72,888,11,1,33.16
2025-09-23,Nordfit Equipment,LinkedIn Ads,es-sponsored-wholesale-q3,26.05,572,0,0,0.0
2025-09-24,Nordfit Equipment,LinkedIn Ads,es-sponsored-wholesale-q3,28.55,625,2,0,0.0
2025-09-25,Nordfit Equipment,LinkedIn Ads,es-sponsored-wholesale-q3,27.3,572,7,0,0.0
2025-09-26,Nordfit Equipment,LinkedIn Ads,es-sponsored-wholesale-q3,7.86,177,1,0,0.0
2025-09-27,Nordfit Equipment,LinkedIn Ads,es-sponsored-wholesale-q3,7.41,166,1,0,0.0
2025-09-28,Nordfit Equipment,LinkedIn Ads,es-sponsored-wholesale-q3,21.74,551,5,0,0.0
2025-09-29,Nordfit Equipment,LinkedIn Ads,es-sponsored-wholesale-q3,25.51,767,3,0,0.0
2025-09-30,Nordfit Equipment,LinkedIn Ads,es-sponsored-wholesale-q4,27.34,896,8,1,39.49
2025-10-01,Nordfit Equipment,LinkedIn Ads,es-sponsored-wholesale-q4,26.0,605,3,0,0.0
2025-10-02,Nordfit Equipment,LinkedIn Ads,es-sponsored-wholesale-q4,22.94,517,1,0,0.0
2025-10-03,Nordfit Equipment,LinkedIn Ads,es-sponsored-wholesale-q4,5.64,131,2,0,0.0
2025-10-04,Nordfit Equipment,LinkedIn Ads,es-sponsored-wholesale-q4,6.11,132,1,0,0.0
2025-10-05,Nordfit Equipment,LinkedIn Ads,es-sponsored-wholesale-q4,28.21,751,8,0,0.0
2025-10-06,Nordfit Equipment,LinkedIn Ads,es-sponsored-wholesale-q4,25.65,523,2,0,0.0
2025-10-07,Nordfit Equipment,LinkedIn Ads,es-sponsored-wholesale-q4,17.54,436,2,0,0.0
2025-10-08,Nordfit Equipment,LinkedIn Ads,es-sponsored-wholesale-q4,28.27,671,5,1,26.18
2025-10-09,Nordfit Equipment,LinkedIn Ads,es-sponsored-wholesale-q4,23.75,781,5,0,0.0
2025-10-10,Nordfit Equipment,LinkedIn Ads,es-sponsored-wholesale-q4,5.56,150,2,0,0.0
2025-10-11,Nordfit Equipment,LinkedIn Ads,es-sponsored-wholesale-q4,7.15,120,1,0,0.0
2025-10-12,Nordfit Equipment,LinkedIn Ads,es-sponsored-wholesale-q4,36.87,1039,12,0,0.0
2025-10-13,Nordfit Equipment,LinkedIn Ads,es-sponsored-wholesale-q4,26.57,793,4,1,29.53
2025-10-14,Nordfit Equipment,LinkedIn Ads,es-sponsored-wholesale-q4,27.47,848,6,0,0.0
2025-10-15,Nordfit Equipment,LinkedIn Ads,es-sponsored-wholesale-q4,22.03,442,3,0,0.0
2025-10-16,Nordfit Equipment,LinkedIn Ads,es-sponsored-wholesale-q4,24.84,616,4,0,0.0
2025-10-17,Nordfit Equipment,LinkedIn Ads,es-sponsored-wholesale-q4,6.43,199,0,0,0.0
2025-10-18,Nordfit Equipment,LinkedIn Ads,es-sponsored-wholesale-q4,5.88,141,2,0,0.0
2025-10-19,Nordfit Equipment,LinkedIn Ads,es-sponsored-wholesale-q4,24.5,524,1,0,0.0
2025-10-20,Nordfit Equipment,LinkedIn Ads,es-sponsored-wholesale-q4,29.41,657,7,0,0.0
2025-10-21,Nordfit Equipment,LinkedIn Ads,es-sponsored-wholesale-q4,32.27,764,4,0,0.0
2025-10-22,Nordfit Equipment,LinkedIn Ads,es-sponsored-wholesale-q4,20.08,710,2,0,0.0
2025-10-23,Nordfit Equipment,LinkedIn Ads,es-sponsored-wholesale-q4,24.61,520,2,1,29.33
2025-10-24,Nordfit Equipment,LinkedIn Ads,es-sponsored-wholesale-q4,5.45,111,1,0,0.0
2025-10-25,Nordfit Equipment,LinkedIn Ads,es-sponsored-wholesale-q4,6.28,136,3,0,0.0
2025-10-26,Nordfit Equipment,LinkedIn Ads,es-sponsored-wholesale-q4,28.9,946,12,0,0.0
2025-10-27,Nordfit Equipment,LinkedIn Ads,es-sponsored-wholesale-q4,26.02,697,2,0,0.0
2025-10-28,Nordfit Equipment,LinkedIn Ads,es-sponsored-wholesale-q4,28.38,622,0,0,0.0
2025-10-29,Nordfit Equipment,LinkedIn Ads,es-sponsored-wholesale-q4,28.82,852,9,0,0.0
2025-10-30,Nordfit Equipment,LinkedIn Ads,es-sponsored-wholesale-q4,26.58,646,3,0,0.0
2025-10-31,Nordfit Equipment,LinkedIn Ads,es-sponsored-wholesale-q4,5.92,209,0,0,0.0
2025-11-01,Nordfit Equipment,LinkedIn Ads,es-sponsored-wholesale-q4,6.24,194,0,0,0.0
2025-11-02,Nordfit Equipment,LinkedIn Ads,es-sponsored-wholesale-q4,30.91,673,8,0,0.0
2025-11-03,Nordfit Equipment,LinkedIn Ads,es-sponsored-wholesale-q4,26.67,627,2,0,0.0
2025-11-04,Nordfit Equipment,LinkedIn Ads,es-sponsored-wholesale-q4,21.5,725,2,0,0.0
2025-11-05,Nordfit Equipment,LinkedIn Ads,es-sponsored-wholesale-q4,20.05,496,2,0,0.0
2025-11-06,Nordfit Equipment,LinkedIn Ads,es-sponsored-wholesale-q4,29.34,890,4,0,0.0
2025-11-07,Nordfit Equipment,LinkedIn Ads,es-sponsored-wholesale-q4,5.85,159,0,0,0.0
2025-11-08,Nordfit Equipment,LinkedIn Ads,es-sponsored-wholesale-q4,6.9,169,0,0,0.0
2025-11-09,Nordfit Equipment,LinkedIn Ads,es-sponsored-wholesale-q4,24.83,608,4,0,0.0
2025-11-10,Nordfit Equipment,LinkedIn Ads,es-sponsored-wholesale-q4,22.6,609,2,0,0.0
2025-11-11,Nordfit Equipment,LinkedIn Ads,es-sponsored-wholesale-q4,25.12,608,2,0,0.0
2025-11-12,Nordfit Equipment,LinkedIn Ads,es-sponsored-wholesale-q4,29.08,667,1,0,0.0
2025-11-13,Nordfit Equipment,LinkedIn Ads,es-sponsored-wholesale-q4,19.34,474,2,0,0.0
2025-11-14,Nordfit Equipment,LinkedIn Ads,es-sponsored-wholesale-q4,4.71,121,1,0,0.0
2025-11-15,Nordfit Equipment,LinkedIn Ads,es-sponsored-wholesale-q4,5.44,147,0,0,0.0
2025-11-16,Nordfit Equipment,LinkedIn Ads,es-sponsored-wholesale-q4,20.29,417,3,0,0.0
2025-11-17,Nordfit Equipment,LinkedIn Ads,es-sponsored-wholesale-q4,33.27,983,9,0,0.0
2025-11-18,Nordfit Equipment,LinkedIn Ads,es-sponsored-wholesale-q4,27.96,658,3,0,0.0
2025-11-19,Nordfit Equipment,LinkedIn Ads,es-sponsored-wholesale-q4,72.57,2421,28,1,20.17
2025-11-20,Nordfit Equipment,LinkedIn Ads,es-sponsored-wholesale-q4,81.05,2093,14,1,31.11
2025-11-21,Nordfit Equipment,LinkedIn Ads,es-sponsored-wholesale-q4,16.96,370,2,0,0.0
2025-11-22,Nordfit Equipment,LinkedIn Ads,es-sponsored-wholesale-q4,16.37,379,0,0,0.0
2025-11-23,Nordfit Equipment,LinkedIn Ads,es-sponsored-wholesale-q4,102.13,2947,29,2,81.06
2025-11-24,Nordfit Equipment,LinkedIn Ads,es-sponsored-wholesale-q4,81.96,1938,16,0,0.0
2025-11-25,Nordfit Equipment,LinkedIn Ads,es-sponsored-wholesale-q4,92.08,1956,9,0,0.0
2025-11-26,Nordfit Equipment,LinkedIn Ads,es-sponsored-wholesale-q4,82.39,1787,5,0,0.0
2025-11-27,Nordfit Equipment,LinkedIn Ads,es-sponsored-wholesale-q4,93.15,3178,28,0,0.0
2025-11-28,Nordfit Equipment,LinkedIn Ads,es-sponsored-wholesale-q4,14.9,402,1,0,0.0
2025-11-29,Nordfit Equipment,LinkedIn Ads,es-sponsored-wholesale-q4,24.32,584,4,0,0.0
2025-11-30,Nordfit Equipment,LinkedIn Ads,es-sponsored-wholesale-q4,81.21,2110,17,0,0.0
2025-12-01,Nordfit Equipment,LinkedIn Ads,es-sponsored-wholesale-q4,79.75,2855,30,3,
2025-12-02,Nordfit Equipment,LinkedIn Ads,es-sponsored-wholesale-q4,37.61,1022,3,0,0.0
2025-12-03,Nordfit Equipment,LinkedIn Ads,es-sponsored-wholesale-q4,35.1,1190,12,0,0.0
2025-12-04,Nordfit Equipment,LinkedIn Ads,es-sponsored-wholesale-q4,32.68,1046,10,0,0.0
2025-12-05,Nordfit Equipment,LinkedIn Ads,es-sponsored-wholesale-q4,7.09,218,3,0,0.0
2025-12-06,Nordfit Equipment,LinkedIn Ads,es-sponsored-wholesale-q4,7.81,254,3,0,0.0
2025-12-07,Nordfit Equipment,LinkedIn Ads,es-sponsored-wholesale-q4,31.61,835,9,0,0.0
2025-12-08,Nordfit Equipment,LinkedIn Ads,es-sponsored-wholesale-q4,30.72,952,5,0,0.0
2025-12-09,Nordfit Equipment,LinkedIn Ads,es-sponsored-wholesale-q4,28.87,807,1,0,0.0
2025-12-10,Nordfit Equipment,LinkedIn Ads,es-sponsored-wholesale-q4,37.05,1068,8,0,0.0
2025-12-11,Nordfit Equipment,LinkedIn Ads,es-sponsored-wholesale-q4,39.0,1253,3,0,0.0
2025-12-12,Nordfit Equipment,LinkedIn Ads,es-sponsored-wholesale-q4,8.58,272,2,0,0.0
2025-12-13,Nordfit Equipment,LinkedIn Ads,es-sponsored-wholesale-q4,7.13,187,0,0,0.0
2025-12-14,Nordfit Equipment,LinkedIn Ads,es-sponsored-wholesale-q4,28.0,988,12,0,0.0
2025-12-15,Nordfit Equipment,LinkedIn Ads,es-sponsored-wholesale-q4,29.18,971,8,0,0.0
2025-12-16,Nordfit Equipment,LinkedIn Ads,es-sponsored-wholesale-q4,22.62,525,6,0,0.0
2025-12-17,Nordfit Equipment,LinkedIn Ads,es-sponsored-wholesale-q4,28.99,970,8,0,0.0
2025-12-18,Nordfit Equipment,LinkedIn Ads,es-sponsored-wholesale-q4,34.42,972,1,0,0.0
2025-12-19,Nordfit Equipment,LinkedIn Ads,es-sponsored-wholesale-q4,7.77,193,1,0,0.0
2025-12-20,Nordfit Equipment,LinkedIn Ads,es-sponsored-wholesale-q4,9.21,196,0,0,0.0
2025-12-21,Nordfit Equipment,LinkedIn Ads,es-sponsored-wholesale-q4,26.92,601,2,0,0.0
2025-12-22,Nordfit Equipment,LinkedIn Ads,es-sponsored-wholesale-q4,30.78,718,3,0,0.0
2025-12-23,Nordfit Equipment,LinkedIn Ads,es-sponsored-wholesale-q4,32.86,1039,14,0,0.0
2025-12-24,Nordfit Equipment,LinkedIn Ads,es-sponsored-wholesale-q4,30.89,1010,6,0,0.0
2025-12-25,Nordfit Equipment,LinkedIn Ads,es-sponsored-wholesale-q4,36.23,1045,5,0,0.0
2025-12-26,Nordfit Equipment,LinkedIn Ads,es-sponsored-wholesale-q4,7.44,246,1,0,0.0
2025-12-27,Nordfit Equipment,LinkedIn Ads,es-sponsored-wholesale-q4,7.73,167,0,0,0.0
2025-12-28,Nordfit Equipment,LinkedIn Ads,es-sponsored-wholesale-q4,40.69,1228,6,0,0.0
2025-12-29,Nordfit Equipment,LinkedIn Ads,es-sponsored-wholesale-q4,39.18,923,7,0,0.0
2025-12-30,Nordfit Equipment,LinkedIn Ads,es-sponsored-wholesale-q4,42.16,1062,10,0,0.0
2025-12-31,Nordfit Equipment,LinkedIn Ads,es-sponsored-wholesale-q1,46.59,1111,6,0,0.0
2026-01-01,Nordfit Equipment,LinkedIn Ads,es-sponsored-wholesale-q1,50.39,1250,9,0,0.0
2026-01-02,Nordfit Equipment,LinkedIn Ads,es-sponsored-wholesale-q1,15.39,436,2,0,0.0
2026-01-03,Nordfit Equipment,LinkedIn Ads,es-sponsored-wholesale-q1,14.63,470,1,0,0.0
2026-01-04,Nordfit Equipment,LinkedIn Ads,es-sponsored-wholesale-q1,50.0,1563,3,0,0.0
2026-01-05,Nordfit Equipment,LinkedIn Ads,es-sponsored-wholesale-q1,51.84,1438,13,0,0.0
2026-01-06,Nordfit Equipment,LinkedIn Ads,es-sponsored-wholesale-q1,49.56,1505,12,0,0.0
2026-01-07,Nordfit Equipment,LinkedIn Ads,es-sponsored-wholesale-q1,59.9,1578,19,1,31.8
2026-01-08,Nordfit Equipment,LinkedIn Ads,es-sponsored-wholesale-q1,75.56,2589,14,1,27.74
2026-01-09,Nordfit Equipment,LinkedIn Ads,es-sponsored-wholesale-q1,17.37,607,4,1,35.45
2026-01-10,Nordfit Equipment,LinkedIn Ads,es-sponsored-wholesale-q1,15.38,555,2,0,0.0
2026-01-11,Nordfit Equipment,LinkedIn Ads,es-sponsored-wholesale-q1,56.45,1649,16,0,0.0
2026-01-12,Nordfit Equipment,LinkedIn Ads,es-sponsored-wholesale-q1,68.6,1413,10,0,0.0
2026-01-13,Nordfit Equipment,LinkedIn Ads,es-sponsored-wholesale-q1,53.81,1870,10,0,0.0
2026-01-14,Nordfit Equipment,LinkedIn Ads,es-sponsored-wholesale-q1,67.27,1687,6,0,0.0
2026-01-15,Nordfit Equipment,LinkedIn Ads,es-sponsored-wholesale-q1,26.81,534,4,0,0.0
2026-01-16,Nordfit Equipment,LinkedIn Ads,es-sponsored-wholesale-q1,5.96,178,0,0,0.0
2026-01-17,Nordfit Equipment,LinkedIn Ads,es-sponsored-wholesale-q1,7.61,232,6,0,0.0
2026-01-18,Nordfit Equipment,LinkedIn Ads,es-sponsored-wholesale-q1,28.05,633,2,1,29.88
2026-01-19,Nordfit Equipment,LinkedIn Ads,es-sponsored-wholesale-q1,23.15,546,2,0,0.0
2026-01-20,Nordfit Equipment,LinkedIn Ads,es-sponsored-wholesale-q1,22.02,771,4,0,0.0
2026-01-21,Nordfit Equipment,LinkedIn Ads,es-sponsored-wholesale-q1,26.89,941,9,0,0.0
2026-01-22,Nordfit Equipment,LinkedIn Ads,es-sponsored-wholesale-q1,34.33,899,5,0,0.0
2026-01-23,Nordfit Equipment,LinkedIn Ads,es-sponsored-wholesale-q1,6.6,132,1,0,0.0
2026-01-24,Nordfit Equipment,LinkedIn Ads,es-sponsored-wholesale-q1,5.71,154,2,0,0.0
2026-01-25,Nordfit Equipment,LinkedIn Ads,es-sponsored-wholesale-q1,26.15,924,4,0,0.0
2026-01-26,Nordfit Equipment,LinkedIn Ads,es-sponsored-wholesale-q1,25.84,525,2,0,0.0
2026-01-27,Nordfit Equipment,LinkedIn Ads,es-sponsored-wholesale-q1,23.57,786,12,0,0.0
2026-01-28,Nordfit Equipment,LinkedIn Ads,es-sponsored-wholesale-q1,26.23,672,10,0,0.0
2026-01-29,Nordfit Equipment,LinkedIn Ads,es-sponsored-wholesale-q1,31.35,1057,9,0,0.0
2026-01-30,Nordfit Equipment,LinkedIn Ads,es-sponsored-wholesale-q1,6.29,218,1,0,0.0
2026-01-31,Nordfit Equipment,LinkedIn Ads,es-sponsored-wholesale-q1,6.09,135,1,0,0.0
2026-02-01,Nordfit Equipment,LinkedIn Ads,es-sponsored-wholesale-q1,30.0,650,3,0,0.0
2026-02-02,Nordfit Equipment,LinkedIn Ads,es-sponsored-wholesale-q1,25.14,661,2,0,0.0
2026-02-03,Nordfit Equipment,LinkedIn Ads,es-sponsored-wholesale-q1,24.41,818,8,2,84.23
2026-02-04,Nordfit Equipment,LinkedIn Ads,es-sponsored-wholesale-q1,27.27,738,5,1,33.16
2026-02-05,Nordfit Equipment,LinkedIn Ads,es-sponsored-wholesale-q1,22.39,561,5,0,0.0
2026-02-06,Nordfit Equipment,LinkedIn Ads,es-sponsored-wholesale-q1,6.58,185,2,0,0.0
2026-02-07,Nordfit Equipment,LinkedIn Ads,es-sponsored-wholesale-q1,7.79,195,1,0,0.0
2026-02-08,Nordfit Equipment,LinkedIn Ads,es-sponsored-wholesale-q1,29.49,806,13,0,0.0
2026-02-09,Nordfit Equipment,LinkedIn Ads,es-sponsored-wholesale-q1,34.32,1015,8,0,0.0
2026-02-10,Nordfit Equipment,LinkedIn Ads,es-sponsored-wholesale-q1,15.1,377,6,0,0.0
2026-02-11,Nordfit Equipment,LinkedIn Ads,es-sponsored-wholesale-q1,29.71,769,2,0,0.0
2026-02-12,Nordfit Equipment,LinkedIn Ads,es-sponsored-wholesale-q1,27.8,713,4,1,24.47
2026-02-13,Nordfit Equipment,LinkedIn Ads,es-sponsored-wholesale-q1,6.13,153,0,0,0.0
2026-02-14,Nordfit Equipment,LinkedIn Ads,es-sponsored-wholesale-q1,6.65,141,2,0,0.0
2026-02-15,Nordfit Equipment,LinkedIn Ads,es-sponsored-wholesale-q1,25.92,539,3,0,0.0
2026-02-16,Nordfit Equipment,LinkedIn Ads,es-sponsored-wholesale-q1,30.97,646,4,0,0.0
2026-02-17,Nordfit Equipment,LinkedIn Ads,es-sponsored-wholesale-q1,32.74,780,5,0,0.0
2026-02-18,Nordfit Equipment,LinkedIn Ads,es-sponsored-wholesale-q1,26.91,897,5,0,0.0
2026-02-19,Nordfit Equipment,LinkedIn Ads,es-sponsored-wholesale-q1,21.4,621,6,0,0.0
2026-02-20,Nordfit Equipment,LinkedIn Ads,es-sponsored-wholesale-q1,7.15,224,2,0,0.0
2026-02-21,Nordfit Equipment,LinkedIn Ads,es-sponsored-wholesale-q1,6.51,148,1,0,0.0
2026-02-22,Nordfit Equipment,LinkedIn Ads,es-sponsored-wholesale-q1,25.5,813,6,0,0.0
2026-02-23,Nordfit Equipment,LinkedIn Ads,es-sponsored-wholesale-q1,33.51,773,5,0,0.0
2026-02-24,Nordfit Equipment,LinkedIn Ads,es-sponsored-wholesale-q1,25.11,686,6,0,0.0
2026-02-25,Nordfit Equipment,LinkedIn Ads,es-sponsored-wholesale-q1,22.16,545,6,0,0.0
2026-02-26,Nordfit Equipment,LinkedIn Ads,es-sponsored-wholesale-q1,24.84,663,3,0,0.0
2026-02-27,Nordfit Equipment,LinkedIn Ads,es-sponsored-wholesale-q1,6.85,207,0,0,0.0
2026-02-28,Nordfit Equipment,LinkedIn Ads,es-sponsored-wholesale-q1,6.85,217,0,0,0.0
2026-03-01,Nordfit Equipment,LinkedIn Ads,es-sponsored-wholesale-q1,22.09,603,4,0,0.0
2026-03-02,Nordfit Equipment,LinkedIn Ads,es-sponsored-wholesale-q1,22.46,711,0,0,0.0
2026-03-03,Nordfit Equipment,LinkedIn Ads,es-sponsored-wholesale-q1,24.19,538,3,0,0.0
2026-03-04,Nordfit Equipment,LinkedIn Ads,es-sponsored-wholesale-q1,24.85,565,5,0,0.0
2026-03-05,Nordfit Equipment,LinkedIn Ads,es-sponsored-wholesale-q1,25.83,549,2,0,0.0
2026-03-06,Nordfit Equipment,LinkedIn Ads,es-sponsored-wholesale-q1,5.05,166,2,0,0.0
2026-03-07,Nordfit Equipment,LinkedIn Ads,es-sponsored-wholesale-q1,5.76,193,2,0,0.0
2026-03-08,Nordfit Equipment,LinkedIn Ads,es-sponsored-wholesale-q1,25.75,602,3,0,0.0
2026-03-09,Nordfit Equipment,LinkedIn Ads,es-sponsored-wholesale-q1,27.31,578,3,0,0.0
2026-03-10,Nordfit Equipment,LinkedIn Ads,es-sponsored-wholesale-q1,26.21,956,6,1,32.93
2026-03-11,Nordfit Equipment,LinkedIn Ads,es-sponsored-wholesale-q1,24.15,493,4,0,0.0
2026-03-12,Nordfit Equipment,LinkedIn Ads,es-sponsored-wholesale-q1,21.69,665,3,0,0.0
2026-03-13,Nordfit Equipment,LinkedIn Ads,es-sponsored-wholesale-q1,5.87,137,1,0,0.0
2026-03-14,Nordfit Equipment,LinkedIn Ads,es-sponsored-wholesale-q1,7.71,206,1,0,0.0
2026-03-15,Nordfit Equipment,LinkedIn Ads,es-sponsored-wholesale-q1,33.03,947,5,0,0.0
2026-03-16,Nordfit Equipment,LinkedIn Ads,es-sponsored-wholesale-q1,24.53,576,9,0,0.0
2026-03-17,Nordfit Equipment,LinkedIn Ads,es-sponsored-wholesale-q1,20.83,503,4,0,0.0
2026-03-18,Nordfit Equipment,LinkedIn Ads,es-sponsored-wholesale-q1,29.38,741,3,0,0.0
2026-03-19,Nordfit Equipment,LinkedIn Ads,es-sponsored-wholesale-q1,19.94,496,2,0,0.0
2026-03-20,Nordfit Equipment,LinkedIn Ads,es-sponsored-wholesale-q1,5.65,132,0,0,0.0
2026-03-21,Nordfit Equipment,LinkedIn Ads,es-sponsored-wholesale-q1,6.18,128,0,0,0.0
2026-03-22,Nordfit Equipment,LinkedIn Ads,es-sponsored-wholesale-q1,19.0,469,5,0,0.0
2026-03-23,Nordfit Equipment,LinkedIn Ads,es-sponsored-wholesale-q1,27.63,580,4,0,0.0
2026-03-24,Nordfit Equipment,LinkedIn Ads,es-sponsored-wholesale-q1,20.26,627,9,1,30.12
2026-03-25,Nordfit Equipment,LinkedIn Ads,es-sponsored-wholesale-q1,26.69,650,2,0,0.0
2026-03-26,Nordfit Equipment,LinkedIn Ads,es-sponsored-wholesale-q1,32.1,940,5,0,0.0
2026-03-27,Nordfit Equipment,LinkedIn Ads,es-sponsored-wholesale-q1,7.2,226,0,0,0.0
2026-03-28,Nordfit Equipment,LinkedIn Ads,es-sponsored-wholesale-q1,5.6,162,0,0,0.0
2026-03-29,Nordfit Equipment,LinkedIn Ads,es-sponsored-wholesale-q1,28.21,757,4,0,0.0
2026-03-30,Nordfit Equipment,LinkedIn Ads,es-sponsored-wholesale-q1,26.58,572,3,0,0.0
2026-03-31,Nordfit Equipment,LinkedIn Ads,es-sponsored-wholesale-q2,26.76,780,3,0,0.0
2026-04-01,Nordfit Equipment,LinkedIn Ads,es-sponsored-wholesale-q2,27.52,972,5,0,0.0
2026-04-02,Nordfit Equipment,LinkedIn Ads,es-sponsored-wholesale-q2,21.79,608,2,0,0.0
2026-04-03,Nordfit Equipment,LinkedIn Ads,es-sponsored-wholesale-q2,5.11,101,0,0,0.0
2026-04-04,Nordfit Equipment,LinkedIn Ads,es-sponsored-wholesale-q2,5.25,110,0,0,0.0
2026-04-05,Nordfit Equipment,LinkedIn Ads,es-sponsored-wholesale-q2,20.62,525,5,0,0.0
2026-04-06,Nordfit Equipment,LinkedIn Ads,es-sponsored-wholesale-q2,26.22,523,1,0,0.0
2026-04-07,Nordfit Equipment,LinkedIn Ads,es-sponsored-wholesale-q2,27.73,751,7,0,0.0
2026-04-08,Nordfit Equipment,LinkedIn Ads,es-sponsored-wholesale-q2,22.62,487,2,0,0.0
2026-04-09,Nordfit Equipment,LinkedIn Ads,es-sponsored-wholesale-q2,23.97,643,4,0,0.0
2026-04-10,Nordfit Equipment,LinkedIn Ads,es-sponsored-wholesale-q2,5.88,187,2,0,0.0
2026-04-11,Nordfit Equipment,LinkedIn Ads,es-sponsored-wholesale-q2,6.46,174,2,0,0.0
2026-04-12,Nordfit Equipment,LinkedIn Ads,es-sponsored-wholesale-q2,24.47,817,4,1,36.37
2026-04-13,Nordfit Equipment,LinkedIn Ads,es-sponsored-wholesale-q2,23.76,495,4,0,0.0
2026-04-14,Nordfit Equipment,LinkedIn Ads,es-sponsored-wholesale-q2,22.53,718,4,0,0.0
2026-04-15,Nordfit Equipment,LinkedIn Ads,es-sponsored-wholesale-q2,29.98,1012,3,0,0.0
2026-04-16,Nordfit Equipment,LinkedIn Ads,es-sponsored-wholesale-q2,26.69,897,11,0,0.0
2026-04-17,Nordfit Equipment,LinkedIn Ads,es-sponsored-wholesale-q2,6.0,182,1,0,0.0
2026-04-18,Nordfit Equipment,LinkedIn Ads,es-sponsored-wholesale-q2,5.81,129,0,0,0.0
2026-04-19,Nordfit Equipment,LinkedIn Ads,es-sponsored-wholesale-q2,27.65,1009,3,0,0.0
2026-04-20,Nordfit Equipment,LinkedIn Ads,es-sponsored-wholesale-q2,19.66,631,3,0,0.0
2026-04-21,Nordfit Equipment,LinkedIn Ads,es-sponsored-wholesale-q2,24.13,671,4,1,26.83
2026-04-22,Nordfit Equipment,LinkedIn Ads,es-sponsored-wholesale-q2,22.24,564,2,0,0.0
2026-04-23,Nordfit Equipment,LinkedIn Ads,es-sponsored-wholesale-q2,26.74,681,5,0,0.0
2026-04-24,Nordfit Equipment,LinkedIn Ads,es-sponsored-wholesale-q2,7.78,192,2,0,0.0
2026-04-25,Nordfit Equipment,LinkedIn Ads,es-sponsored-wholesale-q2,5.47,111,0,0,0.0
2026-04-26,Nordfit Equipment,LinkedIn Ads,es-sponsored-wholesale-q2,27.26,618,4,0,0.0
2026-04-27,Nordfit Equipment,LinkedIn Ads,es-sponsored-wholesale-q2,22.16,484,3,0,0.0
2026-04-28,Nordfit Equipment,LinkedIn Ads,es-sponsored-wholesale-q2,26.0,861,10,0,0.0
2026-04-29,Nordfit Equipment,LinkedIn Ads,es-sponsored-wholesale-q2,23.22,705,4,0,0.0
2026-04-30,Nordfit Equipment,LinkedIn Ads,es-sponsored-wholesale-q2,32.72,914,5,0,0.0
2026-05-01,Nordfit Equipment,LinkedIn Ads,es-sponsored-wholesale-q2,6.92,185,0,0,0.0
2026-05-02,Nordfit Equipment,LinkedIn Ads,es-sponsored-wholesale-q2,4.4,131,0,0,0.0
2026-05-03,Nordfit Equipment,LinkedIn Ads,es-sponsored-wholesale-q2,20.48,507,4,0,0.0
2026-05-04,Nordfit Equipment,LinkedIn Ads,es-sponsored-wholesale-q2,25.64,585,6,0,0.0
2026-05-05,Nordfit Equipment,LinkedIn Ads,es-sponsored-wholesale-q2,28.17,980,2,1,29.13
2026-05-06,Nordfit Equipment,LinkedIn Ads,es-sponsored-wholesale-q2,26.75,587,9,0,0.0
2026-05-07,Nordfit Equipment,LinkedIn Ads,es-sponsored-wholesale-q2,24.57,651,3,0,0.0
2026-05-08,Nordfit Equipment,LinkedIn Ads,es-sponsored-wholesale-q2,5.76,116,1,0,0.0
2026-05-08,Nordfit Equipment,LinkedIn Ads,es-sponsored-wholesale-q2,5.76,116,1,0,0.0
2026-05-09,Nordfit Equipment,LinkedIn Ads,es-sponsored-wholesale-q2,5.81,132,0,0,0.0
2026-05-09,Nordfit Equipment,LinkedIn Ads,es-sponsored-wholesale-q2,5.81,132,0,0,0.0
2026-05-10,Nordfit Equipment,LinkedIn Ads,es-sponsored-wholesale-q2,26.39,827,3,0,0.0
2026-05-10,Nordfit Equipment,LinkedIn Ads,es-sponsored-wholesale-q2,26.39,827,3,0,0.0
2026-05-11,Nordfit Equipment,LinkedIn Ads,es-sponsored-wholesale-q2,27.34,684,2,0,0.0
2026-05-11,Nordfit Equipment,LinkedIn Ads,es-sponsored-wholesale-q2,27.34,684,2,0,0.0
2026-05-12,Nordfit Equipment,LinkedIn Ads,es-sponsored-wholesale-q2,30.39,734,3,0,0.0
2026-05-12,Nordfit Equipment,LinkedIn Ads,es-sponsored-wholesale-q2,30.39,734,3,0,0.0
2026-05-13,Nordfit Equipment,LinkedIn Ads,es-sponsored-wholesale-q2,24.55,639,4,0,0.0
2026-05-13,Nordfit Equipment,LinkedIn Ads,es-sponsored-wholesale-q2,24.55,639,4,0,0.0
2026-05-14,Nordfit Equipment,LinkedIn Ads,es-sponsored-wholesale-q2,21.28,690,3,0,0.0
2026-05-14,Nordfit Equipment,LinkedIn Ads,es-sponsored-wholesale-q2,21.28,690,3,0,0.0
2026-05-15,Nordfit Equipment,LinkedIn Ads,es-sponsored-wholesale-q2,8.73,187,2,0,0.0
2026-05-15,Nordfit Equipment,LinkedIn Ads,es-sponsored-wholesale-q2,8.73,187,2,0,0.0
2026-05-16,Nordfit Equipment,LinkedIn Ads,es-sponsored-wholesale-q2,5.56,148,0,0,0.0
2026-05-16,Nordfit Equipment,LinkedIn Ads,es-sponsored-wholesale-q2,5.56,148,0,0,0.0
2026-05-17,Nordfit Equipment,LinkedIn Ads,es-sponsored-wholesale-q2,18.27,465,3,0,0.0
2026-05-17,Nordfit Equipment,LinkedIn Ads,es-sponsored-wholesale-q2,18.27,465,3,0,0.0
2026-05-18,Nordfit Equipment,LinkedIn Ads,es-sponsored-wholesale-q2,24.47,816,4,0,0.0
2026-05-19,Nordfit Equipment,LinkedIn Ads,es-sponsored-wholesale-q2,18.77,517,6,0,0.0
2026-05-20,Nordfit Equipment,LinkedIn Ads,es-sponsored-wholesale-q2,20.52,623,2,0,0.0
2026-05-21,Nordfit Equipment,LinkedIn Ads,es-sponsored-wholesale-q2,22.09,497,0,0,0.0
2026-05-22,Nordfit Equipment,LinkedIn Ads,es-sponsored-wholesale-q2,6.3,181,1,0,0.0
2026-05-23,Nordfit Equipment,LinkedIn Ads,es-sponsored-wholesale-q2,8.06,198,1,0,0.0
2026-05-24,Nordfit Equipment,LinkedIn Ads,es-sponsored-wholesale-q2,26.76,898,8,1,23.52
2026-05-25,Nordfit Equipment,LinkedIn Ads,es-sponsored-wholesale-q2,27.23,798,2,1,42.1
2026-05-26,Nordfit Equipment,LinkedIn Ads,es-sponsored-wholesale-q2,28.38,1013,5,0,0.0
2026-05-27,Nordfit Equipment,LinkedIn Ads,es-sponsored-wholesale-q2,24.72,692,10,0,0.0
2026-05-28,Nordfit Equipment,LinkedIn Ads,es-sponsored-wholesale-q2,24.73,783,5,0,0.0
2026-05-29,Nordfit Equipment,LinkedIn Ads,es-sponsored-wholesale-q2,7.72,187,0,0,0.0
2026-05-30,Nordfit Equipment,LinkedIn Ads,es-sponsored-wholesale-q2,5.55,140,2,0,0.0
2026-05-31,Nordfit Equipment,LinkedIn Ads,es-sponsored-wholesale-q2,25.45,613,6,0,0.0
2026-06-01,Nordfit Equipment,LinkedIn Ads,es-sponsored-wholesale-q2,29.54,613,4,0,0.0
2026-06-02,Nordfit Equipment,LinkedIn Ads,es-sponsored-wholesale-q2,22.61,519,1,0,0.0
2026-06-03,Nordfit Equipment,LinkedIn Ads,es-sponsored-wholesale-q2,25.16,794,5,0,0.0
2026-06-04,Nordfit Equipment,LinkedIn Ads,es-sponsored-wholesale-q2,28.45,880,10,1,34.0
2026-06-05,Nordfit Equipment,LinkedIn Ads,es-sponsored-wholesale-q2,7.08,230,0,0,0.0
2026-06-06,Nordfit Equipment,LinkedIn Ads,es-sponsored-wholesale-q2,5.31,174,0,0,0.0
2026-06-07,Nordfit Equipment,LinkedIn Ads,es-sponsored-wholesale-q2,22.58,502,1,0,0.0
2026-06-08,Nordfit Equipment,LinkedIn Ads,es-sponsored-wholesale-q2,25.77,690,10,0,0.0
2026-06-09,Nordfit Equipment,LinkedIn Ads,es-sponsored-wholesale-q2,23.13,615,4,0,0.0
2026-06-10,Nordfit Equipment,LinkedIn Ads,es-sponsored-wholesale-q2,25.97,658,2,0,0.0
2026-06-11,Nordfit Equipment,LinkedIn Ads,es-sponsored-wholesale-q2,26.5,759,8,0,0.0
2026-06-12,Nordfit Equipment,LinkedIn Ads,es-sponsored-wholesale-q2,5.97,223,1,0,0.0
2026-06-13,Nordfit Equipment,LinkedIn Ads,es-sponsored-wholesale-q2,6.84,142,0,0,0.0
2026-06-14,Nordfit Equipment,LinkedIn Ads,es-sponsored-wholesale-q2,25.97,810,3,0,0.0
2026-06-15,Nordfit Equipment,LinkedIn Ads,es-sponsored-wholesale-q2,28.03,609,3,0,0.0
2026-06-16,Nordfit Equipment,LinkedIn Ads,es-sponsored-wholesale-q2,30.93,705,4,0,0.0
2026-06-17,Nordfit Equipment,LinkedIn Ads,es-sponsored-wholesale-q2,23.22,749,5,0,0.0
2026-06-18,Nordfit Equipment,LinkedIn Ads,es-sponsored-wholesale-q2,20.93,610,3,0,0.0
2026-06-19,Nordfit Equipment,LinkedIn Ads,es-sponsored-wholesale-q2,7.15,120,1,0,0.0
2026-06-20,Nordfit Equipment,LinkedIn Ads,es-sponsored-wholesale-q2,6.01,183,2,0,0.0
2026-06-21,Nordfit Equipment,LinkedIn Ads,es-sponsored-wholesale-q2,28.1,925,6,1,36.23
2026-06-22,Nordfit Equipment,LinkedIn Ads,es-sponsored-wholesale-q2,32.16,720,5,0,0.0
2026-06-23,Nordfit Equipment,LinkedIn Ads,es-sponsored-wholesale-q2,33.17,705,7,0,0.0
2026-06-24,Nordfit Equipment,LinkedIn Ads,es-sponsored-wholesale-q2,33.88,914,5,0,0.0
2026-06-25,Nordfit Equipment,LinkedIn Ads,es-sponsored-wholesale-q2,25.33,701,6,0,0.0
2026-06-26,Nordfit Equipment,LinkedIn Ads,es-sponsored-wholesale-q2,6.62,174,0,0,0.0
2026-06-27,Nordfit Equipment,LinkedIn Ads,es-sponsored-wholesale-q2,5.73,167,1,0,0.0
2026-06-28,Nordfit Equipment,LinkedIn Ads,es-sponsored-wholesale-q2,25.21,845,13,0,0.0
2026-06-29,Nordfit Equipment,LinkedIn Ads,es-sponsored-wholesale-q2,23.18,779,4,0,0.0
2026-06-30,Nordfit Equipment,LinkedIn Ads,es-sponsored-wholesale-q3,31.0,619,7,0,0.0
2026-07-01,Nordfit Equipment,LinkedIn Ads,es-sponsored-wholesale-q3,24.61,659,3,0,0.0
2026-07-02,Nordfit Equipment,LinkedIn Ads,es-sponsored-wholesale-q3,23.37,710,6,1,32.11
2026-07-03,Nordfit Equipment,LinkedIn Ads,es-sponsored-wholesale-q3,5.9,132,1,0,0.0
2026-07-04,Nordfit Equipment,LinkedIn Ads,es-sponsored-wholesale-q3,5.14,113,1,0,0.0
2026-07-05,Nordfit Equipment,LinkedIn Ads,es-sponsored-wholesale-q3,27.97,945,12,0,0.0
2026-07-06,Nordfit Equipment,LinkedIn Ads,es-sponsored-wholesale-q3,23.3,500,7,0,0.0
2026-07-07,Nordfit Equipment,LinkedIn Ads,es-sponsored-wholesale-q3,28.48,735,9,0,0.0
2026-07-08,Nordfit Equipment,LinkedIn Ads,es-sponsored-wholesale-q3,31.71,971,3,0,0.0
2026-07-09,Nordfit Equipment,LinkedIn Ads,es-sponsored-wholesale-q3,25.52,597,3,0,0.0
2026-07-10,Nordfit Equipment,LinkedIn Ads,es-sponsored-wholesale-q3,6.24,217,1,0,0.0
2026-07-11,Nordfit Equipment,LinkedIn Ads,es-sponsored-wholesale-q3,6.62,180,1,0,0.0
2026-07-12,Nordfit Equipment,LinkedIn Ads,es-sponsored-wholesale-q3,33.64,1053,10,1,39.42
2026-07-13,Nordfit Equipment,LinkedIn Ads,es-sponsored-wholesale-q3,21.64,776,9,0,0.0
2026-07-14,Nordfit Equipment,LinkedIn Ads,es-sponsored-wholesale-q3,19.11,432,0,0,0.0
2026-07-15,Nordfit Equipment,LinkedIn Ads,es-sponsored-wholesale-q3,26.21,865,6,0,0.0
2026-07-16,Nordfit Equipment,LinkedIn Ads,es-sponsored-wholesale-q3,26.78,899,3,0,0.0
2026-07-17,Nordfit Equipment,LinkedIn Ads,es-sponsored-wholesale-q3,5.72,199,1,0,0.0
2026-07-18,Nordfit Equipment,LinkedIn Ads,es-sponsored-wholesale-q3,5.34,142,0,0,0.0
2026-07-19,Nordfit Equipment,LinkedIn Ads,es-sponsored-wholesale-q3,26.62,591,3,0,0.0
2026-07-20,Nordfit Equipment,LinkedIn Ads,es-sponsored-wholesale-q3,24.09,634,7,1,23.99
2026-07-21,Nordfit Equipment,LinkedIn Ads,es-sponsored-wholesale-q3,25.28,776,10,0,0.0
2026-07-22,Nordfit Equipment,LinkedIn Ads,es-sponsored-wholesale-q3,28.27,939,10,0,0.0
2026-07-23,Nordfit Equipment,LinkedIn Ads,es-sponsored-wholesale-q3,27.7,727,2,0,0.0
2026-07-24,Nordfit Equipment,LinkedIn Ads,es-sponsored-wholesale-q3,7.14,162,2,0,0.0
2026-07-25,Nordfit Equipment,LinkedIn Ads,es-sponsored-wholesale-q3,6.83,139,0,0,0.0
2026-07-26,Nordfit Equipment,LinkedIn Ads,es-sponsored-wholesale-q3,23.37,611,7,0,0.0
2026-07-27,Nordfit Equipment,LinkedIn Ads,es-sponsored-wholesale-q3,25.91,648,5,0,0.0
2026-07-28,Nordfit Equipment,LinkedIn Ads,es-sponsored-wholesale-q3,30.6,750,4,0,0.0
2026-07-29,Nordfit Equipment,LinkedIn Ads,es-sponsored-wholesale-q3,21.77,646,6,0,0.0
2026-07-30,Nordfit Equipment,LinkedIn Ads,es-sponsored-wholesale-q3,25.75,773,8,0,0.0
2025-01-31,Solmar Hotels,LinkedIn Ads,ES_Sponsored_Corporate_2025Q1,6.13,176,0,0,0.0
2025-02-01,Solmar Hotels,LinkedIn Ads,ES_Sponsored_Corporate_2025Q1,5.47,126,0,0,0.0
2025-02-02,Solmar Hotels,LinkedIn Ads,ES_Sponsored_Corporate_2025Q1,18.75,407,1,0,0.0
2025-02-03,Solmar Hotels,LinkedIn Ads,ES_Sponsored_Corporate_2025Q1,25.15,902,11,0,0.0
2025-02-04,Solmar Hotels,LinkedIn Ads,ES_Sponsored_Corporate_2025Q1,24.96,631,5,0,0.0
2025-02-05,Solmar Hotels,LinkedIn Ads,ES_Sponsored_Corporate_2025Q1,26.62,609,5,0,0.0
2025-02-06,Solmar Hotels,LinkedIn Ads,ES_Sponsored_Corporate_2025Q1,29.31,702,5,0,0.0
2025-02-07,Solmar Hotels,LinkedIn Ads,ES_Sponsored_Corporate_2025Q1,4.69,90,0,0,0.0
2025-02-08,Solmar Hotels,LinkedIn Ads,ES_Sponsored_Corporate_2025Q1,6.27,163,0,0,0.0
2025-02-09,Solmar Hotels,LinkedIn Ads,ES_Sponsored_Corporate_2025Q1,32.11,1080,8,0,0.0
2025-02-10,Solmar Hotels,LinkedIn Ads,ES_Sponsored_Corporate_2025Q1,23.52,517,7,0,0.0
2025-02-11,Solmar Hotels,LinkedIn Ads,ES_Sponsored_Corporate_2025Q1,16.83,532,3,0,0.0
2025-02-12,Solmar Hotels,LinkedIn Ads,ES_Sponsored_Corporate_2025Q1,20.14,645,6,0,0.0
2025-02-13,Solmar Hotels,LinkedIn Ads,ES_Sponsored_Corporate_2025Q1,21.41,491,2,0,0.0
2025-02-14,Solmar Hotels,LinkedIn Ads,ES_Sponsored_Corporate_2025Q1,5.37,147,0,0,0.0
2025-02-15,Solmar Hotels,LinkedIn Ads,ES_Sponsored_Corporate_2025Q1,5.3,185,0,0,0.0
2025-02-16,Solmar Hotels,LinkedIn Ads,ES_Sponsored_Corporate_2025Q1,25.72,906,4,1,48.68
2025-02-17,Solmar Hotels,LinkedIn Ads,ES_Sponsored_Corporate_2025Q1,23.12,532,2,0,0.0
2025-02-18,Solmar Hotels,LinkedIn Ads,ES_Sponsored_Corporate_2025Q1,24.04,571,2,0,0.0
2025-02-19,Solmar Hotels,LinkedIn Ads,ES_Sponsored_Corporate_2025Q1,22.67,792,6,0,0.0
2025-02-20,Solmar Hotels,LinkedIn Ads,ES_Sponsored_Corporate_2025Q1,20.73,506,2,0,0.0
2025-02-21,Solmar Hotels,LinkedIn Ads,ES_Sponsored_Corporate_2025Q1,5.52,117,0,0,0.0
2025-02-22,Solmar Hotels,LinkedIn Ads,ES_Sponsored_Corporate_2025Q1,5.16,143,0,0,0.0
2025-02-23,Solmar Hotels,LinkedIn Ads,ES_Sponsored_Corporate_2025Q1,21.62,539,4,0,0.0
2025-02-24,Solmar Hotels,LinkedIn Ads,ES_Sponsored_Corporate_2025Q1,23.28,794,1,0,0.0
2025-02-25,Solmar Hotels,LinkedIn Ads,ES_Sponsored_Corporate_2025Q1,27.48,769,11,1,35.09
2025-02-26,Solmar Hotels,LinkedIn Ads,ES_Sponsored_Corporate_2025Q1,20.43,587,6,0,0.0
2025-02-27,Solmar Hotels,LinkedIn Ads,ES_Sponsored_Corporate_2025Q1,23.95,559,4,0,0.0
2025-02-28,Solmar Hotels,LinkedIn Ads,ES_Sponsored_Corporate_2025Q1,6.5,147,0,0,0.0
2025-03-01,Solmar Hotels,LinkedIn Ads,ES_Sponsored_Corporate_2025Q1,4.19,108,0,0,0.0
2025-03-02,Solmar Hotels,LinkedIn Ads,ES_Sponsored_Corporate_2025Q1,20.46,610,7,0,0.0
2025-03-03,Solmar Hotels,LinkedIn Ads,ES_Sponsored_Corporate_2025Q1,19.18,394,9,0,0.0
2025-03-04,Solmar Hotels,LinkedIn Ads,ES_Sponsored_Corporate_2025Q1,18.93,593,3,0,0.0
2025-03-05,Solmar Hotels,LinkedIn Ads,ES_Sponsored_Corporate_2025Q1,17.45,397,3,0,0.0
2025-03-06,Solmar Hotels,LinkedIn Ads,ES_Sponsored_Corporate_2025Q1,24.52,666,3,0,0.0
2025-03-07,Solmar Hotels,LinkedIn Ads,ES_Sponsored_Corporate_2025Q1,4.76,148,1,0,0.0
2025-03-08,Solmar Hotels,LinkedIn Ads,ES_Sponsored_Corporate_2025Q1,6.79,228,1,0,0.0
2025-03-09,Solmar Hotels,LinkedIn Ads,ES_Sponsored_Corporate_2025Q1,21.83,710,6,0,0.0
2025-03-10,Solmar Hotels,LinkedIn Ads,ES_Sponsored_Corporate_2025Q1,19.62,472,3,0,0.0
2025-03-11,Solmar Hotels,LinkedIn Ads,ES_Sponsored_Corporate_2025Q1,26.91,619,3,0,0.0
2025-03-12,Solmar Hotels,LinkedIn Ads,ES_Sponsored_Corporate_2025Q1,19.3,424,3,0,0.0
2025-03-13,Solmar Hotels,LinkedIn Ads,ES_Sponsored_Corporate_2025Q1,21.07,446,4,0,0.0
2025-03-14,Solmar Hotels,LinkedIn Ads,ES_Sponsored_Corporate_2025Q1,4.91,102,0,0,0.0
2025-03-15,Solmar Hotels,LinkedIn Ads,ES_Sponsored_Corporate_2025Q1,5.51,158,1,1,38.15
2025-03-16,Solmar Hotels,LinkedIn Ads,ES_Sponsored_Corporate_2025Q1,29.58,869,4,0,0.0
2025-03-17,Solmar Hotels,LinkedIn Ads,ES_Sponsored_Corporate_2025Q1,23.9,680,4,0,0.0
2025-03-18,Solmar Hotels,LinkedIn Ads,ES_Sponsored_Corporate_2025Q1,22.47,612,2,0,0.0
2025-03-19,Solmar Hotels,LinkedIn Ads,ES_Sponsored_Corporate_2025Q1,26.4,586,2,0,0.0
2025-03-20,Solmar Hotels,LinkedIn Ads,ES_Sponsored_Corporate_2025Q1,18.54,481,0,0,0.0
2025-03-21,Solmar Hotels,LinkedIn Ads,ES_Sponsored_Corporate_2025Q1,6.55,133,1,0,0.0
2025-03-22,Solmar Hotels,LinkedIn Ads,ES_Sponsored_Corporate_2025Q1,6.72,214,0,0,0.0
2025-03-23,Solmar Hotels,LinkedIn Ads,ES_Sponsored_Corporate_2025Q1,22.19,731,5,0,0.0
2025-03-24,Solmar Hotels,LinkedIn Ads,ES_Sponsored_Corporate_2025Q1,21.52,561,3,0,0.0
2025-03-25,Solmar Hotels,LinkedIn Ads,ES_Sponsored_Corporate_2025Q1,22.23,683,9,1,42.01
2025-03-26,Solmar Hotels,LinkedIn Ads,ES_Sponsored_Corporate_2025Q1,22.7,493,4,0,0.0
2025-03-27,Solmar Hotels,LinkedIn Ads,ES_Sponsored_Corporate_2025Q1,28.3,793,8,0,0.0
2025-03-28,Solmar Hotels,LinkedIn Ads,ES_Sponsored_Corporate_2025Q1,6.27,139,0,0,0.0
2025-03-29,Solmar Hotels,LinkedIn Ads,ES_Sponsored_Corporate_2025Q1,6.78,199,0,0,0.0
2025-03-30,Solmar Hotels,LinkedIn Ads,ES_Sponsored_Corporate_2025Q1,30.27,985,11,0,0.0
2025-03-31,Solmar Hotels,LinkedIn Ads,ES_Sponsored_Corporate_2025Q2,20.92,500,2,0,0.0
2025-04-01,Solmar Hotels,LinkedIn Ads,ES_Sponsored_Corporate_2025Q2,21.42,539,6,1,36.31
2025-04-02,Solmar Hotels,LinkedIn Ads,ES_Sponsored_Corporate_2025Q2,22.83,555,2,0,0.0
2025-04-03,Solmar Hotels,LinkedIn Ads,ES_Sponsored_Corporate_2025Q2,27.16,697,3,0,0.0
2025-04-04,Solmar Hotels,LinkedIn Ads,ES_Sponsored_Corporate_2025Q2,5.66,130,1,1,43.51
2025-04-05,Solmar Hotels,LinkedIn Ads,ES_Sponsored_Corporate_2025Q2,6.5,140,2,0,0.0
2025-04-06,Solmar Hotels,LinkedIn Ads,ES_Sponsored_Corporate_2025Q2,20.22,648,4,0,0.0
2025-04-07,Solmar Hotels,LinkedIn Ads,ES_Sponsored_Corporate_2025Q2,23.35,553,2,0,0.0
2025-04-08,Solmar Hotels,LinkedIn Ads,ES_Sponsored_Corporate_2025Q2,23.98,490,3,0,0.0
2025-04-09,Solmar Hotels,LinkedIn Ads,ES_Sponsored_Corporate_2025Q2,21.67,618,0,0,0.0
2025-04-10,Solmar Hotels,LinkedIn Ads,ES_Sponsored_Corporate_2025Q2,23.39,838,7,0,0.0
2025-04-11,Solmar Hotels,LinkedIn Ads,ES_Sponsored_Corporate_2025Q2,5.21,172,2,0,0.0
2025-04-12,Solmar Hotels,LinkedIn Ads,ES_Sponsored_Corporate_2025Q2,5.17,121,0,0,0.0
2025-04-13,Solmar Hotels,LinkedIn Ads,ES_Sponsored_Corporate_2025Q2,23.47,781,5,0,0.0
2025-04-14,Solmar Hotels,LinkedIn Ads,ES_Sponsored_Corporate_2025Q2,25.22,592,3,0,0.0
2025-04-15,Solmar Hotels,LinkedIn Ads,ES_Sponsored_Corporate_2025Q2,17.67,627,10,0,0.0
2025-04-16,Solmar Hotels,LinkedIn Ads,ES_Sponsored_Corporate_2025Q2,24.85,697,2,0,0.0
2025-04-17,Solmar Hotels,LinkedIn Ads,ES_Sponsored_Corporate_2025Q2,23.68,538,6,0,0.0
2025-04-18,Solmar Hotels,LinkedIn Ads,ES_Sponsored_Corporate_2025Q2,6.69,204,1,0,0.0
2025-04-19,Solmar Hotels,LinkedIn Ads,ES_Sponsored_Corporate_2025Q2,8.24,247,1,0,0.0
2025-04-20,Solmar Hotels,LinkedIn Ads,ES_Sponsored_Corporate_2025Q2,25.66,819,3,0,0.0
2025-04-21,Solmar Hotels,LinkedIn Ads,ES_Sponsored_Corporate_2025Q2,22.99,575,5,1,50.63
2025-04-22,Solmar Hotels,LinkedIn Ads,ES_Sponsored_Corporate_2025Q2,21.71,517,1,0,0.0
2025-04-23,Solmar Hotels,LinkedIn Ads,ES_Sponsored_Corporate_2025Q2,21.92,713,10,1,57.58
2025-04-24,Solmar Hotels,LinkedIn Ads,ES_Sponsored_Corporate_2025Q2,25.87,618,5,0,0.0
2025-04-25,Solmar Hotels,LinkedIn Ads,ES_Sponsored_Corporate_2025Q2,6.52,141,0,0,0.0
2025-04-26,Solmar Hotels,LinkedIn Ads,ES_Sponsored_Corporate_2025Q2,7.01,162,0,0,0.0
2025-04-27,Solmar Hotels,LinkedIn Ads,ES_Sponsored_Corporate_2025Q2,25.64,569,2,0,0.0
2025-04-28,Solmar Hotels,LinkedIn Ads,ES_Sponsored_Corporate_2025Q2,26.9,652,5,0,0.0
2025-04-29,Solmar Hotels,LinkedIn Ads,ES_Sponsored_Corporate_2025Q2,24.85,586,3,0,0.0
2025-04-30,Solmar Hotels,LinkedIn Ads,ES_Sponsored_Corporate_2025Q2,28.85,807,3,0,0.0
2025-05-01,Solmar Hotels,LinkedIn Ads,ES_Sponsored_Corporate_2025Q2,24.28,492,4,0,0.0
2025-05-02,Solmar Hotels,LinkedIn Ads,ES_Sponsored_Corporate_2025Q2,5.62,191,0,0,0.0
2025-05-03,Solmar Hotels,LinkedIn Ads,ES_Sponsored_Corporate_2025Q2,7.55,164,2,0,0.0
2025-05-04,Solmar Hotels,LinkedIn Ads,ES_Sponsored_Corporate_2025Q2,25.71,568,6,0,0.0
2025-05-05,Solmar Hotels,LinkedIn Ads,ES_Sponsored_Corporate_2025Q2,32.5,954,9,0,0.0
2025-05-06,Solmar Hotels,LinkedIn Ads,ES_Sponsored_Corporate_2025Q2,28.03,823,1,0,0.0
2025-05-07,Solmar Hotels,LinkedIn Ads,ES_Sponsored_Corporate_2025Q2,24.26,678,3,0,0.0
2025-05-08,Solmar Hotels,LinkedIn Ads,ES_Sponsored_Corporate_2025Q2,25.17,596,3,0,0.0
2025-05-09,Solmar Hotels,LinkedIn Ads,ES_Sponsored_Corporate_2025Q2,6.36,150,0,0,0.0
2025-05-10,Solmar Hotels,LinkedIn Ads,ES_Sponsored_Corporate_2025Q2,5.99,207,0,0,0.0
2025-05-11,Solmar Hotels,LinkedIn Ads,ES_Sponsored_Corporate_2025Q2,33.7,900,8,1,53.43
2025-05-12,Solmar Hotels,LinkedIn Ads,ES_Sponsored_Corporate_2025Q2,26.43,742,6,0,0.0
2025-05-13,Solmar Hotels,LinkedIn Ads,ES_Sponsored_Corporate_2025Q2,45.27,1521,12,0,0.0
2025-05-14,Solmar Hotels,LinkedIn Ads,ES_Sponsored_Corporate_2025Q2,22.4,717,6,1,45.44
2025-05-15,Solmar Hotels,LinkedIn Ads,ES_Sponsored_Corporate_2025Q2,29.79,683,4,1,44.56
2025-05-16,Solmar Hotels,LinkedIn Ads,ES_Sponsored_Corporate_2025Q2,8.54,262,1,0,0.0
2025-05-17,Solmar Hotels,LinkedIn Ads,ES_Sponsored_Corporate_2025Q2,9.09,185,1,0,0.0
2025-05-18,Solmar Hotels,LinkedIn Ads,ES_Sponsored_Corporate_2025Q2,36.76,1036,7,0,0.0
2025-05-19,Solmar Hotels,LinkedIn Ads,ES_Sponsored_Corporate_2025Q2,28.09,653,4,0,0.0
2025-05-20,Solmar Hotels,LinkedIn Ads,ES_Sponsored_Corporate_2025Q2,32.02,873,11,0,0.0
2025-05-21,Solmar Hotels,LinkedIn Ads,ES_Sponsored_Corporate_2025Q2,22.67,511,3,0,0.0
2025-05-22,Solmar Hotels,LinkedIn Ads,ES_Sponsored_Corporate_2025Q2,38.27,1288,10,0,0.0
2025-05-23,Solmar Hotels,LinkedIn Ads,ES_Sponsored_Corporate_2025Q2,8.17,216,0,0,0.0
2025-05-24,Solmar Hotels,LinkedIn Ads,ES_Sponsored_Corporate_2025Q2,8.2,210,4,0,0.0
2025-05-25,Solmar Hotels,LinkedIn Ads,ES_Sponsored_Corporate_2025Q2,35.82,1047,9,0,0.0
2025-05-26,Solmar Hotels,LinkedIn Ads,ES_Sponsored_Corporate_2025Q2,38.75,892,6,0,0.0
2025-05-27,Solmar Hotels,LinkedIn Ads,ES_Sponsored_Corporate_2025Q2,44.16,1316,7,0,0.0
2025-05-28,Solmar Hotels,LinkedIn Ads,ES_Sponsored_Corporate_2025Q2,41.12,1231,8,0,0.0
2025-05-29,Solmar Hotels,LinkedIn Ads,ES_Sponsored_Corporate_2025Q2,37.69,1106,6,0,0.0
2025-05-30,Solmar Hotels,LinkedIn Ads,ES_Sponsored_Corporate_2025Q2,8.62,303,2,0,0.0
2025-05-31,Solmar Hotels,LinkedIn Ads,ES_Sponsored_Corporate_2025Q2,10.27,269,1,0,0.0
2025-06-01,Solmar Hotels,LinkedIn Ads,ES_Sponsored_Corporate_2025Q2,50.87,1086,12,1,34.77
2025-06-02,Solmar Hotels,LinkedIn Ads,ES_Sponsored_Corporate_2025Q2,38.47,881,4,0,0.0
2025-06-03,Solmar Hotels,LinkedIn Ads,ES_Sponsored_Corporate_2025Q2,40.07,986,4,0,0.0
2025-06-04,Solmar Hotels,LinkedIn Ads,ES_Sponsored_Corporate_2025Q2,43.16,1077,6,0,0.0
2025-06-05,Solmar Hotels,LinkedIn Ads,ES_Sponsored_Corporate_2025Q2,41.01,1348,14,0,0.0
2025-06-06,Solmar Hotels,LinkedIn Ads,ES_Sponsored_Corporate_2025Q2,11.51,275,0,0,0.0
2025-06-07,Solmar Hotels,LinkedIn Ads,ES_Sponsored_Corporate_2025Q2,8.08,262,1,0,0.0
2025-06-08,Solmar Hotels,LinkedIn Ads,ES_Sponsored_Corporate_2025Q2,50.74,1764,12,1,50.33
2025-06-09,Solmar Hotels,LinkedIn Ads,ES_Sponsored_Corporate_2025Q2,39.83,957,5,0,0.0
2025-06-10,Solmar Hotels,LinkedIn Ads,ES_Sponsored_Corporate_2025Q2,54.35,1621,14,0,0.0
2025-06-11,Solmar Hotels,LinkedIn Ads,ES_Sponsored_Corporate_2025Q2,52.11,1167,10,0,0.0
2025-06-12,Solmar Hotels,LinkedIn Ads,ES_Sponsored_Corporate_2025Q2,52.78,1326,7,0,0.0
2025-06-13,Solmar Hotels,LinkedIn Ads,ES_Sponsored_Corporate_2025Q2,12.55,382,1,0,0.0
2025-06-14,Solmar Hotels,LinkedIn Ads,ES_Sponsored_Corporate_2025Q2,11.22,358,2,0,0.0
2025-06-15,Solmar Hotels,LinkedIn Ads,ES_Sponsored_Corporate_2025Q2,66.2,2269,27,0,0.0
2025-06-16,Solmar Hotels,LinkedIn Ads,ES_Sponsored_Corporate_2025Q2,50.67,1044,9,0,0.0
2025-06-17,Solmar Hotels,LinkedIn Ads,ES_Sponsored_Corporate_2025Q2,56.75,1410,9,0,0.0
2025-06-18,Solmar Hotels,LinkedIn Ads,ES_Sponsored_Corporate_2025Q2,63.61,1827,15,0,0.0
2025-06-19,Solmar Hotels,LinkedIn Ads,ES_Sponsored_Corporate_2025Q2,51.07,1485,13,0,0.0
2025-06-20,Solmar Hotels,LinkedIn Ads,ES_Sponsored_Corporate_2025Q2,10.68,310,0,0,0.0
2025-06-21,Solmar Hotels,LinkedIn Ads,ES_Sponsored_Corporate_2025Q2,20.95,608,5,0,0.0
2025-06-22,Solmar Hotels,LinkedIn Ads,ES_Sponsored_Corporate_2025Q2,58.46,1577,10,0,0.0
2025-06-23,Solmar Hotels,LinkedIn Ads,ES_Sponsored_Corporate_2025Q2,74.95,1819,7,0,0.0
2025-06-24,Solmar Hotels,LinkedIn Ads,ES_Sponsored_Corporate_2025Q2,70.17,1817,20,0,0.0
2025-06-25,Solmar Hotels,LinkedIn Ads,ES_Sponsored_Corporate_2025Q2,80.38,2200,12,0,0.0
2025-06-26,Solmar Hotels,LinkedIn Ads,ES_Sponsored_Corporate_2025Q2,81.7,2557,17,0,0.0
2025-06-27,Solmar Hotels,LinkedIn Ads,ES_Sponsored_Corporate_2025Q2,22.5,700,5,0,0.0
2025-06-28,Solmar Hotels,LinkedIn Ads,ES_Sponsored_Corporate_2025Q2,14.88,353,1,0,0.0
2025-06-29,Solmar Hotels,LinkedIn Ads,ES_Sponsored_Corporate_2025Q2,68.69,1562,10,0,0.0
2025-06-30,Solmar Hotels,LinkedIn Ads,ES_Sponsored_Corporate_2025Q3,88.51,2042,8,1,
2025-07-01,Solmar Hotels,LinkedIn Ads,ES_Sponsored_Corporate_2025Q3,57.98,1764,10,0,0.0
2025-07-02,Solmar Hotels,LinkedIn Ads,ES_Sponsored_Corporate_2025Q3,75.29,2247,10,0,0.0
2025-07-03,Solmar Hotels,LinkedIn Ads,ES_Sponsored_Corporate_2025Q3,66.96,1562,3,0,0.0
2025-07-04,Solmar Hotels,LinkedIn Ads,ES_Sponsored_Corporate_2025Q3,16.76,373,1,1,40.29
2025-07-05,Solmar Hotels,LinkedIn Ads,ES_Sponsored_Corporate_2025Q3,20.25,463,5,0,0.0
2025-07-06,Solmar Hotels,LinkedIn Ads,ES_Sponsored_Corporate_2025Q3,67.89,1744,5,0,0.0
2025-07-07,Solmar Hotels,LinkedIn Ads,ES_Sponsored_Corporate_2025Q3,62.47,2062,11,0,0.0
2025-07-08,Solmar Hotels,LinkedIn Ads,ES_Sponsored_Corporate_2025Q3,79.85,2231,18,0,0.0
2025-07-09,Solmar Hotels,LinkedIn Ads,ES_Sponsored_Corporate_2025Q3,90.26,2171,9,0,0.0
2025-07-10,Solmar Hotels,LinkedIn Ads,ES_Sponsored_Corporate_2025Q3,76.71,2165,14,1,35.02
2025-07-11,Solmar Hotels,LinkedIn Ads,ES_Sponsored_Corporate_2025Q3,19.53,482,5,0,0.0
2025-07-12,Solmar Hotels,LinkedIn Ads,ES_Sponsored_Corporate_2025Q3,21.68,460,4,1,38.69
2025-07-13,Solmar Hotels,LinkedIn Ads,ES_Sponsored_Corporate_2025Q3,86.98,2309,8,0,0.0
2025-07-14,Solmar Hotels,LinkedIn Ads,ES_Sponsored_Corporate_2025Q3,65.94,2115,7,0,0.0
2025-07-15,Solmar Hotels,LinkedIn Ads,ES_Sponsored_Corporate_2025Q3,72.85,1968,20,1,39.21
2025-07-16,Solmar Hotels,LinkedIn Ads,ES_Sponsored_Corporate_2025Q3,83.42,1886,9,0,0.0
2025-07-17,Solmar Hotels,LinkedIn Ads,ES_Sponsored_Corporate_2025Q3,108.79,3341,12,0,0.0
2025-07-18,Solmar Hotels,LinkedIn Ads,ES_Sponsored_Corporate_2025Q3,24.16,814,9,0,0.0
2025-07-19,Solmar Hotels,LinkedIn Ads,ES_Sponsored_Corporate_2025Q3,20.49,755,4,0,0.0
2025-07-20,Solmar Hotels,LinkedIn Ads,ES_Sponsored_Corporate_2025Q3,70.41,2429,9,1,36.21
2025-07-21,Solmar Hotels,LinkedIn Ads,ES_Sponsored_Corporate_2025Q3,77.47,2224,9,0,0.0
2025-07-22,Solmar Hotels,LinkedIn Ads,ES_Sponsored_Corporate_2025Q3,96.54,2542,16,1,48.96
2025-07-23,Solmar Hotels,LinkedIn Ads,ES_Sponsored_Corporate_2025Q3,103.36,3153,20,1,51.35
2025-07-24,Solmar Hotels,LinkedIn Ads,ES_Sponsored_Corporate_2025Q3,76.57,1660,10,0,0.0
2025-07-25,Solmar Hotels,LinkedIn Ads,ES_Sponsored_Corporate_2025Q3,20.77,451,3,0,0.0
2025-07-26,Solmar Hotels,LinkedIn Ads,ES_Sponsored_Corporate_2025Q3,18.83,544,1,0,0.0
2025-07-27,Solmar Hotels,LinkedIn Ads,ES_Sponsored_Corporate_2025Q3,76.0,1586,13,0,0.0
2025-07-28,Solmar Hotels,LinkedIn Ads,ES_Sponsored_Corporate_2025Q3,88.53,1954,13,1,37.59
2025-07-29,Solmar Hotels,LinkedIn Ads,ES_Sponsored_Corporate_2025Q3,66.05,1852,10,0,0.0
2025-07-30,Solmar Hotels,LinkedIn Ads,ES_Sponsored_Corporate_2025Q3,79.18,1618,7,0,0.0
2025-07-31,Solmar Hotels,LinkedIn Ads,ES_Sponsored_Corporate_2025Q3,78.84,2442,13,1,34.13
2025-08-01,Solmar Hotels,LinkedIn Ads,ES_Sponsored_Corporate_2025Q3,19.7,518,2,0,0.0
2025-08-02,Solmar Hotels,LinkedIn Ads,ES_Sponsored_Corporate_2025Q3,23.33,491,1,0,0.0
2025-08-03,Solmar Hotels,LinkedIn Ads,ES_Sponsored_Corporate_2025Q3,83.33,2607,8,0,0.0
2025-08-04,Solmar Hotels,LinkedIn Ads,ES_Sponsored_Corporate_2025Q3,86.51,2695,16,0,0.0
2025-08-05,Solmar Hotels,LinkedIn Ads,ES_Sponsored_Corporate_2025Q3,87.13,1902,11,0,0.0
2025-08-06,Solmar Hotels,LinkedIn Ads,ES_Sponsored_Corporate_2025Q3,91.05,3041,13,2,80.38
2025-08-07,Solmar Hotels,LinkedIn Ads,ES_Sponsored_Corporate_2025Q3,64.44,2134,6,0,0.0
2025-08-08,Solmar Hotels,LinkedIn Ads,ES_Sponsored_Corporate_2025Q3,15.77,475,0,0,0.0
2025-08-09,Solmar Hotels,LinkedIn Ads,ES_Sponsored_Corporate_2025Q3,15.03,380,3,0,0.0
2025-08-10,Solmar Hotels,LinkedIn Ads,ES_Sponsored_Corporate_2025Q3,61.53,1271,7,0,0.0
2025-08-11,Solmar Hotels,LinkedIn Ads,ES_Sponsored_Corporate_2025Q3,71.19,1594,5,0,0.0
2025-08-12,Solmar Hotels,LinkedIn Ads,ES_Sponsored_Corporate_2025Q3,67.41,2233,18,1,52.36
2025-08-13,Solmar Hotels,LinkedIn Ads,ES_Sponsored_Corporate_2025Q3,62.43,1327,8,0,0.0
2025-08-14,Solmar Hotels,LinkedIn Ads,ES_Sponsored_Corporate_2025Q3,67.02,2213,20,1,50.11
2025-08-15,Solmar Hotels,LinkedIn Ads,ES_Sponsored_Corporate_2025Q3,18.27,631,1,0,0.0
2025-08-16,Solmar Hotels,LinkedIn Ads,ES_Sponsored_Corporate_2025Q3,22.3,492,1,0,0.0
2025-08-17,Solmar Hotels,LinkedIn Ads,ES_Sponsored_Corporate_2025Q3,74.22,1986,10,0,0.0
2025-08-18,Solmar Hotels,LinkedIn Ads,ES_Sponsored_Corporate_2025Q3,54.35,1369,9,0,0.0
2025-08-19,Solmar Hotels,LinkedIn Ads,ES_Sponsored_Corporate_2025Q3,58.67,1680,10,1,62.0
2025-08-20,Solmar Hotels,LinkedIn Ads,ES_Sponsored_Corporate_2025Q3,68.67,1543,13,1,50.1
2025-08-21,Solmar Hotels,LinkedIn Ads,ES_Sponsored_Corporate_2025Q3,46.59,1209,14,0,0.0
2025-08-22,Solmar Hotels,LinkedIn Ads,ES_Sponsored_Corporate_2025Q3,12.74,391,0,0,0.0
2025-08-23,Solmar Hotels,LinkedIn Ads,ES_Sponsored_Corporate_2025Q3,14.55,352,2,0,0.0
2025-08-24,Solmar Hotels,LinkedIn Ads,ES_Sponsored_Corporate_2025Q3,69.74,1958,12,0,0.0
2025-08-25,Solmar Hotels,LinkedIn Ads,ES_Sponsored_Corporate_2025Q3,45.25,1244,15,1,39.11
2025-08-26,Solmar Hotels,LinkedIn Ads,ES_Sponsored_Corporate_2025Q3,45.12,1377,6,0,0.0
2025-08-27,Solmar Hotels,LinkedIn Ads,ES_Sponsored_Corporate_2025Q3,57.74,1528,7,0,0.0
2025-08-28,Solmar Hotels,LinkedIn Ads,ES_Sponsored_Corporate_2025Q3,52.49,1117,8,0,0.0
2025-08-29,Solmar Hotels,LinkedIn Ads,ES_Sponsored_Corporate_2025Q3,11.31,275,1,0,0.0
2025-08-30,Solmar Hotels,LinkedIn Ads,ES_Sponsored_Corporate_2025Q3,8.51,235,3,0,0.0
2025-08-31,Solmar Hotels,LinkedIn Ads,ES_Sponsored_Corporate_2025Q3,36.5,850,4,0,0.0
2025-09-01,Solmar Hotels,LinkedIn Ads,ES_Sponsored_Corporate_2025Q3,43.44,1253,2,0,0.0
2025-09-02,Solmar Hotels,LinkedIn Ads,ES_Sponsored_Corporate_2025Q3,40.24,1183,3,0,0.0
2025-09-03,Solmar Hotels,LinkedIn Ads,ES_Sponsored_Corporate_2025Q3,40.68,1271,12,0,0.0
2025-09-04,Solmar Hotels,LinkedIn Ads,ES_Sponsored_Corporate_2025Q3,40.72,1046,0,0,0.0
2025-09-05,Solmar Hotels,LinkedIn Ads,ES_Sponsored_Corporate_2025Q3,11.16,263,3,0,0.0
2025-09-06,Solmar Hotels,LinkedIn Ads,ES_Sponsored_Corporate_2025Q3,10.35,217,1,0,0.0
2025-09-07,Solmar Hotels,LinkedIn Ads,ES_Sponsored_Corporate_2025Q3,37.56,1099,2,0,0.0
2025-09-08,Solmar Hotels,LinkedIn Ads,ES_Sponsored_Corporate_2025Q3,35.12,1239,7,2,85.98
2025-09-09,Solmar Hotels,LinkedIn Ads,ES_Sponsored_Corporate_2025Q3,37.1,1297,12,1,40.8
2025-09-10,Solmar Hotels,LinkedIn Ads,ES_Sponsored_Corporate_2025Q3,36.38,1044,4,0,0.0
2025-09-11,Solmar Hotels,LinkedIn Ads,ES_Sponsored_Corporate_2025Q3,29.25,687,9,0,0.0
2025-09-12,Solmar Hotels,LinkedIn Ads,ES_Sponsored_Corporate_2025Q3,9.78,335,1,0,0.0
2025-09-13,Solmar Hotels,LinkedIn Ads,ES_Sponsored_Corporate_2025Q3,7.41,199,1,0,0.0
2025-09-14,Solmar Hotels,LinkedIn Ads,ES_Sponsored_Corporate_2025Q3,32.8,883,7,0,0.0
2025-09-15,Solmar Hotels,LinkedIn Ads,ES_Sponsored_Corporate_2025Q3,38.19,1327,11,0,0.0
2025-09-16,Solmar Hotels,LinkedIn Ads,ES_Sponsored_Corporate_2025Q3,39.79,995,5,0,0.0
2025-09-17,Solmar Hotels,LinkedIn Ads,ES_Sponsored_Corporate_2025Q3,25.09,694,4,0,0.0
2025-09-18,Solmar Hotels,LinkedIn Ads,ES_Sponsored_Corporate_2025Q3,28.44,832,6,0,0.0
2025-09-19,Solmar Hotels,LinkedIn Ads,ES_Sponsored_Corporate_2025Q3,6.85,176,0,0,0.0
2025-09-20,Solmar Hotels,LinkedIn Ads,ES_Sponsored_Corporate_2025Q3,9.88,327,4,0,0.0
2025-09-21,Solmar Hotels,LinkedIn Ads,ES_Sponsored_Corporate_2025Q3,25.15,674,4,0,0.0
2025-09-22,Solmar Hotels,LinkedIn Ads,ES_Sponsored_Corporate_2025Q3,24.29,835,8,2,
2025-09-23,Solmar Hotels,LinkedIn Ads,ES_Sponsored_Corporate_2025Q3,20.81,485,9,0,0.0
2025-09-24,Solmar Hotels,LinkedIn Ads,ES_Sponsored_Corporate_2025Q3,37.77,919,3,0,0.0
2025-09-25,Solmar Hotels,LinkedIn Ads,ES_Sponsored_Corporate_2025Q3,29.62,825,9,0,0.0
2025-09-26,Solmar Hotels,LinkedIn Ads,ES_Sponsored_Corporate_2025Q3,6.14,144,1,0,0.0
2025-09-27,Solmar Hotels,LinkedIn Ads,ES_Sponsored_Corporate_2025Q3,5.73,191,1,0,0.0
2025-09-28,Solmar Hotels,LinkedIn Ads,ES_Sponsored_Corporate_2025Q3,27.77,623,7,0,0.0
2025-09-29,Solmar Hotels,LinkedIn Ads,ES_Sponsored_Corporate_2025Q3,22.31,675,8,1,37.54
2025-09-30,Solmar Hotels,LinkedIn Ads,ES_Sponsored_Corporate_2025Q4,22.25,510,8,0,0.0
2025-10-01,Solmar Hotels,LinkedIn Ads,ES_Sponsored_Corporate_2025Q4,31.34,915,3,0,0.0
2025-10-02,Solmar Hotels,LinkedIn Ads,ES_Sponsored_Corporate_2025Q4,29.64,656,3,0,0.0
2025-10-03,Solmar Hotels,LinkedIn Ads,ES_Sponsored_Corporate_2025Q4,6.61,215,2,0,0.0
2025-10-04,Solmar Hotels,LinkedIn Ads,ES_Sponsored_Corporate_2025Q4,6.38,148,0,0,0.0
2025-10-05,Solmar Hotels,LinkedIn Ads,ES_Sponsored_Corporate_2025Q4,27.83,602,1,0,0.0
2025-10-06,Solmar Hotels,LinkedIn Ads,ES_Sponsored_Corporate_2025Q4,29.57,1064,9,0,0.0
2025-10-07,Solmar Hotels,LinkedIn Ads,ES_Sponsored_Corporate_2025Q4,29.16,913,8,0,0.0
2025-10-08,Solmar Hotels,LinkedIn Ads,ES_Sponsored_Corporate_2025Q4,30.05,911,2,0,0.0
2025-10-09,Solmar Hotels,LinkedIn Ads,ES_Sponsored_Corporate_2025Q4,29.28,990,10,0,0.0
2025-10-10,Solmar Hotels,LinkedIn Ads,ES_Sponsored_Corporate_2025Q4,6.03,205,2,0,0.0
2025-10-11,Solmar Hotels,LinkedIn Ads,ES_Sponsored_Corporate_2025Q4,7.15,209,1,0,0.0
2025-10-12,Solmar Hotels,LinkedIn Ads,ES_Sponsored_Corporate_2025Q4,25.6,558,5,0,0.0
2025-10-13,Solmar Hotels,LinkedIn Ads,ES_Sponsored_Corporate_2025Q4,19.16,476,6,0,0.0
2025-10-14,Solmar Hotels,LinkedIn Ads,ES_Sponsored_Corporate_2025Q4,23.31,794,3,0,0.0
2025-10-15,Solmar Hotels,LinkedIn Ads,ES_Sponsored_Corporate_2025Q4,21.62,499,9,0,0.0
2025-10-16,Solmar Hotels,LinkedIn Ads,ES_Sponsored_Corporate_2025Q4,38.11,842,5,1,
2025-10-17,Solmar Hotels,LinkedIn Ads,ES_Sponsored_Corporate_2025Q4,6.38,169,0,0,0.0
2025-10-18,Solmar Hotels,LinkedIn Ads,ES_Sponsored_Corporate_2025Q4,5.42,152,1,0,0.0
2025-10-19,Solmar Hotels,LinkedIn Ads,ES_Sponsored_Corporate_2025Q4,23.47,746,4,1,63.11
2025-10-20,Solmar Hotels,LinkedIn Ads,ES_Sponsored_Corporate_2025Q4,21.32,646,4,0,0.0
2025-10-21,Solmar Hotels,LinkedIn Ads,ES_Sponsored_Corporate_2025Q4,23.4,573,3,0,0.0
2025-10-22,Solmar Hotels,LinkedIn Ads,ES_Sponsored_Corporate_2025Q4,29.58,654,3,0,0.0
2025-10-23,Solmar Hotels,LinkedIn Ads,ES_Sponsored_Corporate_2025Q4,23.15,773,5,0,0.0
2025-10-24,Solmar Hotels,LinkedIn Ads,ES_Sponsored_Corporate_2025Q4,4.68,98,2,0,0.0
2025-10-25,Solmar Hotels,LinkedIn Ads,ES_Sponsored_Corporate_2025Q4,5.6,124,1,0,0.0
2025-10-26,Solmar Hotels,LinkedIn Ads,ES_Sponsored_Corporate_2025Q4,21.59,471,2,0,0.0
2025-10-27,Solmar Hotels,LinkedIn Ads,ES_Sponsored_Corporate_2025Q4,21.37,613,2,0,0.0
2025-10-28,Solmar Hotels,LinkedIn Ads,ES_Sponsored_Corporate_2025Q4,21.24,694,3,0,0.0
2025-10-29,Solmar Hotels,LinkedIn Ads,ES_Sponsored_Corporate_2025Q4,21.54,468,2,0,0.0
2025-10-30,Solmar Hotels,LinkedIn Ads,ES_Sponsored_Corporate_2025Q4,25.81,782,8,1,37.72
2025-10-31,Solmar Hotels,LinkedIn Ads,ES_Sponsored_Corporate_2025Q4,6.17,155,0,0,0.0
2025-11-01,Solmar Hotels,LinkedIn Ads,ES_Sponsored_Corporate_2025Q4,5.0,132,2,0,0.0
2025-11-02,Solmar Hotels,LinkedIn Ads,ES_Sponsored_Corporate_2025Q4,22.8,576,2,0,0.0
2025-11-03,Solmar Hotels,LinkedIn Ads,ES_Sponsored_Corporate_2025Q4,24.11,757,3,1,48.99
2025-11-04,Solmar Hotels,LinkedIn Ads,ES_Sponsored_Corporate_2025Q4,20.03,718,2,0,0.0
2025-11-05,Solmar Hotels,LinkedIn Ads,ES_Sponsored_Corporate_2025Q4,18.38,452,2,0,0.0
2025-11-06,Solmar Hotels,LinkedIn Ads,ES_Sponsored_Corporate_2025Q4,21.48,713,8,1,30.55
2025-11-07,Solmar Hotels,LinkedIn Ads,ES_Sponsored_Corporate_2025Q4,5.72,146,0,0,0.0
2025-11-08,Solmar Hotels,LinkedIn Ads,ES_Sponsored_Corporate_2025Q4,7.24,185,0,0,0.0
2025-11-09,Solmar Hotels,LinkedIn Ads,ES_Sponsored_Corporate_2025Q4,21.23,688,5,0,0.0
2025-11-10,Solmar Hotels,LinkedIn Ads,ES_Sponsored_Corporate_2025Q4,25.5,819,8,1,63.32
2025-11-11,Solmar Hotels,LinkedIn Ads,ES_Sponsored_Corporate_2025Q4,21.65,589,2,0,0.0
2025-11-12,Solmar Hotels,LinkedIn Ads,ES_Sponsored_Corporate_2025Q4,24.68,799,1,0,0.0
2025-11-13,Solmar Hotels,LinkedIn Ads,ES_Sponsored_Corporate_2025Q4,25.04,580,8,0,0.0
2025-11-14,Solmar Hotels,LinkedIn Ads,ES_Sponsored_Corporate_2025Q4,5.88,133,2,0,0.0
2025-11-15,Solmar Hotels,LinkedIn Ads,ES_Sponsored_Corporate_2025Q4,7.49,194,0,0,0.0
2025-11-16,Solmar Hotels,LinkedIn Ads,ES_Sponsored_Corporate_2025Q4,21.56,666,6,0,0.0
2025-11-17,Solmar Hotels,LinkedIn Ads,ES_Sponsored_Corporate_2025Q4,28.08,857,7,0,0.0
2025-11-18,Solmar Hotels,LinkedIn Ads,ES_Sponsored_Corporate_2025Q4,23.86,592,4,0,0.0
2025-11-19,Solmar Hotels,LinkedIn Ads,ES_Sponsored_Corporate_2025Q4,18.03,480,1,0,0.0
2025-11-20,Solmar Hotels,LinkedIn Ads,ES_Sponsored_Corporate_2025Q4,19.07,526,3,0,0.0
2025-11-21,Solmar Hotels,LinkedIn Ads,ES_Sponsored_Corporate_2025Q4,7.08,202,0,0,0.0
2025-11-22,Solmar Hotels,LinkedIn Ads,ES_Sponsored_Corporate_2025Q4,5.62,146,1,0,0.0
2025-11-23,Solmar Hotels,LinkedIn Ads,ES_Sponsored_Corporate_2025Q4,22.45,718,4,1,33.83
2025-11-24,Solmar Hotels,LinkedIn Ads,ES_Sponsored_Corporate_2025Q4,18.52,514,0,0,0.0
2025-11-25,Solmar Hotels,LinkedIn Ads,ES_Sponsored_Corporate_2025Q4,20.27,663,4,0,0.0
2025-11-26,Solmar Hotels,LinkedIn Ads,ES_Sponsored_Corporate_2025Q4,26.31,671,5,0,0.0
2025-11-27,Solmar Hotels,LinkedIn Ads,ES_Sponsored_Corporate_2025Q4,28.41,651,8,0,0.0
2025-11-28,Solmar Hotels,LinkedIn Ads,ES_Sponsored_Corporate_2025Q4,6.18,144,1,0,0.0
2025-11-29,Solmar Hotels,LinkedIn Ads,ES_Sponsored_Corporate_2025Q4,5.71,138,2,0,0.0
2025-11-30,Solmar Hotels,LinkedIn Ads,ES_Sponsored_Corporate_2025Q4,24.22,495,3,0,0.0
2025-12-01,Solmar Hotels,LinkedIn Ads,ES_Sponsored_Corporate_2025Q4,18.69,471,1,0,0.0
2025-12-02,Solmar Hotels,LinkedIn Ads,ES_Sponsored_Corporate_2025Q4,27.86,840,5,0,0.0
2025-12-03,Solmar Hotels,LinkedIn Ads,ES_Sponsored_Corporate_2025Q4,23.58,498,1,0,0.0
2025-12-04,Solmar Hotels,LinkedIn Ads,ES_Sponsored_Corporate_2025Q4,27.77,641,5,0,0.0
2025-12-05,Solmar Hotels,LinkedIn Ads,ES_Sponsored_Corporate_2025Q4,5.57,118,1,0,0.0
2025-12-06,Solmar Hotels,LinkedIn Ads,ES_Sponsored_Corporate_2025Q4,5.1,111,0,0,0.0
2025-12-07,Solmar Hotels,LinkedIn Ads,ES_Sponsored_Corporate_2025Q4,27.09,822,4,1,43.33
2025-12-08,Solmar Hotels,LinkedIn Ads,ES_Sponsored_Corporate_2025Q4,20.78,641,8,0,0.0
2025-12-09,Solmar Hotels,LinkedIn Ads,ES_Sponsored_Corporate_2025Q4,19.31,512,1,0,0.0
2025-12-10,Solmar Hotels,LinkedIn Ads,ES_Sponsored_Corporate_2025Q4,22.27,660,1,1,46.83
2025-12-11,Solmar Hotels,LinkedIn Ads,ES_Sponsored_Corporate_2025Q4,21.5,516,5,0,0.0
2025-12-12,Solmar Hotels,LinkedIn Ads,ES_Sponsored_Corporate_2025Q4,5.34,165,2,0,0.0
2025-12-13,Solmar Hotels,LinkedIn Ads,ES_Sponsored_Corporate_2025Q4,5.45,168,2,0,0.0
2025-12-14,Solmar Hotels,LinkedIn Ads,ES_Sponsored_Corporate_2025Q4,20.68,702,4,0,0.0
2025-12-15,Solmar Hotels,LinkedIn Ads,ES_Sponsored_Corporate_2025Q4,22.33,716,4,0,0.0
2025-12-16,Solmar Hotels,LinkedIn Ads,ES_Sponsored_Corporate_2025Q4,17.66,586,2,0,0.0
2025-12-17,Solmar Hotels,LinkedIn Ads,ES_Sponsored_Corporate_2025Q4,22.73,527,3,0,0.0
2025-12-18,Solmar Hotels,LinkedIn Ads,ES_Sponsored_Corporate_2025Q4,25.84,786,5,0,0.0
2025-12-19,Solmar Hotels,LinkedIn Ads,ES_Sponsored_Corporate_2025Q4,4.62,124,2,0,0.0
2025-12-20,Solmar Hotels,LinkedIn Ads,ES_Sponsored_Corporate_2025Q4,5.89,148,1,0,0.0
2025-12-21,Solmar Hotels,LinkedIn Ads,ES_Sponsored_Corporate_2025Q4,20.22,598,1,0,0.0
2025-12-22,Solmar Hotels,LinkedIn Ads,ES_Sponsored_Corporate_2025Q4,17.74,516,3,0,0.0
2025-12-23,Solmar Hotels,LinkedIn Ads,ES_Sponsored_Corporate_2025Q4,19.84,542,1,0,0.0
2025-12-24,Solmar Hotels,LinkedIn Ads,ES_Sponsored_Corporate_2025Q4,21.82,800,6,0,0.0
2025-12-25,Solmar Hotels,LinkedIn Ads,ES_Sponsored_Corporate_2025Q4,19.9,410,3,0,0.0
2025-12-26,Solmar Hotels,LinkedIn Ads,ES_Sponsored_Corporate_2025Q4,6.84,161,3,0,0.0
2025-12-27,Solmar Hotels,LinkedIn Ads,ES_Sponsored_Corporate_2025Q4,3.76,104,1,0,0.0
2025-12-28,Solmar Hotels,LinkedIn Ads,ES_Sponsored_Corporate_2025Q4,22.0,591,6,0,0.0
2025-12-29,Solmar Hotels,LinkedIn Ads,ES_Sponsored_Corporate_2025Q4,20.32,593,5,0,0.0
2025-12-30,Solmar Hotels,LinkedIn Ads,ES_Sponsored_Corporate_2025Q4,16.85,584,2,0,0.0
2025-12-31,Solmar Hotels,LinkedIn Ads,ES_Sponsored_Corporate_2026Q1,22.84,663,3,0,0.0
2026-01-01,Solmar Hotels,LinkedIn Ads,ES_Sponsored_Corporate_2026Q1,25.4,772,2,0,0.0
2026-01-02,Solmar Hotels,LinkedIn Ads,ES_Sponsored_Corporate_2026Q1,6.36,213,1,0,0.0
2026-01-03,Solmar Hotels,LinkedIn Ads,ES_Sponsored_Corporate_2026Q1,5.21,197,0,0,0.0
2026-01-04,Solmar Hotels,LinkedIn Ads,ES_Sponsored_Corporate_2026Q1,21.69,591,4,0,0.0
2026-01-05,Solmar Hotels,LinkedIn Ads,ES_Sponsored_Corporate_2026Q1,24.17,794,7,0,0.0
2026-01-06,Solmar Hotels,LinkedIn Ads,ES_Sponsored_Corporate_2026Q1,23.53,548,3,0,0.0
2026-01-07,Solmar Hotels,LinkedIn Ads,ES_Sponsored_Corporate_2026Q1,22.0,485,3,0,0.0
2026-01-08,Solmar Hotels,LinkedIn Ads,ES_Sponsored_Corporate_2026Q1,23.89,512,4,0,0.0
2026-01-09,Solmar Hotels,LinkedIn Ads,ES_Sponsored_Corporate_2026Q1,5.79,138,2,0,0.0
2026-01-10,Solmar Hotels,LinkedIn Ads,ES_Sponsored_Corporate_2026Q1,4.02,102,0,0,0.0
2026-01-11,Solmar Hotels,LinkedIn Ads,ES_Sponsored_Corporate_2026Q1,18.14,509,1,0,0.0
2026-01-12,Solmar Hotels,LinkedIn Ads,ES_Sponsored_Corporate_2026Q1,18.66,464,3,0,0.0
2026-01-13,Solmar Hotels,LinkedIn Ads,ES_Sponsored_Corporate_2026Q1,18.1,647,7,1,45.39
2026-01-14,Solmar Hotels,LinkedIn Ads,ES_Sponsored_Corporate_2026Q1,23.72,682,6,0,0.0
2026-01-15,Solmar Hotels,LinkedIn Ads,ES_Sponsored_Corporate_2026Q1,22.62,485,4,0,0.0
2026-01-16,Solmar Hotels,LinkedIn Ads,ES_Sponsored_Corporate_2026Q1,4.15,81,0,0,0.0
2026-01-17,Solmar Hotels,LinkedIn Ads,ES_Sponsored_Corporate_2026Q1,4.8,97,0,0,0.0
2026-01-18,Solmar Hotels,LinkedIn Ads,ES_Sponsored_Corporate_2026Q1,25.65,757,8,1,68.43
2026-01-19,Solmar Hotels,LinkedIn Ads,ES_Sponsored_Corporate_2026Q1,29.74,1040,3,0,0.0
2026-01-20,Solmar Hotels,LinkedIn Ads,ES_Sponsored_Corporate_2026Q1,21.81,692,7,0,0.0
2026-01-21,Solmar Hotels,LinkedIn Ads,ES_Sponsored_Corporate_2026Q1,23.78,548,5,0,0.0
2026-01-22,Solmar Hotels,LinkedIn Ads,ES_Sponsored_Corporate_2026Q1,18.0,410,2,1,60.71
2026-01-23,Solmar Hotels,LinkedIn Ads,ES_Sponsored_Corporate_2026Q1,4.75,144,0,0,0.0
2026-01-24,Solmar Hotels,LinkedIn Ads,ES_Sponsored_Corporate_2026Q1,4.78,132,2,1,63.47
2026-01-25,Solmar Hotels,LinkedIn Ads,ES_Sponsored_Corporate_2026Q1,23.21,524,6,0,0.0
2026-01-26,Solmar Hotels,LinkedIn Ads,ES_Sponsored_Corporate_2026Q1,28.41,649,3,0,0.0
2026-01-27,Solmar Hotels,LinkedIn Ads,ES_Sponsored_Corporate_2026Q1,26.37,553,7,1,56.73
2026-01-28,Solmar Hotels,LinkedIn Ads,ES_Sponsored_Corporate_2026Q1,24.1,708,1,0,0.0
2026-01-29,Solmar Hotels,LinkedIn Ads,ES_Sponsored_Corporate_2026Q1,27.53,833,8,0,0.0
2026-01-30,Solmar Hotels,LinkedIn Ads,ES_Sponsored_Corporate_2026Q1,5.58,154,1,0,0.0
2026-01-31,Solmar Hotels,LinkedIn Ads,ES_Sponsored_Corporate_2026Q1,6.64,173,1,0,0.0
2026-02-01,Solmar Hotels,LinkedIn Ads,ES_Sponsored_Corporate_2026Q1,22.25,482,2,0,0.0
2026-02-02,Solmar Hotels,LinkedIn Ads,ES_Sponsored_Corporate_2026Q1,18.36,580,9,0,0.0
2026-02-03,Solmar Hotels,LinkedIn Ads,ES_Sponsored_Corporate_2026Q1,17.41,400,4,0,0.0
2026-02-04,Solmar Hotels,LinkedIn Ads,ES_Sponsored_Corporate_2026Q1,23.21,519,4,0,0.0
2026-02-05,Solmar Hotels,LinkedIn Ads,ES_Sponsored_Corporate_2026Q1,16.62,447,3,0,0.0
2026-02-06,Solmar Hotels,LinkedIn Ads,ES_Sponsored_Corporate_2026Q1,6.69,158,0,0,0.0
2026-02-07,Solmar Hotels,LinkedIn Ads,ES_Sponsored_Corporate_2026Q1,6.1,159,0,0,0.0
2026-02-08,Solmar Hotels,LinkedIn Ads,ES_Sponsored_Corporate_2026Q1,20.08,423,2,0,0.0
2026-02-09,Solmar Hotels,LinkedIn Ads,ES_Sponsored_Corporate_2026Q1,21.79,772,3,0,0.0
2026-02-10,Solmar Hotels,LinkedIn Ads,ES_Sponsored_Corporate_2026Q1,24.94,627,2,0,0.0
2026-02-11,Solmar Hotels,LinkedIn Ads,ES_Sponsored_Corporate_2026Q1,19.64,585,3,0,0.0
2026-02-12,Solmar Hotels,LinkedIn Ads,ES_Sponsored_Corporate_2026Q1,24.27,533,4,0,0.0
2026-02-13,Solmar Hotels,LinkedIn Ads,ES_Sponsored_Corporate_2026Q1,6.26,163,0,0,0.0
2026-02-14,Solmar Hotels,LinkedIn Ads,ES_Sponsored_Corporate_2026Q1,4.04,95,0,0,0.0
2026-02-15,Solmar Hotels,LinkedIn Ads,ES_Sponsored_Corporate_2026Q1,24.8,698,0,0,0.0
2026-02-16,Solmar Hotels,LinkedIn Ads,ES_Sponsored_Corporate_2026Q1,21.43,437,2,0,0.0
2026-02-17,Solmar Hotels,LinkedIn Ads,ES_Sponsored_Corporate_2026Q1,23.84,655,9,0,0.0
2026-02-18,Solmar Hotels,LinkedIn Ads,ES_Sponsored_Corporate_2026Q1,24.72,566,6,0,0.0
2026-02-19,Solmar Hotels,LinkedIn Ads,ES_Sponsored_Corporate_2026Q1,23.05,720,4,0,0.0
2026-02-20,Solmar Hotels,LinkedIn Ads,ES_Sponsored_Corporate_2026Q1,6.91,177,3,0,0.0
2026-02-21,Solmar Hotels,LinkedIn Ads,ES_Sponsored_Corporate_2026Q1,4.81,156,2,0,0.0
2026-02-22,Solmar Hotels,LinkedIn Ads,ES_Sponsored_Corporate_2026Q1,25.44,674,6,0,0.0
2026-02-23,Solmar Hotels,LinkedIn Ads,ES_Sponsored_Corporate_2026Q1,25.48,683,3,0,0.0
2026-02-24,Solmar Hotels,LinkedIn Ads,ES_Sponsored_Corporate_2026Q1,22.01,753,6,0,0.0
2026-02-25,Solmar Hotels,LinkedIn Ads,ES_Sponsored_Corporate_2026Q1,21.05,520,5,1,44.37
2026-02-26,Solmar Hotels,LinkedIn Ads,ES_Sponsored_Corporate_2026Q1,23.38,820,3,0,0.0
2026-02-27,Solmar Hotels,LinkedIn Ads,ES_Sponsored_Corporate_2026Q1,6.72,180,1,0,0.0
2026-02-28,Solmar Hotels,LinkedIn Ads,ES_Sponsored_Corporate_2026Q1,5.51,154,2,1,62.75
2026-03-01,Solmar Hotels,LinkedIn Ads,ES_Sponsored_Corporate_2026Q1,26.11,774,0,0,0.0
2026-03-02,Solmar Hotels,LinkedIn Ads,ES_Sponsored_Corporate_2026Q1,23.65,524,1,0,0.0
2026-03-03,Solmar Hotels,LinkedIn Ads,ES_Sponsored_Corporate_2026Q1,20.41,465,2,0,0.0
2026-03-04,Solmar Hotels,LinkedIn Ads,ES_Sponsored_Corporate_2026Q1,22.29,486,6,0,0.0
2026-03-05,Solmar Hotels,LinkedIn Ads,ES_Sponsored_Corporate_2026Q1,22.04,788,7,1,61.38
2026-03-06,Solmar Hotels,LinkedIn Ads,ES_Sponsored_Corporate_2026Q1,6.14,170,0,0,0.0
2026-03-07,Solmar Hotels,LinkedIn Ads,ES_Sponsored_Corporate_2026Q1,5.63,141,2,0,0.0
2026-03-08,Solmar Hotels,LinkedIn Ads,ES_Sponsored_Corporate_2026Q1,29.63,703,5,0,0.0
2026-03-09,Solmar Hotels,LinkedIn Ads,ES_Sponsored_Corporate_2026Q1,24.72,559,5,0,0.0
2026-03-10,Solmar Hotels,LinkedIn Ads,ES_Sponsored_Corporate_2026Q1,19.67,393,3,0,0.0
2026-03-11,Solmar Hotels,LinkedIn Ads,ES_Sponsored_Corporate_2026Q1,23.32,670,4,0,0.0
2026-03-12,Solmar Hotels,LinkedIn Ads,ES_Sponsored_Corporate_2026Q1,28.12,950,10,1,61.93
2026-03-13,Solmar Hotels,LinkedIn Ads,ES_Sponsored_Corporate_2026Q1,5.1,160,0,0,0.0
2026-03-14,Solmar Hotels,LinkedIn Ads,ES_Sponsored_Corporate_2026Q1,5.31,130,1,0,0.0
2026-03-15,Solmar Hotels,LinkedIn Ads,ES_Sponsored_Corporate_2026Q1,19.88,594,3,0,0.0
2026-03-16,Solmar Hotels,LinkedIn Ads,ES_Sponsored_Corporate_2026Q1,26.54,748,4,0,0.0
2026-03-17,Solmar Hotels,LinkedIn Ads,ES_Sponsored_Corporate_2026Q1,21.36,770,5,1,44.72
2026-03-18,Solmar Hotels,LinkedIn Ads,ES_Sponsored_Corporate_2026Q1,26.65,580,10,0,0.0
2026-03-19,Solmar Hotels,LinkedIn Ads,ES_Sponsored_Corporate_2026Q1,23.55,510,2,0,0.0
2026-03-20,Solmar Hotels,LinkedIn Ads,ES_Sponsored_Corporate_2026Q1,6.45,190,0,0,0.0
2026-03-21,Solmar Hotels,LinkedIn Ads,ES_Sponsored_Corporate_2026Q1,5.38,134,1,0,0.0
2026-03-22,Solmar Hotels,LinkedIn Ads,ES_Sponsored_Corporate_2026Q1,20.75,622,2,0,0.0
2026-03-23,Solmar Hotels,LinkedIn Ads,ES_Sponsored_Corporate_2026Q1,18.8,642,4,0,0.0
2026-03-24,Solmar Hotels,LinkedIn Ads,ES_Sponsored_Corporate_2026Q1,26.53,790,3,0,0.0
2026-03-25,Solmar Hotels,LinkedIn Ads,ES_Sponsored_Corporate_2026Q1,27.72,820,7,0,0.0
2026-03-26,Solmar Hotels,LinkedIn Ads,ES_Sponsored_Corporate_2026Q1,26.18,778,3,0,0.0
2026-03-27,Solmar Hotels,LinkedIn Ads,ES_Sponsored_Corporate_2026Q1,5.33,211,5,0,0.0
2026-03-28,Solmar Hotels,LinkedIn Ads,ES_Sponsored_Corporate_2026Q1,7.79,191,1,0,0.0
2026-03-29,Solmar Hotels,LinkedIn Ads,ES_Sponsored_Corporate_2026Q1,17.12,505,1,0,0.0
2026-03-30,Solmar Hotels,LinkedIn Ads,ES_Sponsored_Corporate_2026Q1,22.21,752,6,0,0.0
2026-03-31,Solmar Hotels,LinkedIn Ads,ES_Sponsored_Corporate_2026Q2,22.93,671,4,0,0.0
2026-04-01,Solmar Hotels,LinkedIn Ads,ES_Sponsored_Corporate_2026Q2,22.84,531,5,0,0.0
2026-04-02,Solmar Hotels,LinkedIn Ads,ES_Sponsored_Corporate_2026Q2,23.19,639,2,0,0.0
2026-04-03,Solmar Hotels,LinkedIn Ads,ES_Sponsored_Corporate_2026Q2,4.41,117,0,0,0.0
2026-04-04,Solmar Hotels,LinkedIn Ads,ES_Sponsored_Corporate_2026Q2,4.62,98,0,0,0.0
2026-04-05,Solmar Hotels,LinkedIn Ads,ES_Sponsored_Corporate_2026Q2,23.59,681,5,0,0.0
2026-04-06,Solmar Hotels,LinkedIn Ads,ES_Sponsored_Corporate_2026Q2,22.29,572,1,0,0.0
2026-04-07,Solmar Hotels,LinkedIn Ads,ES_Sponsored_Corporate_2026Q2,21.45,615,9,0,0.0
2026-04-08,Solmar Hotels,LinkedIn Ads,ES_Sponsored_Corporate_2026Q2,17.47,415,3,0,0.0
2026-04-09,Solmar Hotels,LinkedIn Ads,ES_Sponsored_Corporate_2026Q2,17.97,544,1,0,0.0
2026-04-10,Solmar Hotels,LinkedIn Ads,ES_Sponsored_Corporate_2026Q2,6.09,128,1,0,0.0
2026-04-11,Solmar Hotels,LinkedIn Ads,ES_Sponsored_Corporate_2026Q2,6.86,146,1,0,0.0
2026-04-12,Solmar Hotels,LinkedIn Ads,ES_Sponsored_Corporate_2026Q2,18.86,651,5,0,0.0
2026-04-13,Solmar Hotels,LinkedIn Ads,ES_Sponsored_Corporate_2026Q2,18.07,542,1,0,0.0
2026-04-14,Solmar Hotels,LinkedIn Ads,ES_Sponsored_Corporate_2026Q2,21.12,652,5,0,0.0
2026-04-15,Solmar Hotels,LinkedIn Ads,ES_Sponsored_Corporate_2026Q2,22.32,619,4,0,0.0
2026-04-16,Solmar Hotels,LinkedIn Ads,ES_Sponsored_Corporate_2026Q2,29.02,679,2,0,0.0
2026-04-17,Solmar Hotels,LinkedIn Ads,ES_Sponsored_Corporate_2026Q2,6.11,220,2,0,0.0
2026-04-18,Solmar Hotels,LinkedIn Ads,ES_Sponsored_Corporate_2026Q2,7.41,236,3,0,0.0
2026-04-19,Solmar Hotels,LinkedIn Ads,ES_Sponsored_Corporate_2026Q2,29.54,595,6,0,0.0
2026-04-20,Solmar Hotels,LinkedIn Ads,ES_Sponsored_Corporate_2026Q2,21.33,564,4,0,0.0
2026-04-21,Solmar Hotels,LinkedIn Ads,ES_Sponsored_Corporate_2026Q2,23.21,794,12,1,50.61
2026-04-22,Solmar Hotels,LinkedIn Ads,ES_Sponsored_Corporate_2026Q2,21.53,440,4,0,0.0
2026-04-23,Solmar Hotels,LinkedIn Ads,ES_Sponsored_Corporate_2026Q2,24.11,518,3,0,0.0
2026-04-24,Solmar Hotels,LinkedIn Ads,ES_Sponsored_Corporate_2026Q2,3.59,92,1,0,0.0
2026-04-25,Solmar Hotels,LinkedIn Ads,ES_Sponsored_Corporate_2026Q2,7.44,169,3,0,0.0
2026-04-26,Solmar Hotels,LinkedIn Ads,ES_Sponsored_Corporate_2026Q2,35.04,806,10,0,0.0
2026-04-27,Solmar Hotels,LinkedIn Ads,ES_Sponsored_Corporate_2026Q2,19.85,611,7,0,0.0
2026-04-28,Solmar Hotels,LinkedIn Ads,ES_Sponsored_Corporate_2026Q2,29.39,630,2,0,0.0
2026-04-29,Solmar Hotels,LinkedIn Ads,ES_Sponsored_Corporate_2026Q2,16.6,558,6,0,0.0
2026-04-30,Solmar Hotels,LinkedIn Ads,ES_Sponsored_Corporate_2026Q2,23.79,493,2,0,0.0
2026-05-01,Solmar Hotels,LinkedIn Ads,ES_Sponsored_Corporate_2026Q2,3.96,109,1,0,0.0
2026-05-02,Solmar Hotels,LinkedIn Ads,ES_Sponsored_Corporate_2026Q2,7.5,211,1,0,0.0
2026-05-03,Solmar Hotels,LinkedIn Ads,ES_Sponsored_Corporate_2026Q2,36.88,973,5,0,0.0
2026-05-04,Solmar Hotels,LinkedIn Ads,ES_Sponsored_Corporate_2026Q2,29.2,650,7,0,0.0
2026-05-05,Solmar Hotels,LinkedIn Ads,ES_Sponsored_Corporate_2026Q2,34.12,796,7,1,44.44
2026-05-06,Solmar Hotels,LinkedIn Ads,ES_Sponsored_Corporate_2026Q2,23.23,758,6,0,0.0
2026-05-07,Solmar Hotels,LinkedIn Ads,ES_Sponsored_Corporate_2026Q2,28.95,641,5,0,0.0
2026-05-08,Solmar Hotels,LinkedIn Ads,ES_Sponsored_Corporate_2026Q2,7.09,242,0,0,0.0
2026-05-08,Solmar Hotels,LinkedIn Ads,ES_Sponsored_Corporate_2026Q2,7.09,242,0,0,0.0
2026-05-09,Solmar Hotels,LinkedIn Ads,ES_Sponsored_Corporate_2026Q2,6.47,144,0,0,0.0
2026-05-09,Solmar Hotels,LinkedIn Ads,ES_Sponsored_Corporate_2026Q2,6.47,144,0,0,0.0
2026-05-10,Solmar Hotels,LinkedIn Ads,ES_Sponsored_Corporate_2026Q2,34.0,821,6,0,0.0
2026-05-10,Solmar Hotels,LinkedIn Ads,ES_Sponsored_Corporate_2026Q2,34.0,821,6,0,0.0
2026-05-11,Solmar Hotels,LinkedIn Ads,ES_Sponsored_Corporate_2026Q2,36.02,773,9,0,0.0
2026-05-11,Solmar Hotels,LinkedIn Ads,ES_Sponsored_Corporate_2026Q2,36.02,773,9,0,0.0
2026-05-12,Solmar Hotels,LinkedIn Ads,ES_Sponsored_Corporate_2026Q2,26.97,661,7,0,0.0
2026-05-12,Solmar Hotels,LinkedIn Ads,ES_Sponsored_Corporate_2026Q2,26.97,661,7,0,0.0
2026-05-13,Solmar Hotels,LinkedIn Ads,ES_Sponsored_Corporate_2026Q2,28.78,781,0,0,0.0
2026-05-13,Solmar Hotels,LinkedIn Ads,ES_Sponsored_Corporate_2026Q2,28.78,781,0,0,0.0
2026-05-14,Solmar Hotels,LinkedIn Ads,ES_Sponsored_Corporate_2026Q2,38.4,863,2,0,0.0
2026-05-14,Solmar Hotels,LinkedIn Ads,ES_Sponsored_Corporate_2026Q2,38.4,863,2,0,0.0
2026-05-15,Solmar Hotels,LinkedIn Ads,ES_Sponsored_Corporate_2026Q2,7.53,195,1,0,0.0
2026-05-15,Solmar Hotels,LinkedIn Ads,ES_Sponsored_Corporate_2026Q2,7.53,195,1,0,0.0
2026-05-16,Solmar Hotels,LinkedIn Ads,ES_Sponsored_Corporate_2026Q2,5.82,161,0,0,0.0
2026-05-16,Solmar Hotels,LinkedIn Ads,ES_Sponsored_Corporate_2026Q2,5.82,161,0,0,0.0
2026-05-17,Solmar Hotels,LinkedIn Ads,ES_Sponsored_Corporate_2026Q2,32.39,749,5,0,0.0
2026-05-17,Solmar Hotels,LinkedIn Ads,ES_Sponsored_Corporate_2026Q2,32.39,749,5,0,0.0
2026-05-18,Solmar Hotels,LinkedIn Ads,ES_Sponsored_Corporate_2026Q2,33.15,967,8,0,0.0
2026-05-19,Solmar Hotels,LinkedIn Ads,ES_Sponsored_Corporate_2026Q2,28.5,851,7,0,0.0
2026-05-20,Solmar Hotels,LinkedIn Ads,ES_Sponsored_Corporate_2026Q2,32.11,954,13,1,52.44
2026-05-21,Solmar Hotels,LinkedIn Ads,ES_Sponsored_Corporate_2026Q2,38.06,984,11,1,47.31
2026-05-22,Solmar Hotels,LinkedIn Ads,ES_Sponsored_Corporate_2026Q2,9.3,189,1,0,0.0
2026-05-23,Solmar Hotels,LinkedIn Ads,ES_Sponsored_Corporate_2026Q2,10.29,335,1,0,0.0
2026-05-24,Solmar Hotels,LinkedIn Ads,ES_Sponsored_Corporate_2026Q2,35.14,1151,4,0,0.0
2026-05-25,Solmar Hotels,LinkedIn Ads,ES_Sponsored_Corporate_2026Q2,36.79,915,4,0,0.0
2026-05-26,Solmar Hotels,LinkedIn Ads,ES_Sponsored_Corporate_2026Q2,51.23,1526,7,1,55.49
2026-05-27,Solmar Hotels,LinkedIn Ads,ES_Sponsored_Corporate_2026Q2,26.52,711,9,1,36.27
2026-05-28,Solmar Hotels,LinkedIn Ads,ES_Sponsored_Corporate_2026Q2,25.92,663,7,0,0.0
2026-05-29,Solmar Hotels,LinkedIn Ads,ES_Sponsored_Corporate_2026Q2,11.05,337,3,0,0.0
2026-05-30,Solmar Hotels,LinkedIn Ads,ES_Sponsored_Corporate_2026Q2,9.48,301,1,0,0.0
2026-05-31,Solmar Hotels,LinkedIn Ads,ES_Sponsored_Corporate_2026Q2,33.6,881,11,0,0.0
2026-06-01,Solmar Hotels,LinkedIn Ads,ES_Sponsored_Corporate_2026Q2,39.41,1380,8,1,28.74
2026-06-02,Solmar Hotels,LinkedIn Ads,ES_Sponsored_Corporate_2026Q2,40.0,1084,4,0,0.0
2026-06-03,Solmar Hotels,LinkedIn Ads,ES_Sponsored_Corporate_2026Q2,36.14,817,5,0,0.0
2026-06-04,Solmar Hotels,LinkedIn Ads,ES_Sponsored_Corporate_2026Q2,55.06,1480,6,0,0.0
2026-06-05,Solmar Hotels,LinkedIn Ads,ES_Sponsored_Corporate_2026Q2,9.71,240,0,0,0.0
2026-06-06,Solmar Hotels,LinkedIn Ads,ES_Sponsored_Corporate_2026Q2,15.61,350,0,0,0.0
2026-06-07,Solmar Hotels,LinkedIn Ads,ES_Sponsored_Corporate_2026Q2,40.92,954,6,0,0.0
2026-06-08,Solmar Hotels,LinkedIn Ads,ES_Sponsored_Corporate_2026Q2,46.92,1042,9,0,0.0
2026-06-09,Solmar Hotels,LinkedIn Ads,ES_Sponsored_Corporate_2026Q2,58.16,1793,5,0,0.0
2026-06-10,Solmar Hotels,LinkedIn Ads,ES_Sponsored_Corporate_2026Q2,41.72,1310,4,0,0.0
2026-06-11,Solmar Hotels,LinkedIn Ads,ES_Sponsored_Corporate_2026Q2,52.69,1168,4,0,0.0
2026-06-12,Solmar Hotels,LinkedIn Ads,ES_Sponsored_Corporate_2026Q2,12.9,450,5,0,0.0
2026-06-13,Solmar Hotels,LinkedIn Ads,ES_Sponsored_Corporate_2026Q2,17.02,346,1,0,0.0
2026-06-14,Solmar Hotels,LinkedIn Ads,ES_Sponsored_Corporate_2026Q2,57.51,1771,8,1,37.62
2026-06-15,Solmar Hotels,LinkedIn Ads,ES_Sponsored_Corporate_2026Q2,56.97,1446,11,0,0.0
2026-06-16,Solmar Hotels,LinkedIn Ads,ES_Sponsored_Corporate_2026Q2,53.56,1268,6,0,0.0
2026-06-17,Solmar Hotels,LinkedIn Ads,ES_Sponsored_Corporate_2026Q2,42.82,1244,11,1,32.51
2026-06-18,Solmar Hotels,LinkedIn Ads,ES_Sponsored_Corporate_2026Q2,68.64,2239,17,0,0.0
2026-06-19,Solmar Hotels,LinkedIn Ads,ES_Sponsored_Corporate_2026Q2,14.91,345,3,0,0.0
2026-06-20,Solmar Hotels,LinkedIn Ads,ES_Sponsored_Corporate_2026Q2,17.13,364,4,0,0.0
2026-06-21,Solmar Hotels,LinkedIn Ads,ES_Sponsored_Corporate_2026Q2,60.3,1348,9,0,0.0
2026-06-22,Solmar Hotels,LinkedIn Ads,ES_Sponsored_Corporate_2026Q2,56.71,1810,11,0,0.0
2026-06-23,Solmar Hotels,LinkedIn Ads,ES_Sponsored_Corporate_2026Q2,64.28,1320,11,0,0.0
2026-06-24,Solmar Hotels,LinkedIn Ads,ES_Sponsored_Corporate_2026Q2,81.51,1974,16,0,0.0
2026-06-25,Solmar Hotels,LinkedIn Ads,ES_Sponsored_Corporate_2026Q2,64.21,2068,12,0,0.0
2026-06-26,Solmar Hotels,LinkedIn Ads,ES_Sponsored_Corporate_2026Q2,14.97,429,3,0,0.0
2026-06-27,Solmar Hotels,LinkedIn Ads,ES_Sponsored_Corporate_2026Q2,14.81,480,3,0,0.0
2026-06-28,Solmar Hotels,LinkedIn Ads,ES_Sponsored_Corporate_2026Q2,74.01,2086,16,1,45.93
2026-06-29,Solmar Hotels,LinkedIn Ads,ES_Sponsored_Corporate_2026Q2,74.0,1546,8,0,0.0
2026-06-30,Solmar Hotels,LinkedIn Ads,ES_Sponsored_Corporate_2026Q3,73.07,1890,8,0,0.0
2026-07-01,Solmar Hotels,LinkedIn Ads,ES_Sponsored_Corporate_2026Q3,81.24,2527,12,0,0.0
2026-07-02,Solmar Hotels,LinkedIn Ads,ES_Sponsored_Corporate_2026Q3,92.53,2042,16,0,0.0
2026-07-03,Solmar Hotels,LinkedIn Ads,ES_Sponsored_Corporate_2026Q3,14.51,360,3,0,0.0
2026-07-04,Solmar Hotels,LinkedIn Ads,ES_Sponsored_Corporate_2026Q3,18.41,596,5,0,0.0
2026-07-05,Solmar Hotels,LinkedIn Ads,ES_Sponsored_Corporate_2026Q3,68.43,2221,7,0,0.0
2026-07-06,Solmar Hotels,LinkedIn Ads,ES_Sponsored_Corporate_2026Q3,79.65,1720,8,0,0.0
2026-07-07,Solmar Hotels,LinkedIn Ads,ES_Sponsored_Corporate_2026Q3,69.07,2292,23,1,54.85
2026-07-08,Solmar Hotels,LinkedIn Ads,ES_Sponsored_Corporate_2026Q3,71.74,1724,7,0,0.0
2026-07-09,Solmar Hotels,LinkedIn Ads,ES_Sponsored_Corporate_2026Q3,79.12,2413,26,2,80.12
2026-07-10,Solmar Hotels,LinkedIn Ads,ES_Sponsored_Corporate_2026Q3,18.93,461,2,0,0.0
2026-07-11,Solmar Hotels,LinkedIn Ads,ES_Sponsored_Corporate_2026Q3,24.32,623,3,0,0.0
2026-07-12,Solmar Hotels,LinkedIn Ads,ES_Sponsored_Corporate_2026Q3,82.29,2478,22,0,0.0
2026-07-13,Solmar Hotels,LinkedIn Ads,ES_Sponsored_Corporate_2026Q3,79.25,1952,15,1,55.39
2026-07-14,Solmar Hotels,LinkedIn Ads,ES_Sponsored_Corporate_2026Q3,77.03,1666,16,0,0.0
2026-07-15,Solmar Hotels,LinkedIn Ads,ES_Sponsored_Corporate_2026Q3,80.7,1665,11,0,0.0
2026-07-16,Solmar Hotels,LinkedIn Ads,ES_Sponsored_Corporate_2026Q3,69.99,1777,8,0,0.0
2026-07-17,Solmar Hotels,LinkedIn Ads,ES_Sponsored_Corporate_2026Q3,21.27,464,3,0,0.0
2026-07-18,Solmar Hotels,LinkedIn Ads,ES_Sponsored_Corporate_2026Q3,19.36,626,7,0,0.0
2026-07-19,Solmar Hotels,LinkedIn Ads,ES_Sponsored_Corporate_2026Q3,93.3,2438,16,0,0.0
2026-07-20,Solmar Hotels,LinkedIn Ads,ES_Sponsored_Corporate_2026Q3,63.05,1734,13,1,53.16
2026-07-21,Solmar Hotels,LinkedIn Ads,ES_Sponsored_Corporate_2026Q3,78.38,1607,7,0,0.0
2026-07-22,Solmar Hotels,LinkedIn Ads,ES_Sponsored_Corporate_2026Q3,92.6,2917,12,0,0.0
2026-07-23,Solmar Hotels,LinkedIn Ads,ES_Sponsored_Corporate_2026Q3,77.44,2350,18,0,0.0
2026-07-24,Solmar Hotels,LinkedIn Ads,ES_Sponsored_Corporate_2026Q3,21.01,500,1,0,0.0
2026-07-25,Solmar Hotels,LinkedIn Ads,ES_Sponsored_Corporate_2026Q3,25.89,547,6,0,0.0
2026-07-26,Solmar Hotels,LinkedIn Ads,ES_Sponsored_Corporate_2026Q3,72.59,1796,8,0,0.0
2026-07-27,Solmar Hotels,LinkedIn Ads,ES_Sponsored_Corporate_2026Q3,81.7,1995,16,0,0.0
2026-07-28,Solmar Hotels,LinkedIn Ads,ES_Sponsored_Corporate_2026Q3,92.8,2516,18,0,0.0
2026-07-29,Solmar Hotels,LinkedIn Ads,ES_Sponsored_Corporate_2026Q3,105.86,2756,15,0,0.0
2026-07-30,Solmar Hotels,LinkedIn Ads,ES_Sponsored_Corporate_2026Q3,74.63,2665,15,1,48.3
