date,client,channel,campaign_name,spend,impressions,clicks,conversions,conversion_value
01/02/2025,Clinica Vantia,Meta Ads,Prospecting Social ES Q1,22.28,3581,40,0,0.0
01/02/2025,Clinica Vantia,Meta Ads,Retargeting Social ES Q1,13.37,2162,21,0,0.0
02/02/2025,Clinica Vantia,Meta Ads,Prospecting Social ES Q1,30.33,3500,52,2,1450.5
02/02/2025,Clinica Vantia,Meta Ads,Retargeting Social ES Q1,18.2,2120,22,2,1201.35
03/02/2025,Clinica Vantia,Meta Ads,Prospecting Social ES Q1,21.71,3294,35,0,0.0
03/02/2025,Clinica Vantia,Meta Ads,Retargeting Social ES Q1,13.02,1927,17,1,636.36
04/02/2025,Clinica Vantia,Meta Ads,Prospecting Social ES Q1,22.83,2546,38,1,697.41
04/02/2025,Clinica Vantia,Meta Ads,Retargeting Social ES Q1,13.7,1518,27,0,0.0
05/02/2025,Clinica Vantia,Meta Ads,Prospecting Social ES Q1,30.3,4512,51,1,806.92
05/02/2025,Clinica Vantia,Meta Ads,Retargeting Social ES Q1,18.18,2727,29,0,0.0
06/02/2025,Clinica Vantia,Meta Ads,Prospecting Social ES Q1,20.81,3451,40,0,0.0
06/02/2025,Clinica Vantia,Meta Ads,Retargeting Social ES Q1,12.48,2018,24,0,0.0
07/02/2025,Clinica Vantia,Meta Ads,Prospecting Social ES Q1,25.88,4505,69,1,938.12
07/02/2025,Clinica Vantia,Meta Ads,Retargeting Social ES Q1,15.53,2631,54,2,1058.23
08/02/2025,Clinica Vantia,Meta Ads,Prospecting Social ES Q1,27.69,2559,63,2,1846.19
08/02/2025,Clinica Vantia,Meta Ads,Retargeting Social ES Q1,16.61,1588,36,3,2933.83
09/02/2025,Clinica Vantia,Meta Ads,Prospecting Social ES Q1,21.67,2995,40,2,1012.32
09/02/2025,Clinica Vantia,Meta Ads,Retargeting Social ES Q1,13.0,1793,25,1,743.72
10/02/2025,Clinica Vantia,Meta Ads,Prospecting Social ES Q1,23.37,2150,25,0,0.0
10/02/2025,Clinica Vantia,Meta Ads,Retargeting Social ES Q1,14.02,1337,18,1,1125.56
11/02/2025,Clinica Vantia,Meta Ads,Prospecting Social ES Q1,24.72,2635,32,1,1145.66
11/02/2025,Clinica Vantia,Meta Ads,Retargeting Social ES Q1,14.83,1571,25,2,2438.05
12/02/2025,Clinica Vantia,Meta Ads,Prospecting Social ES Q1,27.81,2646,59,0,0.0
12/02/2025,Clinica Vantia,Meta Ads,Retargeting Social ES Q1,16.69,1611,29,0,0.0
13/02/2025,Clinica Vantia,Meta Ads,Prospecting Social ES Q1,27.32,2604,33,2,2080.88
13/02/2025,Clinica Vantia,Meta Ads,Retargeting Social ES Q1,16.39,1520,15,1,734.64
14/02/2025,Clinica Vantia,Meta Ads,Prospecting Social ES Q1,28.67,3151,62,2,1681.44
14/02/2025,Clinica Vantia,Meta Ads,Retargeting Social ES Q1,17.2,1917,35,2,1083.78
15/02/2025,Clinica Vantia,Meta Ads,Prospecting Social ES Q1,24.03,2852,48,0,0.0
15/02/2025,Clinica Vantia,Meta Ads,Retargeting Social ES Q1,14.42,1762,20,3,2740.99
16/02/2025,Clinica Vantia,Meta Ads,Prospecting Social ES Q1,29.69,3442,47,0,0.0
16/02/2025,Clinica Vantia,Meta Ads,Retargeting Social ES Q1,17.81,1998,29,0,0.0
17/02/2025,Clinica Vantia,Meta Ads,Prospecting Social ES Q1,23.41,3172,43,2,2354.43
17/02/2025,Clinica Vantia,Meta Ads,Retargeting Social ES Q1,14.05,1919,30,2,1251.14
18/02/2025,Clinica Vantia,Meta Ads,Prospecting Social ES Q1,28.0,3391,63,2,1280.51
18/02/2025,Clinica Vantia,Meta Ads,Retargeting Social ES Q1,16.8,1959,39,1,741.98
19/02/2025,Clinica Vantia,Meta Ads,Prospecting Social ES Q1,23.82,4379,47,1,787.6
19/02/2025,Clinica Vantia,Meta Ads,Retargeting Social ES Q1,14.29,2695,27,0,0.0
20/02/2025,Clinica Vantia,Meta Ads,Prospecting Social ES Q1,28.88,4067,77,1,882.74
20/02/2025,Clinica Vantia,Meta Ads,Retargeting Social ES Q1,17.33,2408,51,2,2012.39
21/02/2025,Clinica Vantia,Meta Ads,Prospecting Social ES Q1,20.61,2011,29,0,0.0
21/02/2025,Clinica Vantia,Meta Ads,Retargeting Social ES Q1,12.37,1153,21,0,0.0
22/02/2025,Clinica Vantia,Meta Ads,Prospecting Social ES Q1,24.06,3519,49,1,810.77
22/02/2025,Clinica Vantia,Meta Ads,Retargeting Social ES Q1,14.43,2096,43,0,0.0
23/02/2025,Clinica Vantia,Meta Ads,Prospecting Social ES Q1,27.51,4187,42,1,771.83
23/02/2025,Clinica Vantia,Meta Ads,Retargeting Social ES Q1,16.51,2644,24,0,0.0
24/02/2025,Clinica Vantia,Meta Ads,Prospecting Social ES Q1,22.08,2324,24,0,0.0
24/02/2025,Clinica Vantia,Meta Ads,Retargeting Social ES Q1,13.25,1377,8,0,0.0
25/02/2025,Clinica Vantia,Meta Ads,Prospecting Social ES Q1,26.23,3832,45,2,1215.35
25/02/2025,Clinica Vantia,Meta Ads,Retargeting Social ES Q1,15.74,2304,28,2,1216.2
26/02/2025,Clinica Vantia,Meta Ads,Prospecting Social ES Q1,28.54,5429,120,2,2961.18
26/02/2025,Clinica Vantia,Meta Ads,Retargeting Social ES Q1,17.13,3370,53,1,516.84
27/02/2025,Clinica Vantia,Meta Ads,Prospecting Social ES Q1,21.56,2518,42,1,567.38
27/02/2025,Clinica Vantia,Meta Ads,Retargeting Social ES Q1,12.93,1550,27,0,0.0
28/02/2025,Clinica Vantia,Meta Ads,Prospecting Social ES Q1,20.99,2640,27,0,0.0
28/02/2025,Clinica Vantia,Meta Ads,Retargeting Social ES Q1,12.59,1537,21,0,0.0
01/03/2025,Clinica Vantia,Meta Ads,Prospecting Social ES Q1,30.07,2949,26,1,671.33
01/03/2025,Clinica Vantia,Meta Ads,Retargeting Social ES Q1,18.04,1737,24,2,1693.69
02/03/2025,Clinica Vantia,Meta Ads,Prospecting Social ES Q1,22.01,3259,52,3,3177.71
02/03/2025,Clinica Vantia,Meta Ads,Retargeting Social ES Q1,13.2,1947,23,1,937.74
03/03/2025,Clinica Vantia,Meta Ads,Prospecting Social ES Q1,23.05,3150,55,1,856.21
03/03/2025,Clinica Vantia,Meta Ads,Retargeting Social ES Q1,13.83,1833,37,0,0.0
04/03/2025,Clinica Vantia,Meta Ads,Prospecting Social ES Q1,31.34,3742,35,0,0.0
04/03/2025,Clinica Vantia,Meta Ads,Retargeting Social ES Q1,18.8,2372,16,0,0.0
05/03/2025,Clinica Vantia,Meta Ads,Prospecting Social ES Q1,25.56,3707,24,0,0.0
05/03/2025,Clinica Vantia,Meta Ads,Retargeting Social ES Q1,15.34,2170,26,0,0.0
06/03/2025,Clinica Vantia,Meta Ads,Prospecting Social ES Q1,35.46,4375,63,0,0.0
06/03/2025,Clinica Vantia,Meta Ads,Retargeting Social ES Q1,21.28,2616,35,0,0.0
07/03/2025,Clinica Vantia,Meta Ads,Prospecting Social ES Q1,23.16,2297,33,0,0.0
07/03/2025,Clinica Vantia,Meta Ads,Retargeting Social ES Q1,13.9,1377,24,0,0.0
08/03/2025,Clinica Vantia,Meta Ads,Prospecting Social ES Q1,27.28,3556,37,1,881.97
08/03/2025,Clinica Vantia,Meta Ads,Retargeting Social ES Q1,16.37,2066,17,0,0.0
09/03/2025,Clinica Vantia,Meta Ads,Prospecting Social ES Q1,26.87,4286,59,0,0.0
09/03/2025,Clinica Vantia,Meta Ads,Retargeting Social ES Q1,16.12,2763,53,0,0.0
10/03/2025,Clinica Vantia,Meta Ads,Prospecting Social ES Q1,29.25,3448,39,0,0.0
10/03/2025,Clinica Vantia,Meta Ads,Retargeting Social ES Q1,17.55,2051,17,0,0.0
11/03/2025,Clinica Vantia,Meta Ads,Prospecting Social ES Q1,30.88,5182,74,1,1331.37
11/03/2025,Clinica Vantia,Meta Ads,Retargeting Social ES Q1,18.53,3186,33,1,933.08
12/03/2025,Clinica Vantia,Meta Ads,Prospecting Social ES Q1,21.51,2174,25,0,0.0
12/03/2025,Clinica Vantia,Meta Ads,Retargeting Social ES Q1,12.91,1297,14,0,0.0
13/03/2025,Clinica Vantia,Meta Ads,Prospecting Social ES Q1,26.64,2918,42,0,0.0
13/03/2025,Clinica Vantia,Meta Ads,Retargeting Social ES Q1,15.98,1729,32,0,0.0
14/03/2025,Clinica Vantia,Meta Ads,Prospecting Social ES Q1,27.19,2689,28,1,483.32
14/03/2025,Clinica Vantia,Meta Ads,Retargeting Social ES Q1,16.31,1580,7,0,0.0
15/03/2025,Clinica Vantia,Meta Ads,Prospecting Social ES Q1,26.3,3284,45,1,944.3
15/03/2025,Clinica Vantia,Meta Ads,Retargeting Social ES Q1,15.78,1983,27,0,0.0
16/03/2025,Clinica Vantia,Meta Ads,Prospecting Social ES Q1,25.77,4196,70,1,
16/03/2025,Clinica Vantia,Meta Ads,Retargeting Social ES Q1,15.46,2489,39,0,0.0
17/03/2025,Clinica Vantia,Meta Ads,Prospecting Social ES Q1,25.14,4662,49,1,685.99
17/03/2025,Clinica Vantia,Meta Ads,Retargeting Social ES Q1,15.09,2827,30,0,0.0
18/03/2025,Clinica Vantia,Meta Ads,Prospecting Social ES Q1,21.57,4242,25,0,0.0
18/03/2025,Clinica Vantia,Meta Ads,Retargeting Social ES Q1,12.94,2433,15,0,0.0
19/03/2025,Clinica Vantia,Meta Ads,Prospecting Social ES Q1,34.11,3327,45,0,0.0
19/03/2025,Clinica Vantia,Meta Ads,Retargeting Social ES Q1,20.46,2085,29,1,980.94
20/03/2025,Clinica Vantia,Meta Ads,Prospecting Social ES Q1,37.09,5548,86,2,2152.59
20/03/2025,Clinica Vantia,Meta Ads,Retargeting Social ES Q1,22.26,3242,56,1,950.92
21/03/2025,Clinica Vantia,Meta Ads,Prospecting Social ES Q1,33.02,3489,34,1,950.61
21/03/2025,Clinica Vantia,Meta Ads,Retargeting Social ES Q1,19.81,2014,24,0,0.0
22/03/2025,Clinica Vantia,Meta Ads,Prospecting Social ES Q1,23.28,2554,41,0,0.0
22/03/2025,Clinica Vantia,Meta Ads,Retargeting Social ES Q1,13.97,1512,34,1,751.07
23/03/2025,Clinica Vantia,Meta Ads,Prospecting Social ES Q1,24.25,3773,63,1,717.29
23/03/2025,Clinica Vantia,Meta Ads,Retargeting Social ES Q1,14.55,2306,32,1,755.4
24/03/2025,Clinica Vantia,Meta Ads,Prospecting Social ES Q1,26.47,3605,37,0,0.0
24/03/2025,Clinica Vantia,Meta Ads,Retargeting Social ES Q1,15.88,2135,25,0,0.0
25/03/2025,Clinica Vantia,Meta Ads,Prospecting Social ES Q1,21.4,2449,41,1,885.01
25/03/2025,Clinica Vantia,Meta Ads,Retargeting Social ES Q1,12.84,1542,32,1,865.69
26/03/2025,Clinica Vantia,Meta Ads,Prospecting Social ES Q1,25.16,3001,30,0,0.0
26/03/2025,Clinica Vantia,Meta Ads,Retargeting Social ES Q1,15.09,1745,12,0,0.0
27/03/2025,Clinica Vantia,Meta Ads,Prospecting Social ES Q1,24.62,3469,34,1,705.95
27/03/2025,Clinica Vantia,Meta Ads,Retargeting Social ES Q1,14.77,2106,17,0,0.0
28/03/2025,Clinica Vantia,Meta Ads,Prospecting Social ES Q1,27.07,2867,41,0,0.0
28/03/2025,Clinica Vantia,Meta Ads,Retargeting Social ES Q1,16.24,1702,25,0,0.0
29/03/2025,Clinica Vantia,Meta Ads,Prospecting Social ES Q1,22.81,2482,37,0,0.0
29/03/2025,Clinica Vantia,Meta Ads,Retargeting Social ES Q1,13.68,1551,30,1,658.15
30/03/2025,Clinica Vantia,Meta Ads,Prospecting Social ES Q1,22.8,3598,74,0,0.0
30/03/2025,Clinica Vantia,Meta Ads,Retargeting Social ES Q1,13.68,2160,40,1,848.84
31/03/2025,Clinica Vantia,Meta Ads,Prospecting Social ES Q1,21.64,2879,73,1,
31/03/2025,Clinica Vantia,Meta Ads,Retargeting Social ES Q1,12.98,1709,33,0,0.0
01/04/2025,Clinica Vantia,Meta Ads,Prospecting Social ES Q2,27.59,3192,63,1,821.9
01/04/2025,Clinica Vantia,Meta Ads,Retargeting Social ES Q2,16.55,1925,42,0,0.0
02/04/2025,Clinica Vantia,Meta Ads,Prospecting Social ES Q2,24.17,3024,57,0,0.0
02/04/2025,Clinica Vantia,Meta Ads,Retargeting Social ES Q2,14.5,1859,24,0,0.0
03/04/2025,Clinica Vantia,Meta Ads,Prospecting Social ES Q2,24.42,2974,30,0,0.0
03/04/2025,Clinica Vantia,Meta Ads,Retargeting Social ES Q2,14.65,1761,10,1,801.78
04/04/2025,Clinica Vantia,Meta Ads,Prospecting Social ES Q2,27.61,3293,27,2,2582.75
04/04/2025,Clinica Vantia,Meta Ads,Retargeting Social ES Q2,16.56,2032,19,0,0.0
05/04/2025,Clinica Vantia,Meta Ads,Prospecting Social ES Q2,21.79,2362,44,2,1858.77
05/04/2025,Clinica Vantia,Meta Ads,Retargeting Social ES Q2,13.07,1414,26,0,0.0
06/04/2025,Clinica Vantia,Meta Ads,Prospecting Social ES Q2,29.36,3681,38,0,0.0
06/04/2025,Clinica Vantia,Meta Ads,Retargeting Social ES Q2,17.61,2145,16,0,0.0
07/04/2025,Clinica Vantia,Meta Ads,Prospecting Social ES Q2,24.03,3666,70,2,1414.01
07/04/2025,Clinica Vantia,Meta Ads,Retargeting Social ES Q2,14.42,2203,43,1,972.97
08/04/2025,Clinica Vantia,Meta Ads,Prospecting Social ES Q2,17.41,1907,40,0,0.0
08/04/2025,Clinica Vantia,Meta Ads,Retargeting Social ES Q2,10.45,1165,17,1,743.14
09/04/2025,Clinica Vantia,Meta Ads,Prospecting Social ES Q2,19.6,1891,27,0,0.0
09/04/2025,Clinica Vantia,Meta Ads,Retargeting Social ES Q2,11.76,1194,18,2,1943.53
10/04/2025,Clinica Vantia,Meta Ads,Prospecting Social ES Q2,23.05,2385,45,2,1102.28
10/04/2025,Clinica Vantia,Meta Ads,Retargeting Social ES Q2,13.83,1434,21,1,1202.24
11/04/2025,Clinica Vantia,Meta Ads,Prospecting Social ES Q2,24.17,4294,56,4,2582.16
11/04/2025,Clinica Vantia,Meta Ads,Retargeting Social ES Q2,14.5,2640,37,1,812.07
12/04/2025,Clinica Vantia,Meta Ads,Prospecting Social ES Q2,24.25,3952,89,2,2066.93
12/04/2025,Clinica Vantia,Meta Ads,Retargeting Social ES Q2,14.55,2275,41,0,0.0
13/04/2025,Clinica Vantia,Meta Ads,Prospecting Social ES Q2,26.16,2798,46,2,1641.84
13/04/2025,Clinica Vantia,Meta Ads,Retargeting Social ES Q2,15.7,1655,31,1,988.44
14/04/2025,Clinica Vantia,Meta Ads,Prospecting Social ES Q2,29.53,3961,60,4,3597.7
14/04/2025,Clinica Vantia,Meta Ads,Retargeting Social ES Q2,17.72,2396,41,1,805.88
15/04/2025,Clinica Vantia,Meta Ads,Prospecting Social ES Q2,30.3,3185,46,1,907.02
15/04/2025,Clinica Vantia,Meta Ads,Retargeting Social ES Q2,18.18,1977,28,0,0.0
16/04/2025,Clinica Vantia,Meta Ads,Prospecting Social ES Q2,24.88,3237,27,0,0.0
16/04/2025,Clinica Vantia,Meta Ads,Retargeting Social ES Q2,14.93,1952,23,1,1188.86
17/04/2025,Clinica Vantia,Meta Ads,Prospecting Social ES Q2,24.5,2323,32,0,0.0
17/04/2025,Clinica Vantia,Meta Ads,Retargeting Social ES Q2,14.7,1367,11,1,838.19
18/04/2025,Clinica Vantia,Meta Ads,Prospecting Social ES Q2,20.95,2175,21,0,0.0
18/04/2025,Clinica Vantia,Meta Ads,Retargeting Social ES Q2,12.57,1349,12,0,0.0
19/04/2025,Clinica Vantia,Meta Ads,Prospecting Social ES Q2,25.87,4923,51,2,1637.0
19/04/2025,Clinica Vantia,Meta Ads,Retargeting Social ES Q2,15.52,2857,35,0,0.0
20/04/2025,Clinica Vantia,Meta Ads,Prospecting Social ES Q2,23.7,2635,25,0,0.0
20/04/2025,Clinica Vantia,Meta Ads,Retargeting Social ES Q2,14.22,1545,12,1,877.6
21/04/2025,Clinica Vantia,Meta Ads,Prospecting Social ES Q2,25.44,3939,63,1,652.45
21/04/2025,Clinica Vantia,Meta Ads,Retargeting Social ES Q2,15.27,2358,32,0,0.0
22/04/2025,Clinica Vantia,Meta Ads,Prospecting Social ES Q2,27.95,4447,42,1,760.79
22/04/2025,Clinica Vantia,Meta Ads,Retargeting Social ES Q2,16.77,2716,23,0,0.0
23/04/2025,Clinica Vantia,Meta Ads,Prospecting Social ES Q2,22.57,3256,34,1,936.3
23/04/2025,Clinica Vantia,Meta Ads,Retargeting Social ES Q2,13.54,1915,13,0,0.0
24/04/2025,Clinica Vantia,Meta Ads,Prospecting Social ES Q2,24.39,3084,51,0,0.0
24/04/2025,Clinica Vantia,Meta Ads,Retargeting Social ES Q2,14.63,1900,29,0,0.0
25/04/2025,Clinica Vantia,Meta Ads,Prospecting Social ES Q2,25.52,3249,31,1,962.55
25/04/2025,Clinica Vantia,Meta Ads,Retargeting Social ES Q2,15.31,1912,16,0,0.0
26/04/2025,Clinica Vantia,Meta Ads,Prospecting Social ES Q2,21.73,2581,46,1,946.17
26/04/2025,Clinica Vantia,Meta Ads,Retargeting Social ES Q2,13.04,1670,29,0,0.0
27/04/2025,Clinica Vantia,Meta Ads,Prospecting Social ES Q2,28.53,4765,61,1,862.24
27/04/2025,Clinica Vantia,Meta Ads,Retargeting Social ES Q2,17.12,2975,35,0,0.0
28/04/2025,Clinica Vantia,Meta Ads,Prospecting Social ES Q2,39.87,4234,30,1,584.57
28/04/2025,Clinica Vantia,Meta Ads,Retargeting Social ES Q2,23.92,2526,22,0,0.0
29/04/2025,Clinica Vantia,Meta Ads,Prospecting Social ES Q2,21.69,2258,21,1,708.69
29/04/2025,Clinica Vantia,Meta Ads,Retargeting Social ES Q2,13.01,1313,19,0,0.0
30/04/2025,Clinica Vantia,Meta Ads,Prospecting Social ES Q2,23.89,3674,55,2,2130.3
30/04/2025,Clinica Vantia,Meta Ads,Retargeting Social ES Q2,14.33,2143,35,3,2704.07
01/05/2025,Clinica Vantia,Meta Ads,Prospecting Social ES Q2,36.63,3653,75,1,839.17
01/05/2025,Clinica Vantia,Meta Ads,Retargeting Social ES Q2,21.98,2197,32,1,698.77
02/05/2025,Clinica Vantia,Meta Ads,Prospecting Social ES Q2,22.21,2598,44,2,1611.21
02/05/2025,Clinica Vantia,Meta Ads,Retargeting Social ES Q2,13.32,1499,16,0,0.0
03/05/2025,Clinica Vantia,Meta Ads,Prospecting Social ES Q2,24.61,2935,48,0,0.0
03/05/2025,Clinica Vantia,Meta Ads,Retargeting Social ES Q2,14.76,1729,28,1,930.7
04/05/2025,Clinica Vantia,Meta Ads,Prospecting Social ES Q2,25.4,2674,27,3,1382.91
04/05/2025,Clinica Vantia,Meta Ads,Retargeting Social ES Q2,15.24,1590,21,0,0.0
05/05/2025,Clinica Vantia,Meta Ads,Prospecting Social ES Q2,26.46,3076,42,1,737.12
05/05/2025,Clinica Vantia,Meta Ads,Retargeting Social ES Q2,15.87,1797,24,1,895.44
06/05/2025,Clinica Vantia,Meta Ads,Prospecting Social ES Q2,23.31,3762,44,1,783.19
06/05/2025,Clinica Vantia,Meta Ads,Retargeting Social ES Q2,13.99,2181,26,0,0.0
07/05/2025,Clinica Vantia,Meta Ads,Prospecting Social ES Q2,33.07,3338,39,1,667.58
07/05/2025,Clinica Vantia,Meta Ads,Retargeting Social ES Q2,19.84,1970,20,0,0.0
08/05/2025,Clinica Vantia,Meta Ads,Prospecting Social ES Q2,21.71,2563,43,2,1399.8
08/05/2025,Clinica Vantia,Meta Ads,Retargeting Social ES Q2,13.03,1496,24,0,0.0
09/05/2025,Clinica Vantia,Meta Ads,Prospecting Social ES Q2,20.59,3051,69,1,683.93
09/05/2025,Clinica Vantia,Meta Ads,Retargeting Social ES Q2,12.35,1893,30,1,912.51
10/05/2025,Clinica Vantia,Meta Ads,Prospecting Social ES Q2,20.72,3378,57,2,1697.13
10/05/2025,Clinica Vantia,Meta Ads,Retargeting Social ES Q2,12.43,2031,32,0,0.0
11/05/2025,Clinica Vantia,Meta Ads,Prospecting Social ES Q2,20.64,2057,11,0,0.0
11/05/2025,Clinica Vantia,Meta Ads,Retargeting Social ES Q2,12.39,1250,10,0,0.0
12/05/2025,Clinica Vantia,Meta Ads,Prospecting Social ES Q2,23.48,2785,40,2,
12/05/2025,Clinica Vantia,Meta Ads,Retargeting Social ES Q2,14.09,1724,19,0,0.0
13/05/2025,Clinica Vantia,Meta Ads,Prospecting Social ES Q2,17.46,1915,20,0,0.0
13/05/2025,Clinica Vantia,Meta Ads,Retargeting Social ES Q2,10.48,1126,10,0,0.0
14/05/2025,Clinica Vantia,Meta Ads,Prospecting Social ES Q2,26.44,4510,82,3,1831.27
14/05/2025,Clinica Vantia,Meta Ads,Retargeting Social ES Q2,15.86,2754,59,2,2034.03
15/05/2025,Clinica Vantia,Meta Ads,Prospecting Social ES Q2,35.66,5049,82,0,0.0
15/05/2025,Clinica Vantia,Meta Ads,Retargeting Social ES Q2,21.39,3086,54,0,0.0
16/05/2025,Clinica Vantia,Meta Ads,Prospecting Social ES Q2,26.56,3714,48,2,
16/05/2025,Clinica Vantia,Meta Ads,Retargeting Social ES Q2,15.93,2286,26,0,0.0
17/05/2025,Clinica Vantia,Meta Ads,Prospecting Social ES Q2,22.6,2121,33,0,0.0
17/05/2025,Clinica Vantia,Meta Ads,Retargeting Social ES Q2,13.56,1229,32,0,0.0
18/05/2025,Clinica Vantia,Meta Ads,Prospecting Social ES Q2,27.01,3945,55,1,753.94
18/05/2025,Clinica Vantia,Meta Ads,Retargeting Social ES Q2,16.21,2407,39,2,989.27
19/05/2025,Clinica Vantia,Meta Ads,Prospecting Social ES Q2,20.37,1884,23,0,0.0
19/05/2025,Clinica Vantia,Meta Ads,Retargeting Social ES Q2,12.22,1135,11,0,0.0
20/05/2025,Clinica Vantia,Meta Ads,Prospecting Social ES Q2,24.13,3124,30,0,0.0
20/05/2025,Clinica Vantia,Meta Ads,Retargeting Social ES Q2,14.48,1808,13,1,690.76
21/05/2025,Clinica Vantia,Meta Ads,Prospecting Social ES Q2,19.94,2423,28,0,0.0
21/05/2025,Clinica Vantia,Meta Ads,Retargeting Social ES Q2,11.96,1566,26,3,3450.35
22/05/2025,Clinica Vantia,Meta Ads,Prospecting Social ES Q2,19.34,2020,28,1,1037.73
22/05/2025,Clinica Vantia,Meta Ads,Retargeting Social ES Q2,11.6,1192,15,0,0.0
23/05/2025,Clinica Vantia,Meta Ads,Prospecting Social ES Q2,29.43,4444,45,1,1364.07
23/05/2025,Clinica Vantia,Meta Ads,Retargeting Social ES Q2,17.66,2712,39,1,863.08
24/05/2025,Clinica Vantia,Meta Ads,Prospecting Social ES Q2,23.32,3343,40,0,0.0
24/05/2025,Clinica Vantia,Meta Ads,Retargeting Social ES Q2,13.99,1923,29,2,
25/05/2025,Clinica Vantia,Meta Ads,Prospecting Social ES Q2,28.34,3513,54,2,2239.53
25/05/2025,Clinica Vantia,Meta Ads,Retargeting Social ES Q2,17.0,2072,32,1,757.07
26/05/2025,Clinica Vantia,Meta Ads,Prospecting Social ES Q2,24.74,2735,53,3,
26/05/2025,Clinica Vantia,Meta Ads,Retargeting Social ES Q2,14.85,1537,25,0,0.0
27/05/2025,Clinica Vantia,Meta Ads,Prospecting Social ES Q2,23.11,3197,59,0,0.0
27/05/2025,Clinica Vantia,Meta Ads,Retargeting Social ES Q2,13.87,1987,49,1,745.82
28/05/2025,Clinica Vantia,Meta Ads,Prospecting Social ES Q2,21.26,4087,69,2,2042.67
28/05/2025,Clinica Vantia,Meta Ads,Retargeting Social ES Q2,12.75,2533,47,0,0.0
29/05/2025,Clinica Vantia,Meta Ads,Prospecting Social ES Q2,27.94,3566,42,2,1389.01
29/05/2025,Clinica Vantia,Meta Ads,Retargeting Social ES Q2,16.77,2047,23,0,0.0
30/05/2025,Clinica Vantia,Meta Ads,Prospecting Social ES Q2,37.23,7161,150,3,2266.91
30/05/2025,Clinica Vantia,Meta Ads,Retargeting Social ES Q2,22.34,4484,83,3,2210.27
31/05/2025,Clinica Vantia,Meta Ads,Prospecting Social ES Q2,22.77,2890,51,0,0.0
31/05/2025,Clinica Vantia,Meta Ads,Retargeting Social ES Q2,13.66,1746,25,0,0.0
01/06/2025,Clinica Vantia,Meta Ads,Prospecting Social ES Q2,29.89,5419,105,4,3354.15
01/06/2025,Clinica Vantia,Meta Ads,Retargeting Social ES Q2,17.93,3348,66,2,2130.19
02/06/2025,Clinica Vantia,Meta Ads,Prospecting Social ES Q2,30.24,5952,85,4,2546.17
02/06/2025,Clinica Vantia,Meta Ads,Retargeting Social ES Q2,18.14,3476,49,0,0.0
03/06/2025,Clinica Vantia,Meta Ads,Prospecting Social ES Q2,25.91,2520,28,0,0.0
03/06/2025,Clinica Vantia,Meta Ads,Retargeting Social ES Q2,15.54,1491,15,0,0.0
04/06/2025,Clinica Vantia,Meta Ads,Prospecting Social ES Q2,24.6,4051,30,0,0.0
04/06/2025,Clinica Vantia,Meta Ads,Retargeting Social ES Q2,14.76,2400,26,0,0.0
05/06/2025,Clinica Vantia,Meta Ads,Prospecting Social ES Q2,23.54,4586,59,1,697.07
05/06/2025,Clinica Vantia,Meta Ads,Retargeting Social ES Q2,14.12,2814,42,0,0.0
06/06/2025,Clinica Vantia,Meta Ads,Prospecting Social ES Q2,25.81,3387,41,0,0.0
06/06/2025,Clinica Vantia,Meta Ads,Retargeting Social ES Q2,15.49,2117,19,0,0.0
07/06/2025,Clinica Vantia,Meta Ads,Prospecting Social ES Q2,24.21,2849,44,0,0.0
07/06/2025,Clinica Vantia,Meta Ads,Retargeting Social ES Q2,14.53,1818,27,0,0.0
08/06/2025,Clinica Vantia,Meta Ads,Prospecting Social ES Q2,18.1,3528,69,1,1026.07
08/06/2025,Clinica Vantia,Meta Ads,Retargeting Social ES Q2,10.86,2210,37,0,0.0
09/06/2025,Clinica Vantia,Meta Ads,Prospecting Social ES Q2,29.07,2674,53,0,0.0
09/06/2025,Clinica Vantia,Meta Ads,Retargeting Social ES Q2,17.44,1631,38,0,0.0
10/06/2025,Clinica Vantia,Meta Ads,Prospecting Social ES Q2,20.01,1725,16,0,0.0
10/06/2025,Clinica Vantia,Meta Ads,Retargeting Social ES Q2,12.0,1149,16,1,894.52
10/06/2025,Clinica Vantia,Meta Ads,Prospecting Social ES Q2,20.01,1725,16,0,0.0
10/06/2025,Clinica Vantia,Meta Ads,Retargeting Social ES Q2,12.0,1149,16,1,894.52
11/06/2025,Clinica Vantia,Meta Ads,Prospecting Social ES Q2,19.57,2632,27,0,0.0
11/06/2025,Clinica Vantia,Meta Ads,Retargeting Social ES Q2,11.74,1554,24,0,0.0
11/06/2025,Clinica Vantia,Meta Ads,Prospecting Social ES Q2,19.57,2632,27,0,0.0
11/06/2025,Clinica Vantia,Meta Ads,Retargeting Social ES Q2,11.74,1554,24,0,0.0
12/06/2025,Clinica Vantia,Meta Ads,Prospecting Social ES Q2,19.21,2913,58,2,2495.15
12/06/2025,Clinica Vantia,Meta Ads,Retargeting Social ES Q2,11.53,1719,25,0,0.0
12/06/2025,Clinica Vantia,Meta Ads,Prospecting Social ES Q2,19.21,2913,58,2,2495.15
12/06/2025,Clinica Vantia,Meta Ads,Retargeting Social ES Q2,11.53,1719,25,0,0.0
13/06/2025,Clinica Vantia,Meta Ads,Prospecting Social ES Q2,24.42,3142,61,4,2565.59
13/06/2025,Clinica Vantia,Meta Ads,Retargeting Social ES Q2,14.65,1945,40,2,2226.79
13/06/2025,Clinica Vantia,Meta Ads,Prospecting Social ES Q2,24.42,3142,61,4,2565.59
13/06/2025,Clinica Vantia,Meta Ads,Retargeting Social ES Q2,14.65,1945,40,2,2226.79
14/06/2025,Clinica Vantia,Meta Ads,Prospecting Social ES Q2,26.2,2447,53,1,1102.39
14/06/2025,Clinica Vantia,Meta Ads,Retargeting Social ES Q2,15.72,1405,33,2,
14/06/2025,Clinica Vantia,Meta Ads,Prospecting Social ES Q2,26.2,2447,53,1,1102.39
14/06/2025,Clinica Vantia,Meta Ads,Retargeting Social ES Q2,15.72,1405,33,2,
15/06/2025,Clinica Vantia,Meta Ads,Prospecting Social ES Q2,23.62,2330,22,1,860.1
15/06/2025,Clinica Vantia,Meta Ads,Retargeting Social ES Q2,14.17,1370,13,0,0.0
15/06/2025,Clinica Vantia,Meta Ads,Prospecting Social ES Q2,23.62,2330,22,1,860.1
15/06/2025,Clinica Vantia,Meta Ads,Retargeting Social ES Q2,14.17,1370,13,0,0.0
16/06/2025,Clinica Vantia,Meta Ads,Prospecting Social ES Q2,20.2,3554,55,1,888.47
16/06/2025,Clinica Vantia,Meta Ads,Retargeting Social ES Q2,12.12,2079,21,2,1446.63
16/06/2025,Clinica Vantia,Meta Ads,Prospecting Social ES Q2,20.2,3554,55,1,888.47
16/06/2025,Clinica Vantia,Meta Ads,Retargeting Social ES Q2,12.12,2079,21,2,1446.63
17/06/2025,Clinica Vantia,Meta Ads,Prospecting Social ES Q2,22.17,3749,58,1,749.48
17/06/2025,Clinica Vantia,Meta Ads,Retargeting Social ES Q2,13.3,2277,38,0,0.0
17/06/2025,Clinica Vantia,Meta Ads,Prospecting Social ES Q2,22.17,3749,58,1,749.48
17/06/2025,Clinica Vantia,Meta Ads,Retargeting Social ES Q2,13.3,2277,38,0,0.0
18/06/2025,Clinica Vantia,Meta Ads,Prospecting Social ES Q2,28.43,3160,47,1,1328.77
18/06/2025,Clinica Vantia,Meta Ads,Retargeting Social ES Q2,17.06,1982,26,1,450.46
18/06/2025,Clinica Vantia,Meta Ads,Prospecting Social ES Q2,28.43,3160,47,1,1328.77
18/06/2025,Clinica Vantia,Meta Ads,Retargeting Social ES Q2,17.06,1982,26,1,450.46
19/06/2025,Clinica Vantia,Meta Ads,Prospecting Social ES Q2,31.34,3412,52,1,755.61
19/06/2025,Clinica Vantia,Meta Ads,Retargeting Social ES Q2,18.8,2119,39,2,2425.48
19/06/2025,Clinica Vantia,Meta Ads,Prospecting Social ES Q2,31.34,3412,52,1,755.61
19/06/2025,Clinica Vantia,Meta Ads,Retargeting Social ES Q2,18.8,2119,39,2,2425.48
20/06/2025,Clinica Vantia,Meta Ads,Prospecting Social ES Q2,20.33,4041,55,0,0.0
20/06/2025,Clinica Vantia,Meta Ads,Retargeting Social ES Q2,12.2,2476,27,0,0.0
21/06/2025,Clinica Vantia,Meta Ads,Prospecting Social ES Q2,25.27,4569,52,1,1117.13
21/06/2025,Clinica Vantia,Meta Ads,Retargeting Social ES Q2,15.16,2709,34,1,803.97
22/06/2025,Clinica Vantia,Meta Ads,Prospecting Social ES Q2,28.76,5056,66,2,1758.86
22/06/2025,Clinica Vantia,Meta Ads,Retargeting Social ES Q2,17.26,3097,25,0,0.0
23/06/2025,Clinica Vantia,Meta Ads,Prospecting Social ES Q2,21.54,2070,24,0,0.0
23/06/2025,Clinica Vantia,Meta Ads,Retargeting Social ES Q2,12.92,1237,17,0,0.0
24/06/2025,Clinica Vantia,Meta Ads,Prospecting Social ES Q2,26.54,3761,60,1,882.57
24/06/2025,Clinica Vantia,Meta Ads,Retargeting Social ES Q2,15.92,2326,35,0,0.0
25/06/2025,Clinica Vantia,Meta Ads,Prospecting Social ES Q2,22.69,4023,30,0,0.0
25/06/2025,Clinica Vantia,Meta Ads,Retargeting Social ES Q2,13.62,2515,23,1,1276.33
26/06/2025,Clinica Vantia,Meta Ads,Prospecting Social ES Q2,30.11,4148,69,3,3337.44
26/06/2025,Clinica Vantia,Meta Ads,Retargeting Social ES Q2,18.07,2475,42,2,1206.91
27/06/2025,Clinica Vantia,Meta Ads,Prospecting Social ES Q2,27.45,3671,50,1,909.97
27/06/2025,Clinica Vantia,Meta Ads,Retargeting Social ES Q2,16.47,2238,18,0,0.0
28/06/2025,Clinica Vantia,Meta Ads,Prospecting Social ES Q2,21.8,2988,57,0,0.0
28/06/2025,Clinica Vantia,Meta Ads,Retargeting Social ES Q2,13.08,1821,32,1,882.11
29/06/2025,Clinica Vantia,Meta Ads,Prospecting Social ES Q2,18.65,2176,42,1,631.58
29/06/2025,Clinica Vantia,Meta Ads,Retargeting Social ES Q2,11.19,1383,19,0,0.0
30/06/2025,Clinica Vantia,Meta Ads,Prospecting Social ES Q2,21.53,3469,53,1,1229.88
30/06/2025,Clinica Vantia,Meta Ads,Retargeting Social ES Q2,12.92,2053,39,0,0.0
01/07/2025,Clinica Vantia,Meta Ads,Prospecting Social ES Q3,23.36,2388,53,0,0.0
01/07/2025,Clinica Vantia,Meta Ads,Retargeting Social ES Q3,14.02,1497,26,0,0.0
02/07/2025,Clinica Vantia,Meta Ads,Prospecting Social ES Q3,24.11,2661,48,2,1852.85
02/07/2025,Clinica Vantia,Meta Ads,Retargeting Social ES Q3,14.47,1602,35,2,2159.52
03/07/2025,Clinica Vantia,Meta Ads,Prospecting Social ES Q3,22.62,2158,38,1,878.43
03/07/2025,Clinica Vantia,Meta Ads,Retargeting Social ES Q3,13.57,1232,23,0,0.0
04/07/2025,Clinica Vantia,Meta Ads,Prospecting Social ES Q3,29.67,2969,44,0,0.0
04/07/2025,Clinica Vantia,Meta Ads,Retargeting Social ES Q3,17.8,1711,25,0,0.0
05/07/2025,Clinica Vantia,Meta Ads,Prospecting Social ES Q3,29.95,3636,75,1,
05/07/2025,Clinica Vantia,Meta Ads,Retargeting Social ES Q3,17.97,2188,50,1,403.69
06/07/2025,Clinica Vantia,Meta Ads,Prospecting Social ES Q3,27.7,3755,61,0,0.0
06/07/2025,Clinica Vantia,Meta Ads,Retargeting Social ES Q3,16.62,2270,42,0,0.0
07/07/2025,Clinica Vantia,Meta Ads,Prospecting Social ES Q3,26.24,4222,73,2,1375.56
07/07/2025,Clinica Vantia,Meta Ads,Retargeting Social ES Q3,15.75,2614,32,0,0.0
08/07/2025,Clinica Vantia,Meta Ads,Prospecting Social ES Q3,24.34,2487,35,1,994.95
08/07/2025,Clinica Vantia,Meta Ads,Retargeting Social ES Q3,14.61,1543,32,0,0.0
09/07/2025,Clinica Vantia,Meta Ads,Prospecting Social ES Q3,25.59,2928,40,2,1425.37
09/07/2025,Clinica Vantia,Meta Ads,Retargeting Social ES Q3,15.35,1662,22,0,0.0
10/07/2025,Clinica Vantia,Meta Ads,Prospecting Social ES Q3,21.36,2168,25,1,938.59
10/07/2025,Clinica Vantia,Meta Ads,Retargeting Social ES Q3,12.82,1246,23,2,1569.33
11/07/2025,Clinica Vantia,Meta Ads,Prospecting Social ES Q3,22.79,3782,69,0,0.0
11/07/2025,Clinica Vantia,Meta Ads,Retargeting Social ES Q3,13.67,2365,46,2,1708.35
12/07/2025,Clinica Vantia,Meta Ads,Prospecting Social ES Q3,28.0,4645,64,2,1017.02
12/07/2025,Clinica Vantia,Meta Ads,Retargeting Social ES Q3,16.8,2804,36,0,0.0
13/07/2025,Clinica Vantia,Meta Ads,Prospecting Social ES Q3,21.61,3975,45,0,0.0
13/07/2025,Clinica Vantia,Meta Ads,Retargeting Social ES Q3,12.97,2334,22,0,0.0
14/07/2025,Clinica Vantia,Meta Ads,Prospecting Social ES Q3,19.06,2772,25,2,2090.19
14/07/2025,Clinica Vantia,Meta Ads,Retargeting Social ES Q3,11.44,1740,13,0,0.0
15/07/2025,Clinica Vantia,Meta Ads,Prospecting Social ES Q3,27.09,4472,93,3,3336.06
15/07/2025,Clinica Vantia,Meta Ads,Retargeting Social ES Q3,16.25,2642,49,1,
16/07/2025,Clinica Vantia,Meta Ads,Prospecting Social ES Q3,19.74,4010,31,0,0.0
16/07/2025,Clinica Vantia,Meta Ads,Retargeting Social ES Q3,11.84,2395,21,0,0.0
17/07/2025,Clinica Vantia,Meta Ads,Prospecting Social ES Q3,27.82,5298,37,1,691.52
17/07/2025,Clinica Vantia,Meta Ads,Retargeting Social ES Q3,16.69,3037,37,0,0.0
18/07/2025,Clinica Vantia,Meta Ads,Prospecting Social ES Q3,20.84,2423,36,3,2426.69
18/07/2025,Clinica Vantia,Meta Ads,Retargeting Social ES Q3,12.51,1424,22,1,748.87
19/07/2025,Clinica Vantia,Meta Ads,Prospecting Social ES Q3,22.26,2486,40,0,0.0
19/07/2025,Clinica Vantia,Meta Ads,Retargeting Social ES Q3,13.36,1507,19,0,0.0
20/07/2025,Clinica Vantia,Meta Ads,Prospecting Social ES Q3,23.57,2351,43,0,0.0
20/07/2025,Clinica Vantia,Meta Ads,Retargeting Social ES Q3,14.14,1376,30,0,0.0
21/07/2025,Clinica Vantia,Meta Ads,Prospecting Social ES Q3,29.79,4161,87,0,0.0
21/07/2025,Clinica Vantia,Meta Ads,Retargeting Social ES Q3,17.87,2441,40,2,1508.91
22/07/2025,Clinica Vantia,Meta Ads,Prospecting Social ES Q3,26.86,2568,24,1,1009.7
22/07/2025,Clinica Vantia,Meta Ads,Retargeting Social ES Q3,16.11,1475,10,0,0.0
23/07/2025,Clinica Vantia,Meta Ads,Prospecting Social ES Q3,18.22,1934,31,1,1080.69
23/07/2025,Clinica Vantia,Meta Ads,Retargeting Social ES Q3,10.93,1092,18,1,735.94
24/07/2025,Clinica Vantia,Meta Ads,Prospecting Social ES Q3,27.04,3262,51,2,1308.39
24/07/2025,Clinica Vantia,Meta Ads,Retargeting Social ES Q3,16.22,1965,39,0,0.0
25/07/2025,Clinica Vantia,Meta Ads,Prospecting Social ES Q3,31.63,3854,54,1,706.55
25/07/2025,Clinica Vantia,Meta Ads,Retargeting Social ES Q3,18.98,2341,38,0,0.0
26/07/2025,Clinica Vantia,Meta Ads,Prospecting Social ES Q3,21.43,1961,22,1,462.3
26/07/2025,Clinica Vantia,Meta Ads,Retargeting Social ES Q3,12.86,1144,18,1,884.64
27/07/2025,Clinica Vantia,Meta Ads,Prospecting Social ES Q3,36.47,4439,39,0,0.0
27/07/2025,Clinica Vantia,Meta Ads,Retargeting Social ES Q3,21.88,2640,23,0,0.0
28/07/2025,Clinica Vantia,Meta Ads,Prospecting Social ES Q3,25.7,2777,25,0,0.0
28/07/2025,Clinica Vantia,Meta Ads,Retargeting Social ES Q3,15.42,1698,16,0,0.0
29/07/2025,Clinica Vantia,Meta Ads,Prospecting Social ES Q3,27.5,2642,35,0,0.0
29/07/2025,Clinica Vantia,Meta Ads,Retargeting Social ES Q3,16.5,1633,22,0,0.0
30/07/2025,Clinica Vantia,Meta Ads,Prospecting Social ES Q3,29.97,2866,56,1,773.72
30/07/2025,Clinica Vantia,Meta Ads,Retargeting Social ES Q3,17.98,1683,28,0,0.0
31/07/2025,Clinica Vantia,Meta Ads,Prospecting Social ES Q3,23.69,4453,55,0,0.0
31/07/2025,Clinica Vantia,Meta Ads,Retargeting Social ES Q3,14.21,2727,29,0,0.0
01/08/2025,Clinica Vantia,Meta Ads,Prospecting Social ES Q3,29.61,4317,41,3,2681.33
01/08/2025,Clinica Vantia,Meta Ads,Retargeting Social ES Q3,17.77,2588,34,1,878.52
02/08/2025,Clinica Vantia,Meta Ads,Prospecting Social ES Q3,21.2,3162,23,0,0.0
02/08/2025,Clinica Vantia,Meta Ads,Retargeting Social ES Q3,12.72,1869,30,1,715.09
03/08/2025,Clinica Vantia,Meta Ads,Prospecting Social ES Q3,20.58,3156,28,0,0.0
03/08/2025,Clinica Vantia,Meta Ads,Retargeting Social ES Q3,12.35,1783,21,0,0.0
04/08/2025,Clinica Vantia,Meta Ads,Prospecting Social ES Q3,26.77,3055,45,0,0.0
04/08/2025,Clinica Vantia,Meta Ads,Retargeting Social ES Q3,16.06,1902,28,1,925.48
05/08/2025,Clinica Vantia,Meta Ads,Prospecting Social ES Q3,28.11,3794,71,2,2297.28
05/08/2025,Clinica Vantia,Meta Ads,Retargeting Social ES Q3,16.87,2366,41,0,0.0
06/08/2025,Clinica Vantia,Meta Ads,Prospecting Social ES Q3,27.02,3966,78,1,1119.26
06/08/2025,Clinica Vantia,Meta Ads,Retargeting Social ES Q3,16.21,2412,42,0,0.0
07/08/2025,Clinica Vantia,Meta Ads,Prospecting Social ES Q3,28.91,2958,47,1,944.04
07/08/2025,Clinica Vantia,Meta Ads,Retargeting Social ES Q3,17.34,1728,36,1,1147.06
08/08/2025,Clinica Vantia,Meta Ads,Prospecting Social ES Q3,25.66,4719,72,4,3312.46
08/08/2025,Clinica Vantia,Meta Ads,Retargeting Social ES Q3,15.4,2902,38,0,0.0
09/08/2025,Clinica Vantia,Meta Ads,Prospecting Social ES Q3,24.18,2963,30,1,
09/08/2025,Clinica Vantia,Meta Ads,Retargeting Social ES Q3,14.51,1819,16,2,1549.43
10/08/2025,Clinica Vantia,Meta Ads,Prospecting Social ES Q3,21.8,2169,52,0,0.0
10/08/2025,Clinica Vantia,Meta Ads,Retargeting Social ES Q3,13.08,1205,14,0,0.0
11/08/2025,Clinica Vantia,Meta Ads,Prospecting Social ES Q3,28.64,5422,89,0,0.0
11/08/2025,Clinica Vantia,Meta Ads,Retargeting Social ES Q3,17.18,3395,69,2,1326.69
12/08/2025,Clinica Vantia,Meta Ads,Prospecting Social ES Q3,27.54,5331,77,1,745.53
12/08/2025,Clinica Vantia,Meta Ads,Retargeting Social ES Q3,16.52,3164,46,1,1074.11
13/08/2025,Clinica Vantia,Meta Ads,Prospecting Social ES Q3,22.88,3520,58,1,849.43
13/08/2025,Clinica Vantia,Meta Ads,Retargeting Social ES Q3,13.73,1984,28,2,1377.83
14/08/2025,Clinica Vantia,Meta Ads,Prospecting Social ES Q3,26.67,2414,21,1,772.46
14/08/2025,Clinica Vantia,Meta Ads,Retargeting Social ES Q3,16.0,1534,25,0,0.0
15/08/2025,Clinica Vantia,Meta Ads,Prospecting Social ES Q3,22.41,3238,38,1,1059.07
15/08/2025,Clinica Vantia,Meta Ads,Retargeting Social ES Q3,13.45,2044,21,0,0.0
16/08/2025,Clinica Vantia,Meta Ads,Prospecting Social ES Q3,33.66,4463,55,1,1127.28
16/08/2025,Clinica Vantia,Meta Ads,Retargeting Social ES Q3,20.2,2528,37,0,0.0
17/08/2025,Clinica Vantia,Meta Ads,Prospecting Social ES Q3,25.07,2937,43,1,
17/08/2025,Clinica Vantia,Meta Ads,Retargeting Social ES Q3,15.04,1805,28,2,1349.25
18/08/2025,Clinica Vantia,Meta Ads,Prospecting Social ES Q3,27.32,5249,81,2,2315.3
18/08/2025,Clinica Vantia,Meta Ads,Retargeting Social ES Q3,16.39,3214,70,2,2285.51
19/08/2025,Clinica Vantia,Meta Ads,Prospecting Social ES Q3,26.59,3632,82,2,1350.4
19/08/2025,Clinica Vantia,Meta Ads,Retargeting Social ES Q3,15.95,2085,39,2,2119.46
20/08/2025,Clinica Vantia,Meta Ads,Prospecting Social ES Q3,26.96,5004,71,0,0.0
20/08/2025,Clinica Vantia,Meta Ads,Retargeting Social ES Q3,16.18,2983,50,1,796.05
21/08/2025,Clinica Vantia,Meta Ads,Prospecting Social ES Q3,28.08,5443,88,1,893.56
21/08/2025,Clinica Vantia,Meta Ads,Retargeting Social ES Q3,16.85,3251,62,3,3314.67
22/08/2025,Clinica Vantia,Meta Ads,Prospecting Social ES Q3,26.4,3331,78,3,3040.2
22/08/2025,Clinica Vantia,Meta Ads,Retargeting Social ES Q3,15.84,2054,34,0,0.0
23/08/2025,Clinica Vantia,Meta Ads,Prospecting Social ES Q3,24.79,3148,63,3,2799.55
23/08/2025,Clinica Vantia,Meta Ads,Retargeting Social ES Q3,14.87,1858,51,1,889.78
24/08/2025,Clinica Vantia,Meta Ads,Prospecting Social ES Q3,31.84,5277,96,2,1733.37
24/08/2025,Clinica Vantia,Meta Ads,Retargeting Social ES Q3,19.1,3203,64,2,1459.8
25/08/2025,Clinica Vantia,Meta Ads,Prospecting Social ES Q3,31.47,3663,64,2,1339.58
25/08/2025,Clinica Vantia,Meta Ads,Retargeting Social ES Q3,18.88,2346,53,0,0.0
26/08/2025,Clinica Vantia,Meta Ads,Prospecting Social ES Q3,22.42,2075,37,1,808.71
26/08/2025,Clinica Vantia,Meta Ads,Retargeting Social ES Q3,13.45,1260,21,0,0.0
27/08/2025,Clinica Vantia,Meta Ads,Prospecting Social ES Q3,29.06,3059,48,0,0.0
27/08/2025,Clinica Vantia,Meta Ads,Retargeting Social ES Q3,17.43,1739,17,0,0.0
28/08/2025,Clinica Vantia,Meta Ads,Prospecting Social ES Q3,28.26,4042,38,0,0.0
28/08/2025,Clinica Vantia,Meta Ads,Retargeting Social ES Q3,16.95,2364,32,1,763.2
29/08/2025,Clinica Vantia,Meta Ads,Prospecting Social ES Q3,17.69,2279,34,0,0.0
29/08/2025,Clinica Vantia,Meta Ads,Retargeting Social ES Q3,10.62,1428,17,1,904.66
30/08/2025,Clinica Vantia,Meta Ads,Prospecting Social ES Q3,19.11,2529,42,1,479.31
30/08/2025,Clinica Vantia,Meta Ads,Retargeting Social ES Q3,11.46,1545,28,1,893.85
31/08/2025,Clinica Vantia,Meta Ads,Prospecting Social ES Q3,23.11,3067,20,0,0.0
31/08/2025,Clinica Vantia,Meta Ads,Retargeting Social ES Q3,13.87,1847,16,0,0.0
01/09/2025,Clinica Vantia,Meta Ads,Prospecting Social ES Q3,29.22,2809,55,1,742.61
01/09/2025,Clinica Vantia,Meta Ads,Retargeting Social ES Q3,17.53,1663,29,0,0.0
02/09/2025,Clinica Vantia,Meta Ads,Prospecting Social ES Q3,42.65,7839,60,0,0.0
02/09/2025,Clinica Vantia,Meta Ads,Retargeting Social ES Q3,25.59,4711,45,1,1237.61
03/09/2025,Clinica Vantia,Meta Ads,Prospecting Social ES Q3,29.3,3512,60,1,723.28
03/09/2025,Clinica Vantia,Meta Ads,Retargeting Social ES Q3,17.58,2030,25,1,653.43
04/09/2025,Clinica Vantia,Meta Ads,Prospecting Social ES Q3,34.32,4660,51,1,608.09
04/09/2025,Clinica Vantia,Meta Ads,Retargeting Social ES Q3,20.59,2665,33,1,1070.65
05/09/2025,Clinica Vantia,Meta Ads,Prospecting Social ES Q3,34.74,3639,39,2,1981.31
05/09/2025,Clinica Vantia,Meta Ads,Retargeting Social ES Q3,20.85,2196,29,1,755.47
06/09/2025,Clinica Vantia,Meta Ads,Prospecting Social ES Q3,32.16,2958,58,2,
06/09/2025,Clinica Vantia,Meta Ads,Retargeting Social ES Q3,19.3,1695,29,0,0.0
07/09/2025,Clinica Vantia,Meta Ads,Prospecting Social ES Q3,34.17,5271,74,0,0.0
07/09/2025,Clinica Vantia,Meta Ads,Retargeting Social ES Q3,20.5,3121,55,0,0.0
08/09/2025,Clinica Vantia,Meta Ads,Prospecting Social ES Q3,34.63,3683,55,0,0.0
08/09/2025,Clinica Vantia,Meta Ads,Retargeting Social ES Q3,20.78,2152,34,1,551.29
09/09/2025,Clinica Vantia,Meta Ads,Prospecting Social ES Q3,33.73,4181,44,0,0.0
09/09/2025,Clinica Vantia,Meta Ads,Retargeting Social ES Q3,20.24,2462,22,0,0.0
10/09/2025,Clinica Vantia,Meta Ads,Prospecting Social ES Q3,37.47,4274,45,1,1184.25
10/09/2025,Clinica Vantia,Meta Ads,Retargeting Social ES Q3,22.48,2643,24,0,0.0
11/09/2025,Clinica Vantia,Meta Ads,Prospecting Social ES Q3,32.37,4822,38,1,1042.43
11/09/2025,Clinica Vantia,Meta Ads,Retargeting Social ES Q3,19.42,2795,24,1,1800.08
12/09/2025,Clinica Vantia,Meta Ads,Prospecting Social ES Q3,40.81,6014,104,1,795.28
12/09/2025,Clinica Vantia,Meta Ads,Retargeting Social ES Q3,24.48,3515,64,2,2203.62
13/09/2025,Clinica Vantia,Meta Ads,Prospecting Social ES Q3,34.35,3839,81,0,0.0
13/09/2025,Clinica Vantia,Meta Ads,Retargeting Social ES Q3,20.61,2228,49,1,802.53
14/09/2025,Clinica Vantia,Meta Ads,Prospecting Social ES Q3,36.69,4927,46,0,0.0
14/09/2025,Clinica Vantia,Meta Ads,Retargeting Social ES Q3,22.01,2977,22,1,1019.63
15/09/2025,Clinica Vantia,Meta Ads,Prospecting Social ES Q3,32.82,5865,69,2,1425.91
15/09/2025,Clinica Vantia,Meta Ads,Retargeting Social ES Q3,19.69,3539,41,1,1057.16
16/09/2025,Clinica Vantia,Meta Ads,Prospecting Social ES Q3,46.53,7047,68,1,799.72
16/09/2025,Clinica Vantia,Meta Ads,Retargeting Social ES Q3,27.92,4329,50,0,0.0
17/09/2025,Clinica Vantia,Meta Ads,Prospecting Social ES Q3,34.28,4736,49,0,0.0
17/09/2025,Clinica Vantia,Meta Ads,Retargeting Social ES Q3,20.57,2820,22,1,942.83
18/09/2025,Clinica Vantia,Meta Ads,Prospecting Social ES Q3,34.18,3205,28,1,1113.09
18/09/2025,Clinica Vantia,Meta Ads,Retargeting Social ES Q3,20.51,2012,20,3,2431.07
19/09/2025,Clinica Vantia,Meta Ads,Prospecting Social ES Q3,40.41,4338,58,0,0.0
19/09/2025,Clinica Vantia,Meta Ads,Retargeting Social ES Q3,24.24,2654,30,0,0.0
20/09/2025,Clinica Vantia,Meta Ads,Prospecting Social ES Q3,37.76,3934,32,0,0.0
20/09/2025,Clinica Vantia,Meta Ads,Retargeting Social ES Q3,22.65,2355,21,2,1926.2
21/09/2025,Clinica Vantia,Meta Ads,Prospecting Social ES Q3,39.66,3979,48,0,0.0
21/09/2025,Clinica Vantia,Meta Ads,Retargeting Social ES Q3,23.8,2416,28,0,0.0
22/09/2025,Clinica Vantia,Meta Ads,Prospecting Social ES Q3,31.72,3303,26,0,0.0
22/09/2025,Clinica Vantia,Meta Ads,Retargeting Social ES Q3,19.03,1944,17,0,0.0
23/09/2025,Clinica Vantia,Meta Ads,Prospecting Social ES Q3,45.19,5563,95,3,1762.56
23/09/2025,Clinica Vantia,Meta Ads,Retargeting Social ES Q3,27.12,3319,57,2,896.31
24/09/2025,Clinica Vantia,Meta Ads,Prospecting Social ES Q3,33.29,3883,31,1,693.47
24/09/2025,Clinica Vantia,Meta Ads,Retargeting Social ES Q3,19.97,2282,27,0,0.0
25/09/2025,Clinica Vantia,Meta Ads,Prospecting Social ES Q3,35.49,6033,82,2,
25/09/2025,Clinica Vantia,Meta Ads,Retargeting Social ES Q3,21.29,3637,70,0,0.0
26/09/2025,Clinica Vantia,Meta Ads,Prospecting Social ES Q3,34.72,3186,61,4,3980.27
26/09/2025,Clinica Vantia,Meta Ads,Retargeting Social ES Q3,20.83,1944,34,2,1729.04
27/09/2025,Clinica Vantia,Meta Ads,Prospecting Social ES Q3,45.5,8812,138,4,3301.66
27/09/2025,Clinica Vantia,Meta Ads,Retargeting Social ES Q3,27.3,5383,97,1,859.23
28/09/2025,Clinica Vantia,Meta Ads,Prospecting Social ES Q3,44.09,4162,42,0,0.0
28/09/2025,Clinica Vantia,Meta Ads,Retargeting Social ES Q3,26.45,2546,13,0,0.0
29/09/2025,Clinica Vantia,Meta Ads,Prospecting Social ES Q3,47.96,5238,58,2,
29/09/2025,Clinica Vantia,Meta Ads,Retargeting Social ES Q3,28.77,3081,28,2,1436.45
30/09/2025,Clinica Vantia,Meta Ads,Prospecting Social ES Q3,40.8,4200,54,0,0.0
30/09/2025,Clinica Vantia,Meta Ads,Retargeting Social ES Q3,24.48,2617,23,0,0.0
01/10/2025,Clinica Vantia,Meta Ads,Prospecting Social ES Q4,18.9,3039,33,0,0.0
01/10/2025,Clinica Vantia,Meta Ads,Retargeting Social ES Q4,11.34,1774,23,0,0.0
02/10/2025,Clinica Vantia,Meta Ads,Prospecting Social ES Q4,22.91,3196,45,0,0.0
02/10/2025,Clinica Vantia,Meta Ads,Retargeting Social ES Q4,13.75,1863,45,1,1060.76
03/10/2025,Clinica Vantia,Meta Ads,Prospecting Social ES Q4,27.08,3640,50,1,1100.72
03/10/2025,Clinica Vantia,Meta Ads,Retargeting Social ES Q4,16.25,2209,27,1,629.14
04/10/2025,Clinica Vantia,Meta Ads,Prospecting Social ES Q4,22.55,2153,29,0,0.0
04/10/2025,Clinica Vantia,Meta Ads,Retargeting Social ES Q4,13.53,1384,18,0,0.0
05/10/2025,Clinica Vantia,Meta Ads,Prospecting Social ES Q4,27.74,3518,72,1,779.31
05/10/2025,Clinica Vantia,Meta Ads,Retargeting Social ES Q4,16.65,2041,24,1,1097.36
06/10/2025,Clinica Vantia,Meta Ads,Prospecting Social ES Q4,24.72,2375,35,0,0.0
06/10/2025,Clinica Vantia,Meta Ads,Retargeting Social ES Q4,14.83,1354,36,1,848.23
07/10/2025,Clinica Vantia,Meta Ads,Prospecting Social ES Q4,31.48,4814,80,1,715.89
07/10/2025,Clinica Vantia,Meta Ads,Retargeting Social ES Q4,18.89,2855,43,0,0.0
08/10/2025,Clinica Vantia,Meta Ads,Prospecting Social ES Q4,29.28,2917,34,1,969.28
08/10/2025,Clinica Vantia,Meta Ads,Retargeting Social ES Q4,17.57,1772,21,0,0.0
09/10/2025,Clinica Vantia,Meta Ads,Prospecting Social ES Q4,21.0,2319,45,1,684.3
09/10/2025,Clinica Vantia,Meta Ads,Retargeting Social ES Q4,12.6,1372,21,0,0.0
10/10/2025,Clinica Vantia,Meta Ads,Prospecting Social ES Q4,21.83,3465,34,0,0.0
10/10/2025,Clinica Vantia,Meta Ads,Retargeting Social ES Q4,13.1,2141,32,1,1247.47
11/10/2025,Clinica Vantia,Meta Ads,Prospecting Social ES Q4,26.03,2449,18,0,0.0
11/10/2025,Clinica Vantia,Meta Ads,Retargeting Social ES Q4,15.62,1492,17,0,0.0
12/10/2025,Clinica Vantia,Meta Ads,Prospecting Social ES Q4,25.69,4598,97,2,1406.54
12/10/2025,Clinica Vantia,Meta Ads,Retargeting Social ES Q4,15.42,2721,52,2,1912.84
13/10/2025,Clinica Vantia,Meta Ads,Prospecting Social ES Q4,21.92,2581,30,0,0.0
13/10/2025,Clinica Vantia,Meta Ads,Retargeting Social ES Q4,13.15,1502,18,1,1224.51
14/10/2025,Clinica Vantia,Meta Ads,Prospecting Social ES Q4,28.4,3418,84,0,0.0
14/10/2025,Clinica Vantia,Meta Ads,Retargeting Social ES Q4,17.04,1985,40,0,0.0
15/10/2025,Clinica Vantia,Meta Ads,Prospecting Social ES Q4,25.68,3276,47,1,
15/10/2025,Clinica Vantia,Meta Ads,Retargeting Social ES Q4,15.41,1961,25,1,739.12
16/10/2025,Clinica Vantia,Meta Ads,Prospecting Social ES Q4,19.54,1996,21,0,0.0
16/10/2025,Clinica Vantia,Meta Ads,Retargeting Social ES Q4,11.72,1221,11,0,0.0
17/10/2025,Clinica Vantia,Meta Ads,Prospecting Social ES Q4,25.1,2338,23,0,0.0
17/10/2025,Clinica Vantia,Meta Ads,Retargeting Social ES Q4,15.06,1417,13,0,0.0
18/10/2025,Clinica Vantia,Meta Ads,Prospecting Social ES Q4,28.11,3077,38,0,0.0
18/10/2025,Clinica Vantia,Meta Ads,Retargeting Social ES Q4,16.87,1923,30,0,0.0
19/10/2025,Clinica Vantia,Meta Ads,Prospecting Social ES Q4,20.38,3680,63,0,0.0
19/10/2025,Clinica Vantia,Meta Ads,Retargeting Social ES Q4,12.23,2319,34,1,1151.11
20/10/2025,Clinica Vantia,Meta Ads,Prospecting Social ES Q4,26.57,3351,43,0,0.0
20/10/2025,Clinica Vantia,Meta Ads,Retargeting Social ES Q4,15.94,2081,25,0,0.0
21/10/2025,Clinica Vantia,Meta Ads,Prospecting Social ES Q4,22.04,3440,27,1,965.55
21/10/2025,Clinica Vantia,Meta Ads,Retargeting Social ES Q4,13.23,1987,20,0,0.0
22/10/2025,Clinica Vantia,Meta Ads,Prospecting Social ES Q4,29.8,3169,55,1,858.08
22/10/2025,Clinica Vantia,Meta Ads,Retargeting Social ES Q4,17.88,1861,34,0,0.0
23/10/2025,Clinica Vantia,Meta Ads,Prospecting Social ES Q4,23.64,4337,41,1,1229.95
23/10/2025,Clinica Vantia,Meta Ads,Retargeting Social ES Q4,14.18,2733,36,0,0.0
24/10/2025,Clinica Vantia,Meta Ads,Prospecting Social ES Q4,23.54,2880,28,2,1146.31
24/10/2025,Clinica Vantia,Meta Ads,Retargeting Social ES Q4,14.12,1729,14,0,0.0
25/10/2025,Clinica Vantia,Meta Ads,Prospecting Social ES Q4,25.43,2344,18,0,0.0
25/10/2025,Clinica Vantia,Meta Ads,Retargeting Social ES Q4,15.26,1521,11,0,0.0
26/10/2025,Clinica Vantia,Meta Ads,Prospecting Social ES Q4,32.58,3902,52,3,3493.01
26/10/2025,Clinica Vantia,Meta Ads,Retargeting Social ES Q4,19.55,2184,34,0,0.0
27/10/2025,Clinica Vantia,Meta Ads,Prospecting Social ES Q4,27.8,3428,35,2,1731.53
27/10/2025,Clinica Vantia,Meta Ads,Retargeting Social ES Q4,16.68,1983,24,0,0.0
28/10/2025,Clinica Vantia,Meta Ads,Prospecting Social ES Q4,29.87,2983,60,0,0.0
28/10/2025,Clinica Vantia,Meta Ads,Retargeting Social ES Q4,17.92,1744,27,0,0.0
29/10/2025,Clinica Vantia,Meta Ads,Prospecting Social ES Q4,24.66,2506,21,0,0.0
29/10/2025,Clinica Vantia,Meta Ads,Retargeting Social ES Q4,14.79,1471,12,0,0.0
30/10/2025,Clinica Vantia,Meta Ads,Prospecting Social ES Q4,23.65,4481,68,1,1166.47
30/10/2025,Clinica Vantia,Meta Ads,Retargeting Social ES Q4,14.19,2669,47,0,0.0
31/10/2025,Clinica Vantia,Meta Ads,Prospecting Social ES Q4,17.19,1640,28,0,0.0
31/10/2025,Clinica Vantia,Meta Ads,Retargeting Social ES Q4,10.31,947,12,0,0.0
01/11/2025,Clinica Vantia,Meta Ads,Prospecting Social ES Q4,24.3,2748,51,2,1626.82
01/11/2025,Clinica Vantia,Meta Ads,Retargeting Social ES Q4,14.58,1626,20,0,0.0
02/11/2025,Clinica Vantia,Meta Ads,Prospecting Social ES Q4,29.75,2933,64,1,659.84
02/11/2025,Clinica Vantia,Meta Ads,Retargeting Social ES Q4,17.85,1792,33,1,861.12
03/11/2025,Clinica Vantia,Meta Ads,Prospecting Social ES Q4,23.4,2876,30,0,0.0
03/11/2025,Clinica Vantia,Meta Ads,Retargeting Social ES Q4,14.04,1728,25,0,0.0
04/11/2025,Clinica Vantia,Meta Ads,Prospecting Social ES Q4,22.95,2178,34,0,0.0
04/11/2025,Clinica Vantia,Meta Ads,Retargeting Social ES Q4,13.77,1312,25,0,0.0
05/11/2025,Clinica Vantia,Meta Ads,Prospecting Social ES Q4,21.26,2509,42,0,0.0
05/11/2025,Clinica Vantia,Meta Ads,Retargeting Social ES Q4,12.76,1536,35,1,806.67
06/11/2025,Clinica Vantia,Meta Ads,Prospecting Social ES Q4,19.01,3484,34,0,0.0
06/11/2025,Clinica Vantia,Meta Ads,Retargeting Social ES Q4,11.4,2086,25,0,0.0
07/11/2025,Clinica Vantia,Meta Ads,Prospecting Social ES Q4,30.26,3196,39,0,0.0
07/11/2025,Clinica Vantia,Meta Ads,Retargeting Social ES Q4,18.16,1940,16,0,0.0
08/11/2025,Clinica Vantia,Meta Ads,Prospecting Social ES Q4,23.92,2914,45,0,0.0
08/11/2025,Clinica Vantia,Meta Ads,Retargeting Social ES Q4,14.35,1773,21,0,0.0
09/11/2025,Clinica Vantia,Meta Ads,Prospecting Social ES Q4,26.76,2659,34,0,0.0
09/11/2025,Clinica Vantia,Meta Ads,Retargeting Social ES Q4,16.06,1616,25,0,0.0
10/11/2025,Clinica Vantia,Meta Ads,Prospecting Social ES Q4,28.25,5535,63,4,4419.19
10/11/2025,Clinica Vantia,Meta Ads,Retargeting Social ES Q4,16.95,3348,45,1,1127.71
11/11/2025,Clinica Vantia,Meta Ads,Prospecting Social ES Q4,20.36,1966,32,1,743.52
11/11/2025,Clinica Vantia,Meta Ads,Retargeting Social ES Q4,12.22,1240,13,0,0.0
12/11/2025,Clinica Vantia,Meta Ads,Prospecting Social ES Q4,22.39,2635,40,1,930.83
12/11/2025,Clinica Vantia,Meta Ads,Retargeting Social ES Q4,13.44,1579,25,0,0.0
13/11/2025,Clinica Vantia,Meta Ads,Prospecting Social ES Q4,29.52,2678,38,0,0.0
13/11/2025,Clinica Vantia,Meta Ads,Retargeting Social ES Q4,17.71,1643,19,1,672.44
14/11/2025,Clinica Vantia,Meta Ads,Prospecting Social ES Q4,21.23,1979,30,0,0.0
14/11/2025,Clinica Vantia,Meta Ads,Retargeting Social ES Q4,12.74,1148,14,0,0.0
15/11/2025,Clinica Vantia,Meta Ads,Prospecting Social ES Q4,21.97,2002,36,2,1418.23
15/11/2025,Clinica Vantia,Meta Ads,Retargeting Social ES Q4,13.18,1227,16,0,0.0
16/11/2025,Clinica Vantia,Meta Ads,Prospecting Social ES Q4,25.16,2278,22,0,0.0
16/11/2025,Clinica Vantia,Meta Ads,Retargeting Social ES Q4,15.1,1383,15,0,0.0
17/11/2025,Clinica Vantia,Meta Ads,Prospecting Social ES Q4,25.34,2663,54,1,798.86
17/11/2025,Clinica Vantia,Meta Ads,Retargeting Social ES Q4,15.2,1536,25,1,1041.15
18/11/2025,Clinica Vantia,Meta Ads,Prospecting Social ES Q4,20.52,2338,34,1,861.96
18/11/2025,Clinica Vantia,Meta Ads,Retargeting Social ES Q4,12.31,1430,26,0,0.0
19/11/2025,Clinica Vantia,Meta Ads,Prospecting Social ES Q4,34.26,3956,26,2,1613.4
19/11/2025,Clinica Vantia,Meta Ads,Retargeting Social ES Q4,20.55,2305,23,1,647.47
20/11/2025,Clinica Vantia,Meta Ads,Prospecting Social ES Q4,28.87,4665,93,1,763.43
20/11/2025,Clinica Vantia,Meta Ads,Retargeting Social ES Q4,17.32,2759,38,0,0.0
21/11/2025,Clinica Vantia,Meta Ads,Prospecting Social ES Q4,25.25,2384,33,1,1888.81
21/11/2025,Clinica Vantia,Meta Ads,Retargeting Social ES Q4,15.15,1400,27,4,3182.5
22/11/2025,Clinica Vantia,Meta Ads,Prospecting Social ES Q4,18.9,1785,38,1,966.85
22/11/2025,Clinica Vantia,Meta Ads,Retargeting Social ES Q4,11.34,1085,27,0,0.0
23/11/2025,Clinica Vantia,Meta Ads,Prospecting Social ES Q4,25.79,3025,36,1,1121.39
23/11/2025,Clinica Vantia,Meta Ads,Retargeting Social ES Q4,15.47,1702,17,2,1148.39
24/11/2025,Clinica Vantia,Meta Ads,Prospecting Social ES Q4,17.4,1774,35,1,1263.52
24/11/2025,Clinica Vantia,Meta Ads,Retargeting Social ES Q4,10.44,1086,17,0,0.0
25/11/2025,Clinica Vantia,Meta Ads,Prospecting Social ES Q4,23.82,3430,54,0,0.0
25/11/2025,Clinica Vantia,Meta Ads,Retargeting Social ES Q4,14.29,1984,37,2,1152.39
26/11/2025,Clinica Vantia,Meta Ads,Prospecting Social ES Q4,35.1,5014,61,1,723.62
26/11/2025,Clinica Vantia,Meta Ads,Retargeting Social ES Q4,21.06,3118,35,1,906.18
27/11/2025,Clinica Vantia,Meta Ads,Prospecting Social ES Q4,24.02,4244,60,0,0.0
27/11/2025,Clinica Vantia,Meta Ads,Retargeting Social ES Q4,14.41,2608,50,1,762.46
28/11/2025,Clinica Vantia,Meta Ads,Prospecting Social ES Q4,30.44,4540,49,1,750.04
28/11/2025,Clinica Vantia,Meta Ads,Retargeting Social ES Q4,18.27,2630,27,3,1832.19
29/11/2025,Clinica Vantia,Meta Ads,Prospecting Social ES Q4,23.48,2353,46,3,2080.7
29/11/2025,Clinica Vantia,Meta Ads,Retargeting Social ES Q4,14.09,1366,23,0,0.0
30/11/2025,Clinica Vantia,Meta Ads,Prospecting Social ES Q4,23.91,2131,20,0,0.0
30/11/2025,Clinica Vantia,Meta Ads,Retargeting Social ES Q4,14.35,1317,12,0,0.0
01/12/2025,Clinica Vantia,Meta Ads,Prospecting Social ES Q4,31.88,4963,56,0,0.0
01/12/2025,Clinica Vantia,Meta Ads,Retargeting Social ES Q4,19.13,2987,37,1,963.55
02/12/2025,Clinica Vantia,Meta Ads,Prospecting Social ES Q4,18.02,2597,32,0,0.0
02/12/2025,Clinica Vantia,Meta Ads,Retargeting Social ES Q4,10.81,1587,20,0,0.0
03/12/2025,Clinica Vantia,Meta Ads,Prospecting Social ES Q4,23.75,2934,49,1,1294.59
03/12/2025,Clinica Vantia,Meta Ads,Retargeting Social ES Q4,14.25,1863,32,1,981.6
04/12/2025,Clinica Vantia,Meta Ads,Prospecting Social ES Q4,23.22,3634,40,2,1368.54
04/12/2025,Clinica Vantia,Meta Ads,Retargeting Social ES Q4,13.93,2144,28,0,0.0
05/12/2025,Clinica Vantia,Meta Ads,Prospecting Social ES Q4,26.3,2860,48,1,1207.52
05/12/2025,Clinica Vantia,Meta Ads,Retargeting Social ES Q4,15.78,1743,25,0,0.0
06/12/2025,Clinica Vantia,Meta Ads,Prospecting Social ES Q4,31.6,4060,47,1,697.62
06/12/2025,Clinica Vantia,Meta Ads,Retargeting Social ES Q4,18.96,2358,33,0,0.0
07/12/2025,Clinica Vantia,Meta Ads,Prospecting Social ES Q4,21.25,3245,55,0,0.0
07/12/2025,Clinica Vantia,Meta Ads,Retargeting Social ES Q4,12.75,2031,32,0,0.0
08/12/2025,Clinica Vantia,Meta Ads,Prospecting Social ES Q4,22.07,2388,28,2,2110.79
08/12/2025,Clinica Vantia,Meta Ads,Retargeting Social ES Q4,13.24,1374,23,0,0.0
09/12/2025,Clinica Vantia,Meta Ads,Prospecting Social ES Q4,24.12,2768,29,0,0.0
09/12/2025,Clinica Vantia,Meta Ads,Retargeting Social ES Q4,14.47,1681,18,1,782.04
10/12/2025,Clinica Vantia,Meta Ads,Prospecting Social ES Q4,23.96,3455,59,1,1087.13
10/12/2025,Clinica Vantia,Meta Ads,Retargeting Social ES Q4,14.38,2095,42,1,975.24
11/12/2025,Clinica Vantia,Meta Ads,Prospecting Social ES Q4,25.13,3646,54,0,0.0
11/12/2025,Clinica Vantia,Meta Ads,Retargeting Social ES Q4,15.08,2172,36,0,0.0
12/12/2025,Clinica Vantia,Meta Ads,Prospecting Social ES Q4,27.59,5555,89,1,457.38
12/12/2025,Clinica Vantia,Meta Ads,Retargeting Social ES Q4,16.56,3306,41,0,0.0
13/12/2025,Clinica Vantia,Meta Ads,Prospecting Social ES Q4,27.07,2675,26,1,
13/12/2025,Clinica Vantia,Meta Ads,Retargeting Social ES Q4,16.24,1521,17,0,0.0
14/12/2025,Clinica Vantia,Meta Ads,Prospecting Social ES Q4,24.1,4390,67,1,939.46
14/12/2025,Clinica Vantia,Meta Ads,Retargeting Social ES Q4,14.46,2628,47,1,1026.88
15/12/2025,Clinica Vantia,Meta Ads,Prospecting Social ES Q4,21.42,2157,25,0,0.0
15/12/2025,Clinica Vantia,Meta Ads,Retargeting Social ES Q4,12.85,1289,17,0,0.0
16/12/2025,Clinica Vantia,Meta Ads,Prospecting Social ES Q4,25.41,3491,63,0,0.0
16/12/2025,Clinica Vantia,Meta Ads,Retargeting Social ES Q4,15.24,2127,26,0,0.0
17/12/2025,Clinica Vantia,Meta Ads,Prospecting Social ES Q4,28.9,2684,30,0,0.0
17/12/2025,Clinica Vantia,Meta Ads,Retargeting Social ES Q4,17.34,1588,18,0,0.0
18/12/2025,Clinica Vantia,Meta Ads,Prospecting Social ES Q4,20.96,4001,69,2,764.26
18/12/2025,Clinica Vantia,Meta Ads,Retargeting Social ES Q4,12.58,2445,39,2,1154.86
19/12/2025,Clinica Vantia,Meta Ads,Prospecting Social ES Q4,26.4,3129,32,0,0.0
19/12/2025,Clinica Vantia,Meta Ads,Retargeting Social ES Q4,15.84,1824,14,0,0.0
20/12/2025,Clinica Vantia,Meta Ads,Prospecting Social ES Q4,25.01,2295,18,1,1129.37
20/12/2025,Clinica Vantia,Meta Ads,Retargeting Social ES Q4,15.01,1374,10,0,0.0
21/12/2025,Clinica Vantia,Meta Ads,Prospecting Social ES Q4,18.79,2732,36,0,0.0
21/12/2025,Clinica Vantia,Meta Ads,Retargeting Social ES Q4,11.27,1690,27,0,0.0
22/12/2025,Clinica Vantia,Meta Ads,Prospecting Social ES Q4,23.55,3307,43,0,0.0
22/12/2025,Clinica Vantia,Meta Ads,Retargeting Social ES Q4,14.13,1958,19,1,440.8
23/12/2025,Clinica Vantia,Meta Ads,Prospecting Social ES Q4,34.55,3788,68,2,1580.96
23/12/2025,Clinica Vantia,Meta Ads,Retargeting Social ES Q4,20.73,2271,38,1,750.5
24/12/2025,Clinica Vantia,Meta Ads,Prospecting Social ES Q4,27.48,2859,26,0,0.0
24/12/2025,Clinica Vantia,Meta Ads,Retargeting Social ES Q4,16.49,1770,10,0,0.0
25/12/2025,Clinica Vantia,Meta Ads,Prospecting Social ES Q4,22.62,2918,43,2,2556.14
25/12/2025,Clinica Vantia,Meta Ads,Retargeting Social ES Q4,13.57,1725,20,0,0.0
26/12/2025,Clinica Vantia,Meta Ads,Prospecting Social ES Q4,23.11,3186,60,2,1599.05
26/12/2025,Clinica Vantia,Meta Ads,Retargeting Social ES Q4,13.86,1953,25,0,0.0
27/12/2025,Clinica Vantia,Meta Ads,Prospecting Social ES Q4,23.36,2685,46,1,860.3
27/12/2025,Clinica Vantia,Meta Ads,Retargeting Social ES Q4,14.02,1630,26,0,0.0
28/12/2025,Clinica Vantia,Meta Ads,Prospecting Social ES Q4,29.92,4989,79,3,3098.12
28/12/2025,Clinica Vantia,Meta Ads,Retargeting Social ES Q4,17.95,2817,45,1,1013.14
29/12/2025,Clinica Vantia,Meta Ads,Prospecting Social ES Q4,25.35,4369,53,1,918.87
29/12/2025,Clinica Vantia,Meta Ads,Retargeting Social ES Q4,15.21,2649,45,0,0.0
30/12/2025,Clinica Vantia,Meta Ads,Prospecting Social ES Q4,21.38,3612,73,3,1784.78
30/12/2025,Clinica Vantia,Meta Ads,Retargeting Social ES Q4,12.83,2246,39,1,993.52
31/12/2025,Clinica Vantia,Meta Ads,Prospecting Social ES Q4,17.75,1847,17,1,1012.48
31/12/2025,Clinica Vantia,Meta Ads,Retargeting Social ES Q4,10.65,1131,10,0,0.0
01/01/2026,Clinica Vantia,Meta Ads,Prospecting Social ES Q1,20.08,3101,46,0,0.0
01/01/2026,Clinica Vantia,Meta Ads,Retargeting Social ES Q1,12.05,1832,33,0,0.0
02/01/2026,Clinica Vantia,Meta Ads,Prospecting Social ES Q1,24.1,4371,85,1,897.26
02/01/2026,Clinica Vantia,Meta Ads,Retargeting Social ES Q1,14.46,2631,45,1,984.63
03/01/2026,Clinica Vantia,Meta Ads,Prospecting Social ES Q1,22.54,3838,50,0,0.0
03/01/2026,Clinica Vantia,Meta Ads,Retargeting Social ES Q1,13.52,2291,36,1,550.09
04/01/2026,Clinica Vantia,Meta Ads,Prospecting Social ES Q1,21.04,4117,56,1,664.16
04/01/2026,Clinica Vantia,Meta Ads,Retargeting Social ES Q1,12.62,2434,19,0,0.0
05/01/2026,Clinica Vantia,Meta Ads,Prospecting Social ES Q1,24.45,3571,59,0,0.0
05/01/2026,Clinica Vantia,Meta Ads,Retargeting Social ES Q1,14.67,2175,36,0,0.0
06/01/2026,Clinica Vantia,Meta Ads,Prospecting Social ES Q1,26.21,3051,45,1,
06/01/2026,Clinica Vantia,Meta Ads,Retargeting Social ES Q1,15.72,1847,31,0,0.0
07/01/2026,Clinica Vantia,Meta Ads,Prospecting Social ES Q1,26.28,2600,60,0,0.0
07/01/2026,Clinica Vantia,Meta Ads,Retargeting Social ES Q1,15.77,1512,28,1,1097.04
08/01/2026,Clinica Vantia,Meta Ads,Prospecting Social ES Q1,21.81,2335,47,0,0.0
08/01/2026,Clinica Vantia,Meta Ads,Retargeting Social ES Q1,13.08,1417,25,0,0.0
09/01/2026,Clinica Vantia,Meta Ads,Prospecting Social ES Q1,25.83,2478,29,2,1667.6
09/01/2026,Clinica Vantia,Meta Ads,Retargeting Social ES Q1,15.5,1418,16,1,664.39
10/01/2026,Clinica Vantia,Meta Ads,Prospecting Social ES Q1,28.74,3003,28,1,744.66
10/01/2026,Clinica Vantia,Meta Ads,Retargeting Social ES Q1,17.25,1822,24,1,530.97
11/01/2026,Clinica Vantia,Meta Ads,Prospecting Social ES Q1,26.34,2805,24,0,0.0
11/01/2026,Clinica Vantia,Meta Ads,Retargeting Social ES Q1,15.8,1559,8,0,0.0
12/01/2026,Clinica Vantia,Meta Ads,Prospecting Social ES Q1,27.5,3043,27,0,0.0
12/01/2026,Clinica Vantia,Meta Ads,Retargeting Social ES Q1,16.5,1811,18,0,0.0
13/01/2026,Clinica Vantia,Meta Ads,Prospecting Social ES Q1,24.52,2829,52,1,595.13
13/01/2026,Clinica Vantia,Meta Ads,Retargeting Social ES Q1,14.71,1669,32,0,0.0
14/01/2026,Clinica Vantia,Meta Ads,Prospecting Social ES Q1,32.72,5883,82,2,
14/01/2026,Clinica Vantia,Meta Ads,Retargeting Social ES Q1,19.63,3574,51,4,2584.29
15/01/2026,Clinica Vantia,Meta Ads,Prospecting Social ES Q1,29.37,3021,32,0,0.0
15/01/2026,Clinica Vantia,Meta Ads,Retargeting Social ES Q1,17.62,1781,27,1,884.79
16/01/2026,Clinica Vantia,Meta Ads,Prospecting Social ES Q1,19.5,1871,39,2,1305.52
16/01/2026,Clinica Vantia,Meta Ads,Retargeting Social ES Q1,11.7,1066,23,1,718.13
17/01/2026,Clinica Vantia,Meta Ads,Prospecting Social ES Q1,24.03,4444,71,0,0.0
17/01/2026,Clinica Vantia,Meta Ads,Retargeting Social ES Q1,14.42,2741,45,1,659.48
18/01/2026,Clinica Vantia,Meta Ads,Prospecting Social ES Q1,25.36,2579,41,2,2096.7
18/01/2026,Clinica Vantia,Meta Ads,Retargeting Social ES Q1,15.22,1514,20,1,994.74
19/01/2026,Clinica Vantia,Meta Ads,Prospecting Social ES Q1,18.31,2844,61,0,0.0
19/01/2026,Clinica Vantia,Meta Ads,Retargeting Social ES Q1,10.99,1716,37,2,1747.46
20/01/2026,Clinica Vantia,Meta Ads,Prospecting Social ES Q1,27.65,3356,53,0,0.0
20/01/2026,Clinica Vantia,Meta Ads,Retargeting Social ES Q1,16.59,1934,28,0,0.0
21/01/2026,Clinica Vantia,Meta Ads,Prospecting Social ES Q1,17.43,1641,31,1,785.91
21/01/2026,Clinica Vantia,Meta Ads,Retargeting Social ES Q1,10.46,1076,17,0,0.0
22/01/2026,Clinica Vantia,Meta Ads,Prospecting Social ES Q1,18.92,2536,21,1,1257.44
22/01/2026,Clinica Vantia,Meta Ads,Retargeting Social ES Q1,11.35,1490,14,0,0.0
23/01/2026,Clinica Vantia,Meta Ads,Prospecting Social ES Q1,24.83,3920,46,0,0.0
23/01/2026,Clinica Vantia,Meta Ads,Retargeting Social ES Q1,14.9,2217,29,0,0.0
24/01/2026,Clinica Vantia,Meta Ads,Prospecting Social ES Q1,23.96,2248,48,0,0.0
24/01/2026,Clinica Vantia,Meta Ads,Retargeting Social ES Q1,14.38,1356,30,3,2873.49
25/01/2026,Clinica Vantia,Meta Ads,Prospecting Social ES Q1,24.01,4438,33,0,0.0
25/01/2026,Clinica Vantia,Meta Ads,Retargeting Social ES Q1,14.41,2568,32,0,0.0
26/01/2026,Clinica Vantia,Meta Ads,Prospecting Social ES Q1,23.29,3154,58,0,0.0
26/01/2026,Clinica Vantia,Meta Ads,Retargeting Social ES Q1,13.97,1898,28,0,0.0
27/01/2026,Clinica Vantia,Meta Ads,Prospecting Social ES Q1,23.83,2547,32,1,1114.58
27/01/2026,Clinica Vantia,Meta Ads,Retargeting Social ES Q1,14.3,1512,17,0,0.0
28/01/2026,Clinica Vantia,Meta Ads,Prospecting Social ES Q1,25.44,4327,70,2,1981.85
28/01/2026,Clinica Vantia,Meta Ads,Retargeting Social ES Q1,15.26,2598,52,0,0.0
29/01/2026,Clinica Vantia,Meta Ads,Prospecting Social ES Q1,30.8,3154,51,1,1067.13
29/01/2026,Clinica Vantia,Meta Ads,Retargeting Social ES Q1,18.48,1840,35,0,0.0
30/01/2026,Clinica Vantia,Meta Ads,Prospecting Social ES Q1,28.81,5335,78,1,1096.2
30/01/2026,Clinica Vantia,Meta Ads,Retargeting Social ES Q1,17.29,3223,41,0,0.0
31/01/2026,Clinica Vantia,Meta Ads,Prospecting Social ES Q1,21.84,2419,32,0,0.0
31/01/2026,Clinica Vantia,Meta Ads,Retargeting Social ES Q1,13.11,1448,18,0,0.0
01/02/2026,Clinica Vantia,Meta Ads,Prospecting Social ES Q1,28.87,4410,49,0,0.0
01/02/2026,Clinica Vantia,Meta Ads,Retargeting Social ES Q1,17.32,2681,27,4,4041.69
02/02/2026,Clinica Vantia,Meta Ads,Prospecting Social ES Q1,28.74,3533,55,0,0.0
02/02/2026,Clinica Vantia,Meta Ads,Retargeting Social ES Q1,17.24,2094,26,1,906.12
03/02/2026,Clinica Vantia,Meta Ads,Prospecting Social ES Q1,25.85,3315,31,0,0.0
03/02/2026,Clinica Vantia,Meta Ads,Retargeting Social ES Q1,15.51,2034,17,0,0.0
04/02/2026,Clinica Vantia,Meta Ads,Prospecting Social ES Q1,23.97,2392,36,1,1118.88
04/02/2026,Clinica Vantia,Meta Ads,Retargeting Social ES Q1,14.38,1440,17,1,902.34
05/02/2026,Clinica Vantia,Meta Ads,Prospecting Social ES Q1,20.05,2260,46,1,571.21
05/02/2026,Clinica Vantia,Meta Ads,Retargeting Social ES Q1,12.03,1323,21,0,0.0
06/02/2026,Clinica Vantia,Meta Ads,Prospecting Social ES Q1,20.6,3172,37,0,0.0
06/02/2026,Clinica Vantia,Meta Ads,Retargeting Social ES Q1,12.36,1789,23,1,1003.12
07/02/2026,Clinica Vantia,Meta Ads,Prospecting Social ES Q1,27.34,2588,47,2,1930.97
07/02/2026,Clinica Vantia,Meta Ads,Retargeting Social ES Q1,16.4,1524,18,1,987.92
08/02/2026,Clinica Vantia,Meta Ads,Prospecting Social ES Q1,23.06,3517,22,1,635.65
08/02/2026,Clinica Vantia,Meta Ads,Retargeting Social ES Q1,13.83,1996,8,0,0.0
09/02/2026,Clinica Vantia,Meta Ads,Prospecting Social ES Q1,26.18,2573,26,0,0.0
09/02/2026,Clinica Vantia,Meta Ads,Retargeting Social ES Q1,15.71,1560,20,0,0.0
10/02/2026,Clinica Vantia,Meta Ads,Prospecting Social ES Q1,23.19,2264,18,0,0.0
10/02/2026,Clinica Vantia,Meta Ads,Retargeting Social ES Q1,13.91,1364,6,0,0.0
11/02/2026,Clinica Vantia,Meta Ads,Prospecting Social ES Q1,18.38,1817,21,0,0.0
11/02/2026,Clinica Vantia,Meta Ads,Retargeting Social ES Q1,11.03,1116,8,0,0.0
12/02/2026,Clinica Vantia,Meta Ads,Prospecting Social ES Q1,25.29,2439,30,0,0.0
12/02/2026,Clinica Vantia,Meta Ads,Retargeting Social ES Q1,15.17,1499,16,0,0.0
13/02/2026,Clinica Vantia,Meta Ads,Prospecting Social ES Q1,29.08,4626,67,0,0.0
13/02/2026,Clinica Vantia,Meta Ads,Retargeting Social ES Q1,17.45,2793,24,0,0.0
14/02/2026,Clinica Vantia,Meta Ads,Prospecting Social ES Q1,24.89,3811,73,1,880.64
14/02/2026,Clinica Vantia,Meta Ads,Retargeting Social ES Q1,14.94,2359,34,2,1263.54
15/02/2026,Clinica Vantia,Meta Ads,Prospecting Social ES Q1,21.76,1939,23,1,757.69
15/02/2026,Clinica Vantia,Meta Ads,Retargeting Social ES Q1,13.06,1192,18,0,0.0
16/02/2026,Clinica Vantia,Meta Ads,Prospecting Social ES Q1,28.55,2716,30,0,0.0
16/02/2026,Clinica Vantia,Meta Ads,Retargeting Social ES Q1,17.13,1630,19,1,
17/02/2026,Clinica Vantia,Meta Ads,Prospecting Social ES Q1,22.23,2614,29,1,1098.7
17/02/2026,Clinica Vantia,Meta Ads,Retargeting Social ES Q1,13.34,1547,15,0,0.0
18/02/2026,Clinica Vantia,Meta Ads,Prospecting Social ES Q1,31.56,3086,59,1,1119.13
18/02/2026,Clinica Vantia,Meta Ads,Retargeting Social ES Q1,18.93,1805,43,0,0.0
19/02/2026,Clinica Vantia,Meta Ads,Prospecting Social ES Q1,20.28,1899,36,2,2331.79
19/02/2026,Clinica Vantia,Meta Ads,Retargeting Social ES Q1,12.17,1161,23,0,0.0
20/02/2026,Clinica Vantia,Meta Ads,Prospecting Social ES Q1,24.87,4252,46,1,1291.1
20/02/2026,Clinica Vantia,Meta Ads,Retargeting Social ES Q1,14.92,2469,26,2,1922.25
21/02/2026,Clinica Vantia,Meta Ads,Prospecting Social ES Q1,25.46,3004,32,0,0.0
21/02/2026,Clinica Vantia,Meta Ads,Retargeting Social ES Q1,15.28,1803,19,0,0.0
22/02/2026,Clinica Vantia,Meta Ads,Prospecting Social ES Q1,23.12,2794,45,0,0.0
22/02/2026,Clinica Vantia,Meta Ads,Retargeting Social ES Q1,13.87,1687,28,0,0.0
23/02/2026,Clinica Vantia,Meta Ads,Prospecting Social ES Q1,23.54,2651,35,1,700.43
23/02/2026,Clinica Vantia,Meta Ads,Retargeting Social ES Q1,14.12,1594,29,0,0.0
24/02/2026,Clinica Vantia,Meta Ads,Prospecting Social ES Q1,24.67,2594,43,3,3164.62
24/02/2026,Clinica Vantia,Meta Ads,Retargeting Social ES Q1,14.8,1631,16,1,757.97
25/02/2026,Clinica Vantia,Meta Ads,Prospecting Social ES Q1,27.4,3003,55,1,781.09
25/02/2026,Clinica Vantia,Meta Ads,Retargeting Social ES Q1,16.44,1891,31,0,0.0
26/02/2026,Clinica Vantia,Meta Ads,Prospecting Social ES Q1,28.85,3150,53,0,0.0
26/02/2026,Clinica Vantia,Meta Ads,Retargeting Social ES Q1,17.31,1927,23,0,0.0
27/02/2026,Clinica Vantia,Meta Ads,Prospecting Social ES Q1,25.92,4717,92,3,2247.77
27/02/2026,Clinica Vantia,Meta Ads,Retargeting Social ES Q1,15.55,2807,65,1,808.39
28/02/2026,Clinica Vantia,Meta Ads,Prospecting Social ES Q1,23.61,3846,77,1,1079.36
28/02/2026,Clinica Vantia,Meta Ads,Retargeting Social ES Q1,14.17,2298,41,4,
01/03/2026,Clinica Vantia,Meta Ads,Prospecting Social ES Q1,27.46,3033,31,1,754.31
01/03/2026,Clinica Vantia,Meta Ads,Retargeting Social ES Q1,16.48,1766,17,0,0.0
02/03/2026,Clinica Vantia,Meta Ads,Prospecting Social ES Q1,20.98,3898,68,2,
02/03/2026,Clinica Vantia,Meta Ads,Retargeting Social ES Q1,12.59,2348,39,1,986.75
03/03/2026,Clinica Vantia,Meta Ads,Prospecting Social ES Q1,25.9,2925,31,3,2617.56
03/03/2026,Clinica Vantia,Meta Ads,Retargeting Social ES Q1,15.54,1756,11,0,0.0
04/03/2026,Clinica Vantia,Meta Ads,Prospecting Social ES Q1,25.96,2426,40,0,0.0
04/03/2026,Clinica Vantia,Meta Ads,Retargeting Social ES Q1,15.58,1503,35,1,717.84
05/03/2026,Clinica Vantia,Meta Ads,Prospecting Social ES Q1,28.65,5442,80,1,624.25
05/03/2026,Clinica Vantia,Meta Ads,Retargeting Social ES Q1,17.19,3307,53,0,0.0
06/03/2026,Clinica Vantia,Meta Ads,Prospecting Social ES Q1,21.64,3809,67,2,1926.08
06/03/2026,Clinica Vantia,Meta Ads,Retargeting Social ES Q1,12.98,2207,31,0,0.0
07/03/2026,Clinica Vantia,Meta Ads,Prospecting Social ES Q1,25.4,3433,45,0,0.0
07/03/2026,Clinica Vantia,Meta Ads,Retargeting Social ES Q1,15.24,2003,29,1,980.25
08/03/2026,Clinica Vantia,Meta Ads,Prospecting Social ES Q1,30.33,3614,56,0,0.0
08/03/2026,Clinica Vantia,Meta Ads,Retargeting Social ES Q1,18.2,2173,33,0,0.0
09/03/2026,Clinica Vantia,Meta Ads,Prospecting Social ES Q1,23.62,2449,33,0,0.0
09/03/2026,Clinica Vantia,Meta Ads,Retargeting Social ES Q1,14.17,1427,14,0,0.0
10/03/2026,Clinica Vantia,Meta Ads,Prospecting Social ES Q1,24.43,2559,25,1,961.66
10/03/2026,Clinica Vantia,Meta Ads,Retargeting Social ES Q1,14.66,1508,14,1,895.87
11/03/2026,Clinica Vantia,Meta Ads,Prospecting Social ES Q1,20.5,2689,19,0,0.0
11/03/2026,Clinica Vantia,Meta Ads,Retargeting Social ES Q1,12.3,1644,14,0,0.0
12/03/2026,Clinica Vantia,Meta Ads,Prospecting Social ES Q1,23.4,2175,42,0,0.0
12/03/2026,Clinica Vantia,Meta Ads,Retargeting Social ES Q1,14.04,1323,25,0,0.0
13/03/2026,Clinica Vantia,Meta Ads,Prospecting Social ES Q1,24.33,4599,64,0,0.0
13/03/2026,Clinica Vantia,Meta Ads,Retargeting Social ES Q1,14.6,2837,30,1,1098.43
14/03/2026,Clinica Vantia,Meta Ads,Prospecting Social ES Q1,34.72,4530,48,2,1667.32
14/03/2026,Clinica Vantia,Meta Ads,Retargeting Social ES Q1,20.83,2724,35,0,0.0
15/03/2026,Clinica Vantia,Meta Ads,Prospecting Social ES Q1,26.93,2980,33,1,1390.29
15/03/2026,Clinica Vantia,Meta Ads,Retargeting Social ES Q1,16.16,1838,20,0,0.0
16/03/2026,Clinica Vantia,Meta Ads,Prospecting Social ES Q1,31.4,5732,89,1,993.52
16/03/2026,Clinica Vantia,Meta Ads,Retargeting Social ES Q1,18.84,3323,61,3,2023.55
17/03/2026,Clinica Vantia,Meta Ads,Prospecting Social ES Q1,19.21,3242,64,0,0.0
17/03/2026,Clinica Vantia,Meta Ads,Retargeting Social ES Q1,11.52,2042,39,0,0.0
18/03/2026,Clinica Vantia,Meta Ads,Prospecting Social ES Q1,27.37,2854,32,0,0.0
18/03/2026,Clinica Vantia,Meta Ads,Retargeting Social ES Q1,16.42,1691,15,1,1462.7
19/03/2026,Clinica Vantia,Meta Ads,Prospecting Social ES Q1,24.79,4726,32,1,777.28
19/03/2026,Clinica Vantia,Meta Ads,Retargeting Social ES Q1,14.87,2885,36,0,0.0
20/03/2026,Clinica Vantia,Meta Ads,Prospecting Social ES Q1,28.95,5718,96,1,954.42
20/03/2026,Clinica Vantia,Meta Ads,Retargeting Social ES Q1,17.37,3528,65,1,570.69
21/03/2026,Clinica Vantia,Meta Ads,Prospecting Social ES Q1,22.9,2089,30,0,0.0
21/03/2026,Clinica Vantia,Meta Ads,Retargeting Social ES Q1,13.74,1276,26,1,1007.87
22/03/2026,Clinica Vantia,Meta Ads,Prospecting Social ES Q1,23.0,2599,32,1,
22/03/2026,Clinica Vantia,Meta Ads,Retargeting Social ES Q1,13.8,1573,20,1,745.32
23/03/2026,Clinica Vantia,Meta Ads,Prospecting Social ES Q1,28.07,2948,26,0,0.0
23/03/2026,Clinica Vantia,Meta Ads,Retargeting Social ES Q1,16.84,1666,12,0,0.0
24/03/2026,Clinica Vantia,Meta Ads,Prospecting Social ES Q1,33.77,4293,93,3,3611.72
24/03/2026,Clinica Vantia,Meta Ads,Retargeting Social ES Q1,20.26,2493,51,0,0.0
25/03/2026,Clinica Vantia,Meta Ads,Prospecting Social ES Q1,23.96,2943,47,1,997.08
25/03/2026,Clinica Vantia,Meta Ads,Retargeting Social ES Q1,14.38,1735,25,0,0.0
26/03/2026,Clinica Vantia,Meta Ads,Prospecting Social ES Q1,30.62,4970,86,1,950.09
26/03/2026,Clinica Vantia,Meta Ads,Retargeting Social ES Q1,18.37,2922,34,1,1145.9
27/03/2026,Clinica Vantia,Meta Ads,Prospecting Social ES Q1,25.81,2933,32,0,0.0
27/03/2026,Clinica Vantia,Meta Ads,Retargeting Social ES Q1,15.49,1669,21,0,0.0
28/03/2026,Clinica Vantia,Meta Ads,Prospecting Social ES Q1,21.27,2028,33,0,0.0
28/03/2026,Clinica Vantia,Meta Ads,Retargeting Social ES Q1,12.76,1230,23,0,0.0
29/03/2026,Clinica Vantia,Meta Ads,Prospecting Social ES Q1,24.28,3298,47,2,2164.87
29/03/2026,Clinica Vantia,Meta Ads,Retargeting Social ES Q1,14.57,2001,24,0,0.0
30/03/2026,Clinica Vantia,Meta Ads,Prospecting Social ES Q1,22.58,2256,47,1,938.42
30/03/2026,Clinica Vantia,Meta Ads,Retargeting Social ES Q1,13.55,1318,17,1,1067.36
31/03/2026,Clinica Vantia,Meta Ads,Prospecting Social ES Q1,23.79,3382,34,0,0.0
31/03/2026,Clinica Vantia,Meta Ads,Retargeting Social ES Q1,14.27,2116,23,0,0.0
01/04/2026,Clinica Vantia,Meta Ads,Prospecting Social ES Q2,21.87,3031,26,1,1178.35
01/04/2026,Clinica Vantia,Meta Ads,Retargeting Social ES Q2,13.12,1954,19,0,0.0
02/04/2026,Clinica Vantia,Meta Ads,Prospecting Social ES Q2,25.55,3859,68,3,2792.93
02/04/2026,Clinica Vantia,Meta Ads,Retargeting Social ES Q2,15.33,2264,50,2,1997.27
03/04/2026,Clinica Vantia,Meta Ads,Prospecting Social ES Q2,23.28,3415,57,1,1132.84
03/04/2026,Clinica Vantia,Meta Ads,Retargeting Social ES Q2,13.97,2105,37,1,938.54
04/04/2026,Clinica Vantia,Meta Ads,Prospecting Social ES Q2,25.65,4424,58,3,2446.67
04/04/2026,Clinica Vantia,Meta Ads,Retargeting Social ES Q2,15.39,2553,41,0,0.0
05/04/2026,Clinica Vantia,Meta Ads,Prospecting Social ES Q2,26.49,2984,32,0,0.0
05/04/2026,Clinica Vantia,Meta Ads,Retargeting Social ES Q2,15.9,1760,17,0,0.0
06/04/2026,Clinica Vantia,Meta Ads,Prospecting Social ES Q2,24.49,3007,25,1,1145.14
06/04/2026,Clinica Vantia,Meta Ads,Retargeting Social ES Q2,14.7,1784,13,0,0.0
07/04/2026,Clinica Vantia,Meta Ads,Prospecting Social ES Q2,22.75,3127,36,1,864.7
07/04/2026,Clinica Vantia,Meta Ads,Retargeting Social ES Q2,13.65,1755,25,0,0.0
08/04/2026,Clinica Vantia,Meta Ads,Prospecting Social ES Q2,26.51,3743,56,1,912.87
08/04/2026,Clinica Vantia,Meta Ads,Retargeting Social ES Q2,15.91,2285,42,0,0.0
09/04/2026,Clinica Vantia,Meta Ads,Prospecting Social ES Q2,32.11,3149,53,0,0.0
09/04/2026,Clinica Vantia,Meta Ads,Retargeting Social ES Q2,19.27,1976,30,0,0.0
10/04/2026,Clinica Vantia,Meta Ads,Prospecting Social ES Q2,25.91,2648,50,0,0.0
10/04/2026,Clinica Vantia,Meta Ads,Retargeting Social ES Q2,15.54,1576,31,0,0.0
11/04/2026,Clinica Vantia,Meta Ads,Prospecting Social ES Q2,21.67,2251,31,1,887.11
11/04/2026,Clinica Vantia,Meta Ads,Retargeting Social ES Q2,13.0,1307,17,0,0.0
12/04/2026,Clinica Vantia,Meta Ads,Prospecting Social ES Q2,20.52,1958,22,0,0.0
12/04/2026,Clinica Vantia,Meta Ads,Retargeting Social ES Q2,12.31,1090,18,0,0.0
13/04/2026,Clinica Vantia,Meta Ads,Prospecting Social ES Q2,25.17,3463,55,0,0.0
13/04/2026,Clinica Vantia,Meta Ads,Retargeting Social ES Q2,15.1,2109,39,2,1252.87
14/04/2026,Clinica Vantia,Meta Ads,Prospecting Social ES Q2,23.45,3014,27,2,1409.95
14/04/2026,Clinica Vantia,Meta Ads,Retargeting Social ES Q2,14.07,1707,11,0,0.0
15/04/2026,Clinica Vantia,Meta Ads,Prospecting Social ES Q2,22.76,2209,35,0,0.0
15/04/2026,Clinica Vantia,Meta Ads,Retargeting Social ES Q2,13.66,1320,18,0,0.0
16/04/2026,Clinica Vantia,Meta Ads,Prospecting Social ES Q2,26.29,2770,35,2,2302.89
16/04/2026,Clinica Vantia,Meta Ads,Retargeting Social ES Q2,15.77,1670,22,0,0.0
17/04/2026,Clinica Vantia,Meta Ads,Prospecting Social ES Q2,31.09,5631,90,4,2801.97
17/04/2026,Clinica Vantia,Meta Ads,Retargeting Social ES Q2,18.65,3464,49,0,0.0
18/04/2026,Clinica Vantia,Meta Ads,Prospecting Social ES Q2,19.66,2943,31,1,1232.94
18/04/2026,Clinica Vantia,Meta Ads,Retargeting Social ES Q2,11.8,1709,12,0,0.0
19/04/2026,Clinica Vantia,Meta Ads,Prospecting Social ES Q2,21.02,3541,66,1,698.45
19/04/2026,Clinica Vantia,Meta Ads,Retargeting Social ES Q2,12.61,2094,34,2,1963.12
20/04/2026,Clinica Vantia,Meta Ads,Prospecting Social ES Q2,17.66,2646,34,0,0.0
20/04/2026,Clinica Vantia,Meta Ads,Retargeting Social ES Q2,10.6,1624,12,1,1209.51
21/04/2026,Clinica Vantia,Meta Ads,Prospecting Social ES Q2,20.13,1992,18,0,0.0
21/04/2026,Clinica Vantia,Meta Ads,Retargeting Social ES Q2,12.08,1178,16,1,958.93
22/04/2026,Clinica Vantia,Meta Ads,Prospecting Social ES Q2,26.18,2518,19,0,0.0
22/04/2026,Clinica Vantia,Meta Ads,Retargeting Social ES Q2,15.71,1570,20,1,870.26
23/04/2026,Clinica Vantia,Meta Ads,Prospecting Social ES Q2,30.84,3110,38,1,774.2
23/04/2026,Clinica Vantia,Meta Ads,Retargeting Social ES Q2,18.51,1832,22,0,0.0
24/04/2026,Clinica Vantia,Meta Ads,Prospecting Social ES Q2,20.5,2114,24,1,1016.68
24/04/2026,Clinica Vantia,Meta Ads,Retargeting Social ES Q2,12.3,1323,24,0,0.0
25/04/2026,Clinica Vantia,Meta Ads,Prospecting Social ES Q2,21.48,2261,40,0,0.0
25/04/2026,Clinica Vantia,Meta Ads,Retargeting Social ES Q2,12.89,1298,24,1,671.03
26/04/2026,Clinica Vantia,Meta Ads,Prospecting Social ES Q2,29.22,4670,84,1,574.69
26/04/2026,Clinica Vantia,Meta Ads,Retargeting Social ES Q2,17.53,2749,47,0,0.0
27/04/2026,Clinica Vantia,Meta Ads,Prospecting Social ES Q2,24.79,2712,33,1,661.09
27/04/2026,Clinica Vantia,Meta Ads,Retargeting Social ES Q2,14.87,1587,22,1,1613.81
28/04/2026,Clinica Vantia,Meta Ads,Prospecting Social ES Q2,27.86,2953,42,2,1273.13
28/04/2026,Clinica Vantia,Meta Ads,Retargeting Social ES Q2,16.72,1680,20,0,0.0
29/04/2026,Clinica Vantia,Meta Ads,Prospecting Social ES Q2,23.81,2936,58,2,1056.56
29/04/2026,Clinica Vantia,Meta Ads,Retargeting Social ES Q2,14.28,1730,26,0,0.0
30/04/2026,Clinica Vantia,Meta Ads,Prospecting Social ES Q2,25.56,4727,77,2,1855.23
30/04/2026,Clinica Vantia,Meta Ads,Retargeting Social ES Q2,15.34,2906,49,1,1181.57
01/05/2026,Clinica Vantia,Meta Ads,Prospecting Social ES Q2,24.78,3891,55,1,1242.6
01/05/2026,Clinica Vantia,Meta Ads,Retargeting Social ES Q2,14.87,2347,31,0,0.0
02/05/2026,Clinica Vantia,Meta Ads,Prospecting Social ES Q2,24.06,3193,74,3,1741.81
02/05/2026,Clinica Vantia,Meta Ads,Retargeting Social ES Q2,14.43,1900,44,0,0.0
03/05/2026,Clinica Vantia,Meta Ads,Prospecting Social ES Q2,20.67,2621,42,2,1333.96
03/05/2026,Clinica Vantia,Meta Ads,Retargeting Social ES Q2,12.4,1559,27,1,1061.68
04/05/2026,Clinica Vantia,Meta Ads,Prospecting Social ES Q2,21.13,2611,21,0,0.0
04/05/2026,Clinica Vantia,Meta Ads,Retargeting Social ES Q2,12.68,1629,12,0,0.0
05/05/2026,Clinica Vantia,Meta Ads,Prospecting Social ES Q2,37.07,5073,40,3,2391.46
05/05/2026,Clinica Vantia,Meta Ads,Retargeting Social ES Q2,22.24,3101,22,2,1375.36
06/05/2026,Clinica Vantia,Meta Ads,Prospecting Social ES Q2,22.72,3031,40,0,0.0
06/05/2026,Clinica Vantia,Meta Ads,Retargeting Social ES Q2,13.63,1811,30,0,0.0
07/05/2026,Clinica Vantia,Meta Ads,Prospecting Social ES Q2,29.86,2871,30,0,0.0
07/05/2026,Clinica Vantia,Meta Ads,Retargeting Social ES Q2,17.92,1708,11,1,1374.58
08/05/2026,Clinica Vantia,Meta Ads,Prospecting Social ES Q2,26.91,2994,36,2,2046.43
08/05/2026,Clinica Vantia,Meta Ads,Retargeting Social ES Q2,16.14,1773,23,0,0.0
09/05/2026,Clinica Vantia,Meta Ads,Prospecting Social ES Q2,20.45,2219,36,0,0.0
09/05/2026,Clinica Vantia,Meta Ads,Retargeting Social ES Q2,12.27,1302,11,0,0.0
10/05/2026,Clinica Vantia,Meta Ads,Prospecting Social ES Q2,25.88,4146,94,2,1610.72
10/05/2026,Clinica Vantia,Meta Ads,Retargeting Social ES Q2,15.53,2452,45,1,566.48
11/05/2026,Clinica Vantia,Meta Ads,Prospecting Social ES Q2,23.3,3275,46,0,0.0
11/05/2026,Clinica Vantia,Meta Ads,Retargeting Social ES Q2,13.98,1960,28,0,0.0
12/05/2026,Clinica Vantia,Meta Ads,Prospecting Social ES Q2,22.11,3385,42,0,0.0
12/05/2026,Clinica Vantia,Meta Ads,Retargeting Social ES Q2,13.26,2000,20,0,0.0
13/05/2026,Clinica Vantia,Meta Ads,Prospecting Social ES Q2,16.09,1975,9,0,0.0
13/05/2026,Clinica Vantia,Meta Ads,Retargeting Social ES Q2,9.65,1093,10,0,0.0
14/05/2026,Clinica Vantia,Meta Ads,Prospecting Social ES Q2,30.4,5125,51,3,2310.06
14/05/2026,Clinica Vantia,Meta Ads,Retargeting Social ES Q2,18.24,3164,34,1,816.74
15/05/2026,Clinica Vantia,Meta Ads,Prospecting Social ES Q2,21.26,2112,21,1,976.51
15/05/2026,Clinica Vantia,Meta Ads,Retargeting Social ES Q2,12.75,1244,10,2,1570.34
16/05/2026,Clinica Vantia,Meta Ads,Prospecting Social ES Q2,22.94,3818,58,3,2399.66
16/05/2026,Clinica Vantia,Meta Ads,Retargeting Social ES Q2,13.77,2306,33,4,3320.96
17/05/2026,Clinica Vantia,Meta Ads,Prospecting Social ES Q2,27.61,5661,110,4,2331.38
17/05/2026,Clinica Vantia,Meta Ads,Retargeting Social ES Q2,16.56,3330,74,4,2618.17
18/05/2026,Clinica Vantia,Meta Ads,Prospecting Social ES Q2,23.09,2193,19,0,0.0
18/05/2026,Clinica Vantia,Meta Ads,Retargeting Social ES Q2,13.86,1380,21,0,0.0
19/05/2026,Clinica Vantia,Meta Ads,Prospecting Social ES Q2,19.26,3110,29,2,1095.61
19/05/2026,Clinica Vantia,Meta Ads,Retargeting Social ES Q2,11.56,1809,19,0,0.0
20/05/2026,Clinica Vantia,Meta Ads,Prospecting Social ES Q2,30.72,5018,37,1,463.74
20/05/2026,Clinica Vantia,Meta Ads,Retargeting Social ES Q2,18.43,3021,20,2,1476.63
21/05/2026,Clinica Vantia,Meta Ads,Prospecting Social ES Q2,21.2,2879,36,0,0.0
21/05/2026,Clinica Vantia,Meta Ads,Retargeting Social ES Q2,12.72,1703,31,1,816.15
22/05/2026,Clinica Vantia,Meta Ads,Prospecting Social ES Q2,22.94,2106,36,1,
22/05/2026,Clinica Vantia,Meta Ads,Retargeting Social ES Q2,13.76,1287,22,2,2108.32
23/05/2026,Clinica Vantia,Meta Ads,Prospecting Social ES Q2,21.32,4238,62,0,0.0
23/05/2026,Clinica Vantia,Meta Ads,Retargeting Social ES Q2,12.79,2509,26,0,0.0
24/05/2026,Clinica Vantia,Meta Ads,Prospecting Social ES Q2,19.5,2980,20,0,0.0
24/05/2026,Clinica Vantia,Meta Ads,Retargeting Social ES Q2,11.7,1853,22,1,758.58
25/05/2026,Clinica Vantia,Meta Ads,Prospecting Social ES Q2,21.03,2494,34,1,938.88
25/05/2026,Clinica Vantia,Meta Ads,Retargeting Social ES Q2,12.62,1537,21,0,0.0
26/05/2026,Clinica Vantia,Meta Ads,Prospecting Social ES Q2,25.78,3801,60,0,0.0
26/05/2026,Clinica Vantia,Meta Ads,Retargeting Social ES Q2,15.47,2220,35,1,720.43
27/05/2026,Clinica Vantia,Meta Ads,Prospecting Social ES Q2,23.52,2729,49,0,0.0
27/05/2026,Clinica Vantia,Meta Ads,Retargeting Social ES Q2,14.11,1612,35,0,0.0
28/05/2026,Clinica Vantia,Meta Ads,Prospecting Social ES Q2,26.58,2533,32,0,0.0
28/05/2026,Clinica Vantia,Meta Ads,Retargeting Social ES Q2,15.95,1573,29,0,0.0
29/05/2026,Clinica Vantia,Meta Ads,Prospecting Social ES Q2,30.89,2952,21,1,1145.63
29/05/2026,Clinica Vantia,Meta Ads,Retargeting Social ES Q2,18.53,1785,12,0,0.0
30/05/2026,Clinica Vantia,Meta Ads,Prospecting Social ES Q2,24.64,2439,25,1,730.72
30/05/2026,Clinica Vantia,Meta Ads,Retargeting Social ES Q2,14.78,1413,15,0,0.0
31/05/2026,Clinica Vantia,Meta Ads,Prospecting Social ES Q2,29.13,4414,83,0,0.0
31/05/2026,Clinica Vantia,Meta Ads,Retargeting Social ES Q2,17.48,2709,53,2,1953.49
01/06/2026,Clinica Vantia,Meta Ads,Prospecting Social ES Q2,24.24,2256,23,1,1040.11
01/06/2026,Clinica Vantia,Meta Ads,Retargeting Social ES Q2,14.55,1380,12,0,0.0
02/06/2026,Clinica Vantia,Meta Ads,Prospecting Social ES Q2,23.23,3919,82,0,0.0
02/06/2026,Clinica Vantia,Meta Ads,Retargeting Social ES Q2,13.94,2477,56,0,0.0
03/06/2026,Clinica Vantia,Meta Ads,Prospecting Social ES Q2,26.28,4682,71,0,0.0
03/06/2026,Clinica Vantia,Meta Ads,Retargeting Social ES Q2,15.77,2665,34,1,892.2
04/06/2026,Clinica Vantia,Meta Ads,Prospecting Social ES Q2,31.67,5330,76,4,3827.87
04/06/2026,Clinica Vantia,Meta Ads,Retargeting Social ES Q2,19.0,3132,58,1,876.69
05/06/2026,Clinica Vantia,Meta Ads,Prospecting Social ES Q2,20.47,2070,44,0,0.0
05/06/2026,Clinica Vantia,Meta Ads,Retargeting Social ES Q2,12.28,1236,21,1,599.53
06/06/2026,Clinica Vantia,Meta Ads,Prospecting Social ES Q2,21.89,2405,60,0,0.0
06/06/2026,Clinica Vantia,Meta Ads,Retargeting Social ES Q2,13.13,1437,32,1,976.27
07/06/2026,Clinica Vantia,Meta Ads,Prospecting Social ES Q2,23.29,3550,58,2,1767.8
07/06/2026,Clinica Vantia,Meta Ads,Retargeting Social ES Q2,13.97,2155,30,1,655.36
08/06/2026,Clinica Vantia,Meta Ads,Prospecting Social ES Q2,19.71,2061,14,0,0.0
08/06/2026,Clinica Vantia,Meta Ads,Retargeting Social ES Q2,11.83,1193,10,0,0.0
09/06/2026,Clinica Vantia,Meta Ads,Prospecting Social ES Q2,30.56,3083,36,0,0.0
09/06/2026,Clinica Vantia,Meta Ads,Retargeting Social ES Q2,18.34,1839,17,0,0.0
10/06/2026,Clinica Vantia,Meta Ads,Prospecting Social ES Q2,22.4,2012,27,1,934.37
10/06/2026,Clinica Vantia,Meta Ads,Retargeting Social ES Q2,13.44,1260,18,0,0.0
11/06/2026,Clinica Vantia,Meta Ads,Prospecting Social ES Q2,22.04,4210,46,1,923.78
11/06/2026,Clinica Vantia,Meta Ads,Retargeting Social ES Q2,13.22,2427,31,0,0.0
12/06/2026,Clinica Vantia,Meta Ads,Prospecting Social ES Q2,28.84,4329,45,1,820.83
12/06/2026,Clinica Vantia,Meta Ads,Retargeting Social ES Q2,17.31,2615,51,1,695.53
13/06/2026,Clinica Vantia,Meta Ads,Prospecting Social ES Q2,23.36,2215,27,1,1068.86
13/06/2026,Clinica Vantia,Meta Ads,Retargeting Social ES Q2,14.01,1296,24,0,0.0
14/06/2026,Clinica Vantia,Meta Ads,Prospecting Social ES Q2,20.01,2726,42,0,0.0
14/06/2026,Clinica Vantia,Meta Ads,Retargeting Social ES Q2,12.01,1639,24,0,0.0
15/06/2026,Clinica Vantia,Meta Ads,Prospecting Social ES Q2,24.97,2322,36,1,888.96
15/06/2026,Clinica Vantia,Meta Ads,Retargeting Social ES Q2,14.98,1430,22,1,706.67
16/06/2026,Clinica Vantia,Meta Ads,Prospecting Social ES Q2,21.73,2213,36,2,2179.5
16/06/2026,Clinica Vantia,Meta Ads,Retargeting Social ES Q2,13.04,1338,26,0,0.0
17/06/2026,Clinica Vantia,Meta Ads,Prospecting Social ES Q2,17.72,3097,27,3,2816.58
17/06/2026,Clinica Vantia,Meta Ads,Retargeting Social ES Q2,10.63,1909,24,1,897.63
18/06/2026,Clinica Vantia,Meta Ads,Prospecting Social ES Q2,36.14,5979,118,3,2429.02
18/06/2026,Clinica Vantia,Meta Ads,Retargeting Social ES Q2,21.68,3506,70,2,1051.84
19/06/2026,Clinica Vantia,Meta Ads,Prospecting Social ES Q2,29.68,3546,36,0,0.0
19/06/2026,Clinica Vantia,Meta Ads,Retargeting Social ES Q2,17.81,2052,18,2,2329.69
20/06/2026,Clinica Vantia,Meta Ads,Prospecting Social ES Q2,23.38,3201,64,1,1238.15
20/06/2026,Clinica Vantia,Meta Ads,Retargeting Social ES Q2,14.03,1907,27,1,640.45
21/06/2026,Clinica Vantia,Meta Ads,Prospecting Social ES Q2,26.14,3763,62,0,0.0
21/06/2026,Clinica Vantia,Meta Ads,Retargeting Social ES Q2,15.68,2369,37,1,554.12
22/06/2026,Clinica Vantia,Meta Ads,Prospecting Social ES Q2,21.09,2325,18,0,0.0
22/06/2026,Clinica Vantia,Meta Ads,Retargeting Social ES Q2,12.65,1349,14,0,0.0
23/06/2026,Clinica Vantia,Meta Ads,Prospecting Social ES Q2,23.76,2279,28,1,844.99
23/06/2026,Clinica Vantia,Meta Ads,Retargeting Social ES Q2,14.26,1383,21,2,1634.1
24/06/2026,Clinica Vantia,Meta Ads,Prospecting Social ES Q2,24.68,2939,45,0,0.0
24/06/2026,Clinica Vantia,Meta Ads,Retargeting Social ES Q2,14.81,1787,31,2,1683.26
25/06/2026,Clinica Vantia,Meta Ads,Prospecting Social ES Q2,21.13,3018,61,1,799.19
25/06/2026,Clinica Vantia,Meta Ads,Retargeting Social ES Q2,12.68,1859,39,2,1965.38
26/06/2026,Clinica Vantia,Meta Ads,Prospecting Social ES Q2,26.93,3339,45,3,2946.06
26/06/2026,Clinica Vantia,Meta Ads,Retargeting Social ES Q2,16.16,1992,25,0,0.0
27/06/2026,Clinica Vantia,Meta Ads,Prospecting Social ES Q2,19.74,2355,45,0,0.0
27/06/2026,Clinica Vantia,Meta Ads,Retargeting Social ES Q2,11.84,1425,32,2,2364.57
28/06/2026,Clinica Vantia,Meta Ads,Prospecting Social ES Q2,25.4,2469,33,1,867.56
28/06/2026,Clinica Vantia,Meta Ads,Retargeting Social ES Q2,15.24,1433,17,0,0.0
29/06/2026,Clinica Vantia,Meta Ads,Prospecting Social ES Q2,26.28,3989,54,2,2334.98
29/06/2026,Clinica Vantia,Meta Ads,Retargeting Social ES Q2,15.77,2262,30,1,652.25
30/06/2026,Clinica Vantia,Meta Ads,Prospecting Social ES Q2,23.46,3830,53,1,871.75
30/06/2026,Clinica Vantia,Meta Ads,Retargeting Social ES Q2,14.08,2316,57,0,0.0
01/07/2026,Clinica Vantia,Meta Ads,Prospecting Social ES Q3,35.13,3820,55,1,890.35
01/07/2026,Clinica Vantia,Meta Ads,Retargeting Social ES Q3,21.08,2146,35,1,1017.96
02/07/2026,Clinica Vantia,Meta Ads,Prospecting Social ES Q3,24.17,2416,29,1,704.1
02/07/2026,Clinica Vantia,Meta Ads,Retargeting Social ES Q3,14.5,1349,16,0,0.0
03/07/2026,Clinica Vantia,Meta Ads,Prospecting Social ES Q3,25.81,2498,40,2,1438.67
03/07/2026,Clinica Vantia,Meta Ads,Retargeting Social ES Q3,15.48,1451,19,0,0.0
04/07/2026,Clinica Vantia,Meta Ads,Prospecting Social ES Q3,17.62,2579,37,1,790.62
04/07/2026,Clinica Vantia,Meta Ads,Retargeting Social ES Q3,10.57,1573,24,1,729.46
05/07/2026,Clinica Vantia,Meta Ads,Prospecting Social ES Q3,23.1,3214,53,1,763.38
05/07/2026,Clinica Vantia,Meta Ads,Retargeting Social ES Q3,13.86,1946,39,1,1216.83
06/07/2026,Clinica Vantia,Meta Ads,Prospecting Social ES Q3,21.53,2338,19,0,0.0
06/07/2026,Clinica Vantia,Meta Ads,Retargeting Social ES Q3,12.92,1441,12,1,681.66
07/07/2026,Clinica Vantia,Meta Ads,Prospecting Social ES Q3,26.45,2664,38,3,2500.61
07/07/2026,Clinica Vantia,Meta Ads,Retargeting Social ES Q3,15.87,1516,19,0,0.0
08/07/2026,Clinica Vantia,Meta Ads,Prospecting Social ES Q3,28.49,3046,72,1,712.24
08/07/2026,Clinica Vantia,Meta Ads,Retargeting Social ES Q3,17.09,1820,28,1,770.2
09/07/2026,Clinica Vantia,Meta Ads,Prospecting Social ES Q3,23.01,4360,28,0,0.0
09/07/2026,Clinica Vantia,Meta Ads,Retargeting Social ES Q3,13.8,2480,14,1,1826.52
10/07/2026,Clinica Vantia,Meta Ads,Prospecting Social ES Q3,21.83,3027,26,0,0.0
10/07/2026,Clinica Vantia,Meta Ads,Retargeting Social ES Q3,13.1,1853,9,0,0.0
11/07/2026,Clinica Vantia,Meta Ads,Prospecting Social ES Q3,27.09,3806,68,0,0.0
11/07/2026,Clinica Vantia,Meta Ads,Retargeting Social ES Q3,16.26,2292,49,0,0.0
12/07/2026,Clinica Vantia,Meta Ads,Prospecting Social ES Q3,18.96,1782,10,0,0.0
12/07/2026,Clinica Vantia,Meta Ads,Retargeting Social ES Q3,11.38,1081,11,0,0.0
13/07/2026,Clinica Vantia,Meta Ads,Prospecting Social ES Q3,21.65,2318,36,2,4034.02
13/07/2026,Clinica Vantia,Meta Ads,Retargeting Social ES Q3,12.99,1400,23,1,1284.39
14/07/2026,Clinica Vantia,Meta Ads,Prospecting Social ES Q3,24.5,3804,46,3,2240.73
14/07/2026,Clinica Vantia,Meta Ads,Retargeting Social ES Q3,14.7,2219,21,1,792.1
15/07/2026,Clinica Vantia,Meta Ads,Prospecting Social ES Q3,24.34,3309,53,1,744.29
15/07/2026,Clinica Vantia,Meta Ads,Retargeting Social ES Q3,14.61,2074,40,0,0.0
16/07/2026,Clinica Vantia,Meta Ads,Prospecting Social ES Q3,24.57,3403,46,1,733.72
16/07/2026,Clinica Vantia,Meta Ads,Retargeting Social ES Q3,14.74,2166,23,0,0.0
17/07/2026,Clinica Vantia,Meta Ads,Prospecting Social ES Q3,20.06,1994,34,3,1701.02
17/07/2026,Clinica Vantia,Meta Ads,Retargeting Social ES Q3,12.04,1207,9,0,0.0
18/07/2026,Clinica Vantia,Meta Ads,Prospecting Social ES Q3,27.05,4019,46,1,956.16
18/07/2026,Clinica Vantia,Meta Ads,Retargeting Social ES Q3,16.23,2474,31,0,0.0
19/07/2026,Clinica Vantia,Meta Ads,Prospecting Social ES Q3,28.38,2691,27,0,0.0
19/07/2026,Clinica Vantia,Meta Ads,Retargeting Social ES Q3,17.03,1603,12,0,0.0
20/07/2026,Clinica Vantia,Meta Ads,Prospecting Social ES Q3,23.73,4160,63,0,0.0
20/07/2026,Clinica Vantia,Meta Ads,Retargeting Social ES Q3,14.24,2511,29,1,1108.14
21/07/2026,Clinica Vantia,Meta Ads,Prospecting Social ES Q3,26.22,3513,69,1,657.43
21/07/2026,Clinica Vantia,Meta Ads,Retargeting Social ES Q3,15.73,2152,42,0,0.0
22/07/2026,Clinica Vantia,Meta Ads,Prospecting Social ES Q3,23.48,3116,57,0,0.0
22/07/2026,Clinica Vantia,Meta Ads,Retargeting Social ES Q3,14.09,1846,27,0,0.0
23/07/2026,Clinica Vantia,Meta Ads,Prospecting Social ES Q3,23.92,2309,26,0,0.0
23/07/2026,Clinica Vantia,Meta Ads,Retargeting Social ES Q3,14.35,1403,18,0,0.0
24/07/2026,Clinica Vantia,Meta Ads,Prospecting Social ES Q3,24.39,2555,25,0,0.0
24/07/2026,Clinica Vantia,Meta Ads,Retargeting Social ES Q3,14.63,1537,10,0,0.0
25/07/2026,Clinica Vantia,Meta Ads,Prospecting Social ES Q3,24.39,2272,27,0,0.0
25/07/2026,Clinica Vantia,Meta Ads,Retargeting Social ES Q3,14.63,1328,16,0,0.0
26/07/2026,Clinica Vantia,Meta Ads,Prospecting Social ES Q3,20.96,2235,29,1,899.71
26/07/2026,Clinica Vantia,Meta Ads,Retargeting Social ES Q3,12.58,1350,29,0,0.0
27/07/2026,Clinica Vantia,Meta Ads,Prospecting Social ES Q3,28.08,4845,68,1,544.17
27/07/2026,Clinica Vantia,Meta Ads,Retargeting Social ES Q3,16.85,2906,46,1,1081.92
28/07/2026,Clinica Vantia,Meta Ads,Prospecting Social ES Q3,21.03,3293,30,0,0.0
28/07/2026,Clinica Vantia,Meta Ads,Retargeting Social ES Q3,12.62,2024,34,1,1195.09
29/07/2026,Clinica Vantia,Meta Ads,Prospecting Social ES Q3,22.99,3039,41,1,782.82
29/07/2026,Clinica Vantia,Meta Ads,Retargeting Social ES Q3,13.79,1727,17,2,1398.2
30/07/2026,Clinica Vantia,Meta Ads,Prospecting Social ES Q3,25.81,4027,80,1,574.02
30/07/2026,Clinica Vantia,Meta Ads,Retargeting Social ES Q3,15.49,2391,47,0,0.0
31/07/2026,Clinica Vantia,Meta Ads,Prospecting Social ES Q3,23.01,2564,46,0,0.0
31/07/2026,Clinica Vantia,Meta Ads,Retargeting Social ES Q3,13.81,1538,32,0,0.0
01/02/2025,Nordfit Equipment,Meta Ads,es-social-prospecting-q1,143.21,16357,328,5,283.03
01/02/2025,Nordfit Equipment,Meta Ads,es-social-retargeting-q1,111.39,12633,247,2,174.68
02/02/2025,Nordfit Equipment,Meta Ads,es-social-prospecting-q1,162.58,17704,194,4,206.49
02/02/2025,Nordfit Equipment,Meta Ads,es-social-retargeting-q1,126.45,13754,142,2,175.76
03/02/2025,Nordfit Equipment,Meta Ads,es-social-prospecting-q1,165.14,28754,258,7,542.37
03/02/2025,Nordfit Equipment,Meta Ads,es-social-retargeting-q1,128.44,22622,192,6,560.37
04/02/2025,Nordfit Equipment,Meta Ads,es-social-prospecting-q1,201.04,31058,495,13,649.68
04/02/2025,Nordfit Equipment,Meta Ads,es-social-retargeting-q1,156.37,23906,383,8,387.94
05/02/2025,Nordfit Equipment,Meta Ads,es-social-prospecting-q1,152.72,29638,362,4,314.03
05/02/2025,Nordfit Equipment,Meta Ads,es-social-retargeting-q1,118.79,22918,300,5,305.29
06/02/2025,Nordfit Equipment,Meta Ads,es-social-prospecting-q1,164.46,15321,329,12,1317.35
06/02/2025,Nordfit Equipment,Meta Ads,es-social-retargeting-q1,127.91,11803,237,7,548.81
07/02/2025,Nordfit Equipment,Meta Ads,es-social-prospecting-q1,193.16,28614,454,15,896.97
07/02/2025,Nordfit Equipment,Meta Ads,es-social-retargeting-q1,150.23,22001,303,9,758.32
08/02/2025,Nordfit Equipment,Meta Ads,es-social-prospecting-q1,212.99,25714,428,6,442.09
08/02/2025,Nordfit Equipment,Meta Ads,es-social-retargeting-q1,165.66,20238,297,4,265.99
09/02/2025,Nordfit Equipment,Meta Ads,es-social-prospecting-q1,134.01,18002,330,3,118.62
09/02/2025,Nordfit Equipment,Meta Ads,es-social-retargeting-q1,104.23,14008,246,4,356.32
10/02/2025,Nordfit Equipment,Meta Ads,es-social-prospecting-q1,155.23,21220,331,4,271.59
10/02/2025,Nordfit Equipment,Meta Ads,es-social-retargeting-q1,120.73,16494,238,5,400.76
11/02/2025,Nordfit Equipment,Meta Ads,es-social-prospecting-q1,142.8,21616,383,3,209.3
11/02/2025,Nordfit Equipment,Meta Ads,es-social-retargeting-q1,111.07,16976,322,8,305.16
12/02/2025,Nordfit Equipment,Meta Ads,es-social-prospecting-q1,162.42,19679,180,0,0.0
12/02/2025,Nordfit Equipment,Meta Ads,es-social-retargeting-q1,126.32,15256,175,0,0.0
13/02/2025,Nordfit Equipment,Meta Ads,es-social-prospecting-q1,157.01,19200,248,5,391.85
13/02/2025,Nordfit Equipment,Meta Ads,es-social-retargeting-q1,122.12,15042,199,4,209.94
14/02/2025,Nordfit Equipment,Meta Ads,es-social-prospecting-q1,143.62,21924,260,4,370.03
14/02/2025,Nordfit Equipment,Meta Ads,es-social-retargeting-q1,111.71,17141,207,4,258.51
15/02/2025,Nordfit Equipment,Meta Ads,es-social-prospecting-q1,163.42,17746,160,4,234.41
15/02/2025,Nordfit Equipment,Meta Ads,es-social-retargeting-q1,127.1,13498,124,2,125.91
16/02/2025,Nordfit Equipment,Meta Ads,es-social-prospecting-q1,151.68,20882,211,5,361.38
16/02/2025,Nordfit Equipment,Meta Ads,es-social-retargeting-q1,117.97,16227,158,1,89.14
17/02/2025,Nordfit Equipment,Meta Ads,es-social-prospecting-q1,152.77,23487,199,0,0.0
17/02/2025,Nordfit Equipment,Meta Ads,es-social-retargeting-q1,118.82,18202,153,1,56.79
18/02/2025,Nordfit Equipment,Meta Ads,es-social-prospecting-q1,144.36,15355,135,3,
18/02/2025,Nordfit Equipment,Meta Ads,es-social-retargeting-q1,112.28,11820,104,2,118.8
19/02/2025,Nordfit Equipment,Meta Ads,es-social-prospecting-q1,155.91,24947,220,4,
19/02/2025,Nordfit Equipment,Meta Ads,es-social-retargeting-q1,121.26,19291,175,2,132.49
20/02/2025,Nordfit Equipment,Meta Ads,es-social-prospecting-q1,202.37,34134,289,9,433.71
20/02/2025,Nordfit Equipment,Meta Ads,es-social-retargeting-q1,157.4,26723,223,3,186.48
21/02/2025,Nordfit Equipment,Meta Ads,es-social-prospecting-q1,167.25,28706,509,7,507.76
21/02/2025,Nordfit Equipment,Meta Ads,es-social-retargeting-q1,130.08,22438,412,3,244.6
22/02/2025,Nordfit Equipment,Meta Ads,es-social-prospecting-q1,183.65,19454,288,1,66.23
22/02/2025,Nordfit Equipment,Meta Ads,es-social-retargeting-q1,142.84,14958,218,2,95.75
23/02/2025,Nordfit Equipment,Meta Ads,es-social-prospecting-q1,176.4,17911,308,5,227.71
23/02/2025,Nordfit Equipment,Meta Ads,es-social-retargeting-q1,137.2,13921,241,5,
24/02/2025,Nordfit Equipment,Meta Ads,es-social-prospecting-q1,184.32,35377,589,9,869.89
24/02/2025,Nordfit Equipment,Meta Ads,es-social-retargeting-q1,143.36,27369,425,12,647.89
25/02/2025,Nordfit Equipment,Meta Ads,es-social-prospecting-q1,182.96,23367,298,4,250.46
25/02/2025,Nordfit Equipment,Meta Ads,es-social-retargeting-q1,142.31,18482,259,10,869.38
26/02/2025,Nordfit Equipment,Meta Ads,es-social-prospecting-q1,152.86,29896,431,9,471.3
26/02/2025,Nordfit Equipment,Meta Ads,es-social-retargeting-q1,118.89,23653,336,5,453.06
27/02/2025,Nordfit Equipment,Meta Ads,es-social-prospecting-q1,161.97,14987,289,5,354.68
27/02/2025,Nordfit Equipment,Meta Ads,es-social-retargeting-q1,125.98,11648,249,5,406.8
28/02/2025,Nordfit Equipment,Meta Ads,es-social-prospecting-q1,175.95,17878,209,8,381.28
28/02/2025,Nordfit Equipment,Meta Ads,es-social-retargeting-q1,136.85,13924,205,2,103.99
01/03/2025,Nordfit Equipment,Meta Ads,es-social-prospecting-q1,176.87,29964,448,0,0.0
01/03/2025,Nordfit Equipment,Meta Ads,es-social-retargeting-q1,137.56,23339,330,7,274.65
02/03/2025,Nordfit Equipment,Meta Ads,es-social-prospecting-q1,180.51,17987,287,10,531.26
02/03/2025,Nordfit Equipment,Meta Ads,es-social-retargeting-q1,140.4,14082,197,5,325.07
03/03/2025,Nordfit Equipment,Meta Ads,es-social-prospecting-q1,157.96,30510,398,5,569.72
03/03/2025,Nordfit Equipment,Meta Ads,es-social-retargeting-q1,122.86,24095,300,3,
04/03/2025,Nordfit Equipment,Meta Ads,es-social-prospecting-q1,163.07,24025,305,4,360.21
04/03/2025,Nordfit Equipment,Meta Ads,es-social-retargeting-q1,126.83,18722,245,4,301.12
05/03/2025,Nordfit Equipment,Meta Ads,es-social-prospecting-q1,188.77,32013,672,14,823.01
05/03/2025,Nordfit Equipment,Meta Ads,es-social-retargeting-q1,146.82,24822,517,12,966.06
06/03/2025,Nordfit Equipment,Meta Ads,es-social-prospecting-q1,168.34,19384,250,5,314.82
06/03/2025,Nordfit Equipment,Meta Ads,es-social-retargeting-q1,130.93,15024,183,2,138.34
07/03/2025,Nordfit Equipment,Meta Ads,es-social-prospecting-q1,201.26,20433,243,2,163.11
07/03/2025,Nordfit Equipment,Meta Ads,es-social-retargeting-q1,156.53,16385,189,1,94.21
08/03/2025,Nordfit Equipment,Meta Ads,es-social-prospecting-q1,144.57,24710,489,20,1631.78
08/03/2025,Nordfit Equipment,Meta Ads,es-social-retargeting-q1,112.45,19173,365,9,608.64
09/03/2025,Nordfit Equipment,Meta Ads,es-social-prospecting-q1,163.87,24615,251,2,
09/03/2025,Nordfit Equipment,Meta Ads,es-social-retargeting-q1,127.46,19463,183,6,324.28
10/03/2025,Nordfit Equipment,Meta Ads,es-social-prospecting-q1,189.25,33511,524,17,1277.14
10/03/2025,Nordfit Equipment,Meta Ads,es-social-retargeting-q1,147.2,25793,437,13,1034.04
11/03/2025,Nordfit Equipment,Meta Ads,es-social-prospecting-q1,196.57,30818,469,15,1226.02
11/03/2025,Nordfit Equipment,Meta Ads,es-social-retargeting-q1,152.89,23936,353,5,305.7
12/03/2025,Nordfit Equipment,Meta Ads,es-social-prospecting-q1,194.0,18798,243,5,331.87
12/03/2025,Nordfit Equipment,Meta Ads,es-social-retargeting-q1,150.89,14527,196,4,221.84
13/03/2025,Nordfit Equipment,Meta Ads,es-social-prospecting-q1,187.27,21761,439,11,763.48
13/03/2025,Nordfit Equipment,Meta Ads,es-social-retargeting-q1,145.65,16897,332,2,
14/03/2025,Nordfit Equipment,Meta Ads,es-social-prospecting-q1,149.69,22070,197,9,696.08
14/03/2025,Nordfit Equipment,Meta Ads,es-social-retargeting-q1,116.42,16837,159,1,58.07
15/03/2025,Nordfit Equipment,Meta Ads,es-social-prospecting-q1,153.51,27614,570,5,347.52
15/03/2025,Nordfit Equipment,Meta Ads,es-social-retargeting-q1,119.4,21453,393,0,0.0
16/03/2025,Nordfit Equipment,Meta Ads,es-social-prospecting-q1,188.47,26983,276,7,331.29
16/03/2025,Nordfit Equipment,Meta Ads,es-social-retargeting-q1,146.59,20640,240,12,910.92
17/03/2025,Nordfit Equipment,Meta Ads,es-social-prospecting-q1,133.42,15744,129,2,159.53
17/03/2025,Nordfit Equipment,Meta Ads,es-social-retargeting-q1,103.77,12166,86,1,69.64
18/03/2025,Nordfit Equipment,Meta Ads,es-social-prospecting-q1,131.54,26118,473,8,344.64
18/03/2025,Nordfit Equipment,Meta Ads,es-social-retargeting-q1,102.31,20332,390,7,441.1
19/03/2025,Nordfit Equipment,Meta Ads,es-social-prospecting-q1,139.85,22799,184,1,71.48
19/03/2025,Nordfit Equipment,Meta Ads,es-social-retargeting-q1,108.77,18059,159,1,52.0
20/03/2025,Nordfit Equipment,Meta Ads,es-social-prospecting-q1,120.71,11027,135,1,85.79
20/03/2025,Nordfit Equipment,Meta Ads,es-social-retargeting-q1,93.89,8573,91,2,165.11
21/03/2025,Nordfit Equipment,Meta Ads,es-social-prospecting-q1,179.63,26760,362,8,549.16
21/03/2025,Nordfit Equipment,Meta Ads,es-social-retargeting-q1,139.71,20952,307,10,662.37
22/03/2025,Nordfit Equipment,Meta Ads,es-social-prospecting-q1,125.38,17740,231,2,123.01
22/03/2025,Nordfit Equipment,Meta Ads,es-social-retargeting-q1,97.52,14028,167,1,94.36
23/03/2025,Nordfit Equipment,Meta Ads,es-social-prospecting-q1,164.85,16610,285,7,569.46
23/03/2025,Nordfit Equipment,Meta Ads,es-social-retargeting-q1,128.21,13070,218,3,111.75
24/03/2025,Nordfit Equipment,Meta Ads,es-social-prospecting-q1,128.6,15822,223,1,80.24
24/03/2025,Nordfit Equipment,Meta Ads,es-social-retargeting-q1,100.02,11990,147,0,0.0
25/03/2025,Nordfit Equipment,Meta Ads,es-social-prospecting-q1,137.03,15934,225,5,501.44
25/03/2025,Nordfit Equipment,Meta Ads,es-social-retargeting-q1,106.58,12527,196,6,500.02
26/03/2025,Nordfit Equipment,Meta Ads,es-social-prospecting-q1,153.82,25582,352,5,426.98
26/03/2025,Nordfit Equipment,Meta Ads,es-social-retargeting-q1,119.63,20042,278,7,381.02
27/03/2025,Nordfit Equipment,Meta Ads,es-social-prospecting-q1,195.75,20016,252,2,119.88
27/03/2025,Nordfit Equipment,Meta Ads,es-social-retargeting-q1,152.25,15545,209,1,67.85
28/03/2025,Nordfit Equipment,Meta Ads,es-social-prospecting-q1,220.14,29985,375,4,241.49
28/03/2025,Nordfit Equipment,Meta Ads,es-social-retargeting-q1,171.22,23474,287,2,135.84
29/03/2025,Nordfit Equipment,Meta Ads,es-social-prospecting-q1,230.91,24306,346,8,426.43
29/03/2025,Nordfit Equipment,Meta Ads,es-social-retargeting-q1,179.6,18935,237,7,588.81
30/03/2025,Nordfit Equipment,Meta Ads,es-social-prospecting-q1,192.28,32397,366,5,371.74
30/03/2025,Nordfit Equipment,Meta Ads,es-social-retargeting-q1,149.55,25089,260,10,613.89
31/03/2025,Nordfit Equipment,Meta Ads,es-social-prospecting-q1,125.24,12072,145,1,56.99
31/03/2025,Nordfit Equipment,Meta Ads,es-social-retargeting-q1,97.41,9304,115,1,52.22
01/04/2025,Nordfit Equipment,Meta Ads,es-social-prospecting-q2,159.37,18787,250,6,392.91
01/04/2025,Nordfit Equipment,Meta Ads,es-social-retargeting-q2,123.95,14743,194,3,160.06
02/04/2025,Nordfit Equipment,Meta Ads,es-social-prospecting-q2,165.01,15426,217,5,334.59
02/04/2025,Nordfit Equipment,Meta Ads,es-social-retargeting-q2,128.34,11767,152,2,163.78
03/04/2025,Nordfit Equipment,Meta Ads,es-social-prospecting-q2,228.8,27028,311,6,551.66
03/04/2025,Nordfit Equipment,Meta Ads,es-social-retargeting-q2,177.95,20973,256,1,46.11
04/04/2025,Nordfit Equipment,Meta Ads,es-social-prospecting-q2,172.08,16083,162,4,246.55
04/04/2025,Nordfit Equipment,Meta Ads,es-social-retargeting-q2,133.84,12518,95,0,0.0
05/04/2025,Nordfit Equipment,Meta Ads,es-social-prospecting-q2,158.7,20355,330,3,163.81
05/04/2025,Nordfit Equipment,Meta Ads,es-social-retargeting-q2,123.43,16022,235,8,555.8
06/04/2025,Nordfit Equipment,Meta Ads,es-social-prospecting-q2,148.2,16139,165,2,131.19
06/04/2025,Nordfit Equipment,Meta Ads,es-social-retargeting-q2,115.27,12539,121,4,355.08
07/04/2025,Nordfit Equipment,Meta Ads,es-social-prospecting-q2,164.32,20154,321,9,527.4
07/04/2025,Nordfit Equipment,Meta Ads,es-social-retargeting-q2,127.81,15882,259,3,185.42
08/04/2025,Nordfit Equipment,Meta Ads,es-social-prospecting-q2,114.11,14940,244,4,390.83
08/04/2025,Nordfit Equipment,Meta Ads,es-social-retargeting-q2,88.75,11804,168,1,62.92
09/04/2025,Nordfit Equipment,Meta Ads,es-social-prospecting-q2,177.21,19710,332,7,406.86
09/04/2025,Nordfit Equipment,Meta Ads,es-social-retargeting-q2,137.83,15399,249,6,287.33
10/04/2025,Nordfit Equipment,Meta Ads,es-social-prospecting-q2,182.17,23044,200,2,112.23
10/04/2025,Nordfit Equipment,Meta Ads,es-social-retargeting-q2,141.68,18075,162,2,124.94
11/04/2025,Nordfit Equipment,Meta Ads,es-social-prospecting-q2,139.92,18304,231,4,264.6
11/04/2025,Nordfit Equipment,Meta Ads,es-social-retargeting-q2,108.83,14422,158,2,182.27
12/04/2025,Nordfit Equipment,Meta Ads,es-social-prospecting-q2,178.27,30678,499,7,356.55
12/04/2025,Nordfit Equipment,Meta Ads,es-social-retargeting-q2,138.65,23639,400,8,772.94
13/04/2025,Nordfit Equipment,Meta Ads,es-social-prospecting-q2,225.79,34654,345,12,1096.79
13/04/2025,Nordfit Equipment,Meta Ads,es-social-retargeting-q2,175.61,26781,251,5,434.99
14/04/2025,Nordfit Equipment,Meta Ads,es-social-prospecting-q2,171.27,30595,411,8,654.7
14/04/2025,Nordfit Equipment,Meta Ads,es-social-retargeting-q2,133.21,23886,311,4,355.67
15/04/2025,Nordfit Equipment,Meta Ads,es-social-prospecting-q2,194.24,17923,206,3,129.69
15/04/2025,Nordfit Equipment,Meta Ads,es-social-retargeting-q2,151.08,13845,144,3,
16/04/2025,Nordfit Equipment,Meta Ads,es-social-prospecting-q2,167.9,21011,358,3,207.74
16/04/2025,Nordfit Equipment,Meta Ads,es-social-retargeting-q2,130.59,16067,292,7,429.03
17/04/2025,Nordfit Equipment,Meta Ads,es-social-prospecting-q2,136.1,12411,123,1,88.15
17/04/2025,Nordfit Equipment,Meta Ads,es-social-retargeting-q2,105.85,9813,99,2,169.95
18/04/2025,Nordfit Equipment,Meta Ads,es-social-prospecting-q2,154.78,24231,247,4,248.93
18/04/2025,Nordfit Equipment,Meta Ads,es-social-retargeting-q2,120.39,18891,184,5,385.3
19/04/2025,Nordfit Equipment,Meta Ads,es-social-prospecting-q2,144.7,21905,341,9,849.21
19/04/2025,Nordfit Equipment,Meta Ads,es-social-retargeting-q2,112.54,17395,258,6,462.82
20/04/2025,Nordfit Equipment,Meta Ads,es-social-prospecting-q2,150.72,22491,345,7,429.69
20/04/2025,Nordfit Equipment,Meta Ads,es-social-retargeting-q2,117.23,17416,308,9,595.69
21/04/2025,Nordfit Equipment,Meta Ads,es-social-prospecting-q2,152.65,14768,139,3,371.15
21/04/2025,Nordfit Equipment,Meta Ads,es-social-retargeting-q2,118.73,11632,126,4,397.29
22/04/2025,Nordfit Equipment,Meta Ads,es-social-prospecting-q2,153.68,20860,184,3,269.72
22/04/2025,Nordfit Equipment,Meta Ads,es-social-retargeting-q2,119.53,15955,127,1,81.36
23/04/2025,Nordfit Equipment,Meta Ads,es-social-prospecting-q2,153.62,29445,429,13,945.09
23/04/2025,Nordfit Equipment,Meta Ads,es-social-retargeting-q2,119.48,22760,303,10,685.14
24/04/2025,Nordfit Equipment,Meta Ads,es-social-prospecting-q2,128.94,11697,116,2,157.17
24/04/2025,Nordfit Equipment,Meta Ads,es-social-retargeting-q2,100.29,9148,127,7,533.56
25/04/2025,Nordfit Equipment,Meta Ads,es-social-prospecting-q2,166.54,15903,249,4,258.04
25/04/2025,Nordfit Equipment,Meta Ads,es-social-retargeting-q2,129.53,12184,183,4,447.51
26/04/2025,Nordfit Equipment,Meta Ads,es-social-prospecting-q2,186.13,29615,409,17,703.51
26/04/2025,Nordfit Equipment,Meta Ads,es-social-retargeting-q2,144.77,23319,342,11,
27/04/2025,Nordfit Equipment,Meta Ads,es-social-prospecting-q2,180.18,24969,231,7,574.29
27/04/2025,Nordfit Equipment,Meta Ads,es-social-retargeting-q2,140.14,19098,164,4,342.07
28/04/2025,Nordfit Equipment,Meta Ads,es-social-prospecting-q2,162.43,28434,263,5,420.3
28/04/2025,Nordfit Equipment,Meta Ads,es-social-retargeting-q2,126.33,21985,190,2,146.2
29/04/2025,Nordfit Equipment,Meta Ads,es-social-prospecting-q2,181.68,20851,244,6,421.75
29/04/2025,Nordfit Equipment,Meta Ads,es-social-retargeting-q2,141.31,16343,189,3,228.49
30/04/2025,Nordfit Equipment,Meta Ads,es-social-prospecting-q2,163.3,15430,252,6,525.1
30/04/2025,Nordfit Equipment,Meta Ads,es-social-retargeting-q2,127.01,12180,204,0,0.0
01/05/2025,Nordfit Equipment,Meta Ads,es-social-prospecting-q2,192.88,17776,286,2,120.71
01/05/2025,Nordfit Equipment,Meta Ads,es-social-retargeting-q2,150.02,13894,194,3,
02/05/2025,Nordfit Equipment,Meta Ads,es-social-prospecting-q2,156.64,21767,411,7,420.0
02/05/2025,Nordfit Equipment,Meta Ads,es-social-retargeting-q2,121.83,16933,317,5,242.65
03/05/2025,Nordfit Equipment,Meta Ads,es-social-prospecting-q2,142.09,20776,264,7,398.04
03/05/2025,Nordfit Equipment,Meta Ads,es-social-retargeting-q2,110.51,15979,195,5,366.41
04/05/2025,Nordfit Equipment,Meta Ads,es-social-prospecting-q2,145.15,18767,167,3,169.27
04/05/2025,Nordfit Equipment,Meta Ads,es-social-retargeting-q2,112.9,14602,119,6,594.78
05/05/2025,Nordfit Equipment,Meta Ads,es-social-prospecting-q2,177.65,16153,177,2,81.62
05/05/2025,Nordfit Equipment,Meta Ads,es-social-retargeting-q2,138.17,12518,103,5,404.32
06/05/2025,Nordfit Equipment,Meta Ads,es-social-prospecting-q2,174.11,23243,249,7,285.52
06/05/2025,Nordfit Equipment,Meta Ads,es-social-retargeting-q2,135.42,18026,174,5,431.06
07/05/2025,Nordfit Equipment,Meta Ads,es-social-prospecting-q2,198.93,35348,536,8,467.35
07/05/2025,Nordfit Equipment,Meta Ads,es-social-retargeting-q2,154.73,27590,415,4,380.8
08/05/2025,Nordfit Equipment,Meta Ads,es-social-prospecting-q2,156.5,23427,273,10,656.79
08/05/2025,Nordfit Equipment,Meta Ads,es-social-retargeting-q2,121.72,18340,180,5,237.46
09/05/2025,Nordfit Equipment,Meta Ads,es-social-prospecting-q2,174.7,19376,359,7,532.62
09/05/2025,Nordfit Equipment,Meta Ads,es-social-retargeting-q2,135.88,15092,250,5,560.73
10/05/2025,Nordfit Equipment,Meta Ads,es-social-prospecting-q2,188.71,24803,488,8,663.54
10/05/2025,Nordfit Equipment,Meta Ads,es-social-retargeting-q2,146.77,19522,374,6,349.35
11/05/2025,Nordfit Equipment,Meta Ads,es-social-prospecting-q2,187.0,17120,248,4,363.94
11/05/2025,Nordfit Equipment,Meta Ads,es-social-retargeting-q2,145.45,13176,175,3,
12/05/2025,Nordfit Equipment,Meta Ads,es-social-prospecting-q2,158.69,22418,310,2,170.61
12/05/2025,Nordfit Equipment,Meta Ads,es-social-retargeting-q2,123.42,17308,196,3,249.77
13/05/2025,Nordfit Equipment,Meta Ads,es-social-prospecting-q2,168.67,23664,287,5,432.89
13/05/2025,Nordfit Equipment,Meta Ads,es-social-retargeting-q2,131.19,18401,200,4,206.34
14/05/2025,Nordfit Equipment,Meta Ads,es-social-prospecting-q2,158.16,15080,197,3,307.49
14/05/2025,Nordfit Equipment,Meta Ads,es-social-retargeting-q2,123.01,11792,180,3,209.68
15/05/2025,Nordfit Equipment,Meta Ads,es-social-prospecting-q2,213.31,23295,488,10,679.33
15/05/2025,Nordfit Equipment,Meta Ads,es-social-retargeting-q2,165.91,18013,379,5,
16/05/2025,Nordfit Equipment,Meta Ads,es-social-prospecting-q2,138.98,24619,278,6,453.22
16/05/2025,Nordfit Equipment,Meta Ads,es-social-retargeting-q2,108.09,19164,237,9,683.44
17/05/2025,Nordfit Equipment,Meta Ads,es-social-prospecting-q2,141.41,17470,232,5,406.84
17/05/2025,Nordfit Equipment,Meta Ads,es-social-retargeting-q2,109.99,13970,196,4,138.78
18/05/2025,Nordfit Equipment,Meta Ads,es-social-prospecting-q2,160.01,27349,560,3,189.5
18/05/2025,Nordfit Equipment,Meta Ads,es-social-retargeting-q2,124.45,21440,449,4,284.51
19/05/2025,Nordfit Equipment,Meta Ads,es-social-prospecting-q2,193.16,22253,397,18,1026.46
19/05/2025,Nordfit Equipment,Meta Ads,es-social-retargeting-q2,150.23,17367,312,5,391.14
20/05/2025,Nordfit Equipment,Meta Ads,es-social-prospecting-q2,230.3,22831,187,3,278.51
20/05/2025,Nordfit Equipment,Meta Ads,es-social-retargeting-q2,179.12,17847,150,1,66.76
21/05/2025,Nordfit Equipment,Meta Ads,es-social-prospecting-q2,159.72,17253,239,4,416.15
21/05/2025,Nordfit Equipment,Meta Ads,es-social-retargeting-q2,124.22,13410,200,7,404.4
22/05/2025,Nordfit Equipment,Meta Ads,es-social-prospecting-q2,145.92,24010,378,5,328.5
22/05/2025,Nordfit Equipment,Meta Ads,es-social-retargeting-q2,113.49,18911,274,3,378.6
23/05/2025,Nordfit Equipment,Meta Ads,es-social-prospecting-q2,131.25,17058,317,5,280.74
23/05/2025,Nordfit Equipment,Meta Ads,es-social-retargeting-q2,102.09,13274,269,5,457.78
24/05/2025,Nordfit Equipment,Meta Ads,es-social-prospecting-q2,222.47,27780,274,7,479.96
24/05/2025,Nordfit Equipment,Meta Ads,es-social-retargeting-q2,173.03,21633,183,8,552.86
25/05/2025,Nordfit Equipment,Meta Ads,es-social-prospecting-q2,174.93,17409,276,6,332.1
25/05/2025,Nordfit Equipment,Meta Ads,es-social-retargeting-q2,136.06,13577,232,2,146.55
26/05/2025,Nordfit Equipment,Meta Ads,es-social-prospecting-q2,140.7,19429,343,11,715.04
26/05/2025,Nordfit Equipment,Meta Ads,es-social-retargeting-q2,109.44,14931,283,9,486.23
27/05/2025,Nordfit Equipment,Meta Ads,es-social-prospecting-q2,172.57,22890,275,3,243.99
27/05/2025,Nordfit Equipment,Meta Ads,es-social-retargeting-q2,134.22,17540,222,3,158.92
28/05/2025,Nordfit Equipment,Meta Ads,es-social-prospecting-q2,182.35,26541,281,13,662.04
28/05/2025,Nordfit Equipment,Meta Ads,es-social-retargeting-q2,141.83,20485,230,7,444.51
29/05/2025,Nordfit Equipment,Meta Ads,es-social-prospecting-q2,143.18,26174,484,9,760.65
29/05/2025,Nordfit Equipment,Meta Ads,es-social-retargeting-q2,111.36,20634,395,8,930.75
30/05/2025,Nordfit Equipment,Meta Ads,es-social-prospecting-q2,177.55,20028,263,7,475.44
30/05/2025,Nordfit Equipment,Meta Ads,es-social-retargeting-q2,138.09,15659,204,6,316.79
31/05/2025,Nordfit Equipment,Meta Ads,es-social-prospecting-q2,250.86,44670,424,3,226.8
31/05/2025,Nordfit Equipment,Meta Ads,es-social-retargeting-q2,195.11,34663,352,4,267.46
01/06/2025,Nordfit Equipment,Meta Ads,es-social-prospecting-q2,148.27,15361,175,1,76.22
01/06/2025,Nordfit Equipment,Meta Ads,es-social-retargeting-q2,115.32,12000,133,1,59.61
02/06/2025,Nordfit Equipment,Meta Ads,es-social-prospecting-q2,158.34,24778,453,6,328.58
02/06/2025,Nordfit Equipment,Meta Ads,es-social-retargeting-q2,123.15,19299,344,5,501.85
03/06/2025,Nordfit Equipment,Meta Ads,es-social-prospecting-q2,187.02,30506,558,11,984.16
03/06/2025,Nordfit Equipment,Meta Ads,es-social-retargeting-q2,145.46,23852,458,13,748.72
04/06/2025,Nordfit Equipment,Meta Ads,es-social-prospecting-q2,158.25,15007,263,15,873.46
04/06/2025,Nordfit Equipment,Meta Ads,es-social-retargeting-q2,123.08,11571,220,6,503.37
05/06/2025,Nordfit Equipment,Meta Ads,es-social-prospecting-q2,177.07,22222,355,8,435.62
05/06/2025,Nordfit Equipment,Meta Ads,es-social-retargeting-q2,137.72,17346,299,2,130.43
06/06/2025,Nordfit Equipment,Meta Ads,es-social-prospecting-q2,182.66,23911,465,6,505.4
06/06/2025,Nordfit Equipment,Meta Ads,es-social-retargeting-q2,142.07,18630,342,4,313.62
07/06/2025,Nordfit Equipment,Meta Ads,es-social-prospecting-q2,135.67,21357,294,7,524.96
07/06/2025,Nordfit Equipment,Meta Ads,es-social-retargeting-q2,105.52,16825,217,5,397.75
08/06/2025,Nordfit Equipment,Meta Ads,es-social-prospecting-q2,167.27,24468,357,2,146.77
08/06/2025,Nordfit Equipment,Meta Ads,es-social-retargeting-q2,130.1,19208,308,6,
09/06/2025,Nordfit Equipment,Meta Ads,es-social-prospecting-q2,163.68,21383,204,4,
09/06/2025,Nordfit Equipment,Meta Ads,es-social-retargeting-q2,127.31,16649,146,2,137.63
10/06/2025,Nordfit Equipment,Meta Ads,es-social-prospecting-q2,135.75,17632,315,9,691.12
10/06/2025,Nordfit Equipment,Meta Ads,es-social-retargeting-q2,105.58,13527,250,8,510.04
11/06/2025,Nordfit Equipment,Meta Ads,es-social-prospecting-q2,149.84,25640,442,9,693.2
11/06/2025,Nordfit Equipment,Meta Ads,es-social-retargeting-q2,116.54,19961,374,5,381.92
12/06/2025,Nordfit Equipment,Meta Ads,es-social-prospecting-q2,169.16,18901,323,8,427.15
12/06/2025,Nordfit Equipment,Meta Ads,es-social-retargeting-q2,131.57,14832,240,4,265.89
13/06/2025,Nordfit Equipment,Meta Ads,es-social-prospecting-q2,147.39,15825,214,6,362.92
13/06/2025,Nordfit Equipment,Meta Ads,es-social-retargeting-q2,114.64,12224,176,2,145.48
14/06/2025,Nordfit Equipment,Meta Ads,es-social-prospecting-q2,162.78,27710,565,11,830.98
14/06/2025,Nordfit Equipment,Meta Ads,es-social-retargeting-q2,126.61,21418,454,13,667.1
15/06/2025,Nordfit Equipment,Meta Ads,es-social-prospecting-q2,214.36,21348,387,2,131.19
15/06/2025,Nordfit Equipment,Meta Ads,es-social-retargeting-q2,166.73,16990,284,0,0.0
16/06/2025,Nordfit Equipment,Meta Ads,es-social-prospecting-q2,142.43,14074,221,9,578.02
16/06/2025,Nordfit Equipment,Meta Ads,es-social-retargeting-q2,110.78,10691,184,2,95.97
17/06/2025,Nordfit Equipment,Meta Ads,es-social-prospecting-q2,169.5,19999,309,5,479.68
17/06/2025,Nordfit Equipment,Meta Ads,es-social-retargeting-q2,131.84,15286,213,2,130.61
18/06/2025,Nordfit Equipment,Meta Ads,es-social-prospecting-q2,168.35,32855,481,16,1689.24
18/06/2025,Nordfit Equipment,Meta Ads,es-social-retargeting-q2,130.94,25341,368,15,1440.68
19/06/2025,Nordfit Equipment,Meta Ads,es-social-prospecting-q2,173.01,27956,364,5,327.9
19/06/2025,Nordfit Equipment,Meta Ads,es-social-retargeting-q2,134.56,21773,248,4,209.52
20/06/2025,Nordfit Equipment,Meta Ads,es-social-prospecting-q2,164.29,22307,302,4,265.22
20/06/2025,Nordfit Equipment,Meta Ads,es-social-retargeting-q2,127.78,17427,227,10,469.29
21/06/2025,Nordfit Equipment,Meta Ads,es-social-prospecting-q2,156.33,17841,216,12,1033.98
21/06/2025,Nordfit Equipment,Meta Ads,es-social-retargeting-q2,121.59,14195,184,5,421.09
22/06/2025,Nordfit Equipment,Meta Ads,es-social-prospecting-q2,195.7,33604,620,13,1195.79
22/06/2025,Nordfit Equipment,Meta Ads,es-social-retargeting-q2,152.21,26638,512,12,821.08
23/06/2025,Nordfit Equipment,Meta Ads,es-social-prospecting-q2,177.14,23439,347,11,880.72
23/06/2025,Nordfit Equipment,Meta Ads,es-social-retargeting-q2,137.78,17965,288,9,643.92
24/06/2025,Nordfit Equipment,Meta Ads,es-social-prospecting-q2,125.08,16733,320,1,50.33
24/06/2025,Nordfit Equipment,Meta Ads,es-social-retargeting-q2,97.28,12874,276,6,431.69
25/06/2025,Nordfit Equipment,Meta Ads,es-social-prospecting-q2,220.94,41010,732,18,973.36
25/06/2025,Nordfit Equipment,Meta Ads,es-social-retargeting-q2,171.84,32249,582,17,1061.66
26/06/2025,Nordfit Equipment,Meta Ads,es-social-prospecting-q2,193.6,22556,209,5,389.34
26/06/2025,Nordfit Equipment,Meta Ads,es-social-retargeting-q2,150.57,17503,157,3,340.36
27/06/2025,Nordfit Equipment,Meta Ads,es-social-prospecting-q2,149.62,15992,148,2,147.81
27/06/2025,Nordfit Equipment,Meta Ads,es-social-retargeting-q2,116.37,12723,96,1,53.21
28/06/2025,Nordfit Equipment,Meta Ads,es-social-prospecting-q2,161.35,19859,230,8,521.98
28/06/2025,Nordfit Equipment,Meta Ads,es-social-retargeting-q2,125.49,15305,175,5,438.61
29/06/2025,Nordfit Equipment,Meta Ads,es-social-prospecting-q2,208.34,32038,425,11,701.45
29/06/2025,Nordfit Equipment,Meta Ads,es-social-retargeting-q2,162.04,25070,338,5,328.34
30/06/2025,Nordfit Equipment,Meta Ads,es-social-prospecting-q2,175.72,18160,256,4,252.26
30/06/2025,Nordfit Equipment,Meta Ads,es-social-retargeting-q2,136.67,14242,196,6,376.4
01/07/2025,Nordfit Equipment,Meta Ads,es-social-prospecting-q3,188.61,23562,450,3,219.14
01/07/2025,Nordfit Equipment,Meta Ads,es-social-retargeting-q3,146.7,18357,339,6,475.52
02/07/2025,Nordfit Equipment,Meta Ads,es-social-prospecting-q3,148.14,16407,320,5,474.78
02/07/2025,Nordfit Equipment,Meta Ads,es-social-retargeting-q3,115.22,12832,229,4,215.9
03/07/2025,Nordfit Equipment,Meta Ads,es-social-prospecting-q3,153.29,18669,258,2,152.13
03/07/2025,Nordfit Equipment,Meta Ads,es-social-retargeting-q3,119.22,14298,204,2,146.34
04/07/2025,Nordfit Equipment,Meta Ads,es-social-prospecting-q3,187.07,24004,492,10,764.71
04/07/2025,Nordfit Equipment,Meta Ads,es-social-retargeting-q3,145.5,18558,339,8,745.0
05/07/2025,Nordfit Equipment,Meta Ads,es-social-prospecting-q3,158.17,14648,235,5,347.01
05/07/2025,Nordfit Equipment,Meta Ads,es-social-retargeting-q3,123.02,11348,176,3,172.21
06/07/2025,Nordfit Equipment,Meta Ads,es-social-prospecting-q3,147.36,14186,150,2,155.14
06/07/2025,Nordfit Equipment,Meta Ads,es-social-retargeting-q3,114.61,11011,117,2,150.26
07/07/2025,Nordfit Equipment,Meta Ads,es-social-prospecting-q3,134.83,16728,167,3,176.56
07/07/2025,Nordfit Equipment,Meta Ads,es-social-retargeting-q3,104.87,13362,120,5,327.49
08/07/2025,Nordfit Equipment,Meta Ads,es-social-prospecting-q3,202.75,19633,203,4,257.96
08/07/2025,Nordfit Equipment,Meta Ads,es-social-retargeting-q3,157.7,15347,147,3,182.58
09/07/2025,Nordfit Equipment,Meta Ads,es-social-prospecting-q3,159.68,18910,297,4,345.96
09/07/2025,Nordfit Equipment,Meta Ads,es-social-retargeting-q3,124.2,14982,241,5,410.59
10/07/2025,Nordfit Equipment,Meta Ads,es-social-prospecting-q3,156.04,25570,471,18,1422.3
10/07/2025,Nordfit Equipment,Meta Ads,es-social-retargeting-q3,121.36,19821,374,13,687.19
11/07/2025,Nordfit Equipment,Meta Ads,es-social-prospecting-q3,122.79,16048,257,3,
11/07/2025,Nordfit Equipment,Meta Ads,es-social-retargeting-q3,95.5,12410,191,1,75.63
12/07/2025,Nordfit Equipment,Meta Ads,es-social-prospecting-q3,161.03,16023,273,4,365.88
12/07/2025,Nordfit Equipment,Meta Ads,es-social-retargeting-q3,125.25,12446,230,5,278.81
13/07/2025,Nordfit Equipment,Meta Ads,es-social-prospecting-q3,162.2,17770,154,2,165.77
13/07/2025,Nordfit Equipment,Meta Ads,es-social-retargeting-q3,126.16,13867,138,1,78.91
14/07/2025,Nordfit Equipment,Meta Ads,es-social-prospecting-q3,231.04,32026,281,8,451.7
14/07/2025,Nordfit Equipment,Meta Ads,es-social-retargeting-q3,179.7,25089,215,5,
15/07/2025,Nordfit Equipment,Meta Ads,es-social-prospecting-q3,202.3,30840,310,4,245.11
15/07/2025,Nordfit Equipment,Meta Ads,es-social-retargeting-q3,157.34,23934,263,5,536.98
16/07/2025,Nordfit Equipment,Meta Ads,es-social-prospecting-q3,179.95,17761,285,6,608.54
16/07/2025,Nordfit Equipment,Meta Ads,es-social-retargeting-q3,139.96,14115,231,4,387.84
17/07/2025,Nordfit Equipment,Meta Ads,es-social-prospecting-q3,168.22,22587,207,4,
17/07/2025,Nordfit Equipment,Meta Ads,es-social-retargeting-q3,130.84,17680,170,1,79.75
18/07/2025,Nordfit Equipment,Meta Ads,es-social-prospecting-q3,182.23,28200,354,8,530.35
18/07/2025,Nordfit Equipment,Meta Ads,es-social-retargeting-q3,141.74,22026,289,6,258.92
19/07/2025,Nordfit Equipment,Meta Ads,es-social-prospecting-q3,209.24,25994,227,6,427.05
19/07/2025,Nordfit Equipment,Meta Ads,es-social-retargeting-q3,162.74,20005,176,4,301.26
20/07/2025,Nordfit Equipment,Meta Ads,es-social-prospecting-q3,143.73,21304,426,6,343.86
20/07/2025,Nordfit Equipment,Meta Ads,es-social-retargeting-q3,111.79,16464,329,8,458.06
21/07/2025,Nordfit Equipment,Meta Ads,es-social-prospecting-q3,167.63,22202,314,8,605.19
21/07/2025,Nordfit Equipment,Meta Ads,es-social-retargeting-q3,130.38,17584,274,10,610.58
22/07/2025,Nordfit Equipment,Meta Ads,es-social-prospecting-q3,145.89,22525,369,12,677.9
22/07/2025,Nordfit Equipment,Meta Ads,es-social-retargeting-q3,113.47,17214,313,7,578.66
23/07/2025,Nordfit Equipment,Meta Ads,es-social-prospecting-q3,171.63,25549,381,8,
23/07/2025,Nordfit Equipment,Meta Ads,es-social-retargeting-q3,133.49,19417,282,7,464.22
24/07/2025,Nordfit Equipment,Meta Ads,es-social-prospecting-q3,221.09,29220,452,6,399.9
24/07/2025,Nordfit Equipment,Meta Ads,es-social-retargeting-q3,171.96,22978,352,7,508.96
25/07/2025,Nordfit Equipment,Meta Ads,es-social-prospecting-q3,148.53,18846,290,6,513.52
25/07/2025,Nordfit Equipment,Meta Ads,es-social-retargeting-q3,115.52,14953,231,8,754.33
26/07/2025,Nordfit Equipment,Meta Ads,es-social-prospecting-q3,163.16,29544,365,9,716.96
26/07/2025,Nordfit Equipment,Meta Ads,es-social-retargeting-q3,126.9,22698,304,6,455.17
27/07/2025,Nordfit Equipment,Meta Ads,es-social-prospecting-q3,154.62,20215,327,7,420.77
27/07/2025,Nordfit Equipment,Meta Ads,es-social-retargeting-q3,120.26,15721,293,8,441.02
28/07/2025,Nordfit Equipment,Meta Ads,es-social-prospecting-q3,162.28,20885,320,6,406.86
28/07/2025,Nordfit Equipment,Meta Ads,es-social-retargeting-q3,126.21,16042,257,2,113.24
29/07/2025,Nordfit Equipment,Meta Ads,es-social-prospecting-q3,160.31,22126,184,4,253.96
29/07/2025,Nordfit Equipment,Meta Ads,es-social-retargeting-q3,124.68,17010,172,3,241.05
30/07/2025,Nordfit Equipment,Meta Ads,es-social-prospecting-q3,187.5,27423,478,12,963.65
30/07/2025,Nordfit Equipment,Meta Ads,es-social-retargeting-q3,145.83,21268,384,8,600.56
31/07/2025,Nordfit Equipment,Meta Ads,es-social-prospecting-q3,187.63,17070,328,12,1064.98
31/07/2025,Nordfit Equipment,Meta Ads,es-social-retargeting-q3,145.94,13042,230,7,404.81
01/08/2025,Nordfit Equipment,Meta Ads,es-social-prospecting-q3,149.07,20258,367,4,264.68
01/08/2025,Nordfit Equipment,Meta Ads,es-social-retargeting-q3,115.94,15991,282,8,747.78
02/08/2025,Nordfit Equipment,Meta Ads,es-social-prospecting-q3,192.0,19746,328,8,353.75
02/08/2025,Nordfit Equipment,Meta Ads,es-social-retargeting-q3,149.33,15482,277,8,495.42
03/08/2025,Nordfit Equipment,Meta Ads,es-social-prospecting-q3,141.34,15066,148,2,
03/08/2025,Nordfit Equipment,Meta Ads,es-social-retargeting-q3,109.93,11809,102,5,371.35
04/08/2025,Nordfit Equipment,Meta Ads,es-social-prospecting-q3,197.34,29379,218,5,540.11
04/08/2025,Nordfit Equipment,Meta Ads,es-social-retargeting-q3,153.49,23090,198,3,245.57
05/08/2025,Nordfit Equipment,Meta Ads,es-social-prospecting-q3,110.09,14285,190,5,335.11
05/08/2025,Nordfit Equipment,Meta Ads,es-social-retargeting-q3,85.63,11256,157,2,192.34
06/08/2025,Nordfit Equipment,Meta Ads,es-social-prospecting-q3,160.58,22085,416,9,528.24
06/08/2025,Nordfit Equipment,Meta Ads,es-social-retargeting-q3,124.89,17308,308,9,650.99
07/08/2025,Nordfit Equipment,Meta Ads,es-social-prospecting-q3,150.91,16035,320,4,285.7
07/08/2025,Nordfit Equipment,Meta Ads,es-social-retargeting-q3,117.37,12300,203,3,143.41
08/08/2025,Nordfit Equipment,Meta Ads,es-social-prospecting-q3,147.85,27421,270,14,858.62
08/08/2025,Nordfit Equipment,Meta Ads,es-social-retargeting-q3,114.99,21603,217,7,435.86
09/08/2025,Nordfit Equipment,Meta Ads,es-social-prospecting-q3,185.31,16873,337,3,190.92
09/08/2025,Nordfit Equipment,Meta Ads,es-social-retargeting-q3,144.13,13133,235,4,326.26
10/08/2025,Nordfit Equipment,Meta Ads,es-social-prospecting-q3,179.12,27485,280,5,269.73
10/08/2025,Nordfit Equipment,Meta Ads,es-social-retargeting-q3,139.31,21460,226,4,314.09
11/08/2025,Nordfit Equipment,Meta Ads,es-social-prospecting-q3,168.22,25523,235,3,131.81
11/08/2025,Nordfit Equipment,Meta Ads,es-social-retargeting-q3,130.84,19877,160,3,252.18
12/08/2025,Nordfit Equipment,Meta Ads,es-social-prospecting-q3,165.64,31143,416,6,
12/08/2025,Nordfit Equipment,Meta Ads,es-social-retargeting-q3,128.83,23990,296,6,540.41
13/08/2025,Nordfit Equipment,Meta Ads,es-social-prospecting-q3,180.28,21726,407,5,381.81
13/08/2025,Nordfit Equipment,Meta Ads,es-social-retargeting-q3,140.22,17248,323,9,900.88
14/08/2025,Nordfit Equipment,Meta Ads,es-social-prospecting-q3,175.99,17871,338,10,499.2
14/08/2025,Nordfit Equipment,Meta Ads,es-social-retargeting-q3,136.88,13883,252,4,314.89
15/08/2025,Nordfit Equipment,Meta Ads,es-social-prospecting-q3,178.05,23746,375,3,166.49
15/08/2025,Nordfit Equipment,Meta Ads,es-social-retargeting-q3,138.49,18690,323,1,87.95
16/08/2025,Nordfit Equipment,Meta Ads,es-social-prospecting-q3,179.83,18326,239,5,475.65
16/08/2025,Nordfit Equipment,Meta Ads,es-social-retargeting-q3,139.87,14168,187,4,358.4
17/08/2025,Nordfit Equipment,Meta Ads,es-social-prospecting-q3,168.41,29127,341,5,246.01
17/08/2025,Nordfit Equipment,Meta Ads,es-social-retargeting-q3,130.98,22882,247,5,199.04
18/08/2025,Nordfit Equipment,Meta Ads,es-social-prospecting-q3,173.07,23875,425,15,980.11
18/08/2025,Nordfit Equipment,Meta Ads,es-social-retargeting-q3,134.61,18362,322,8,536.72
19/08/2025,Nordfit Equipment,Meta Ads,es-social-prospecting-q3,177.65,17382,236,6,559.33
19/08/2025,Nordfit Equipment,Meta Ads,es-social-retargeting-q3,138.17,13626,163,3,209.54
20/08/2025,Nordfit Equipment,Meta Ads,es-social-prospecting-q3,191.14,29354,493,6,557.97
20/08/2025,Nordfit Equipment,Meta Ads,es-social-retargeting-q3,148.66,23004,389,7,331.83
21/08/2025,Nordfit Equipment,Meta Ads,es-social-prospecting-q3,141.37,13068,153,1,85.72
21/08/2025,Nordfit Equipment,Meta Ads,es-social-retargeting-q3,109.96,10337,116,0,0.0
22/08/2025,Nordfit Equipment,Meta Ads,es-social-prospecting-q3,188.64,24191,201,1,93.59
22/08/2025,Nordfit Equipment,Meta Ads,es-social-retargeting-q3,146.72,18501,170,6,583.18
23/08/2025,Nordfit Equipment,Meta Ads,es-social-prospecting-q3,191.56,32807,516,7,576.88
23/08/2025,Nordfit Equipment,Meta Ads,es-social-retargeting-q3,148.99,25304,403,7,601.84
24/08/2025,Nordfit Equipment,Meta Ads,es-social-prospecting-q3,166.44,18010,270,3,364.8
24/08/2025,Nordfit Equipment,Meta Ads,es-social-retargeting-q3,129.45,13958,202,2,113.55
25/08/2025,Nordfit Equipment,Meta Ads,es-social-prospecting-q3,188.33,22224,306,7,661.27
25/08/2025,Nordfit Equipment,Meta Ads,es-social-retargeting-q3,146.48,17233,253,11,773.27
26/08/2025,Nordfit Equipment,Meta Ads,es-social-prospecting-q3,198.75,22213,456,7,282.77
26/08/2025,Nordfit Equipment,Meta Ads,es-social-retargeting-q3,154.59,17275,337,6,717.22
27/08/2025,Nordfit Equipment,Meta Ads,es-social-prospecting-q3,126.67,12578,190,2,
27/08/2025,Nordfit Equipment,Meta Ads,es-social-retargeting-q3,98.52,9932,129,4,399.58
28/08/2025,Nordfit Equipment,Meta Ads,es-social-prospecting-q3,176.3,17561,327,7,459.72
28/08/2025,Nordfit Equipment,Meta Ads,es-social-retargeting-q3,137.12,13413,254,6,
29/08/2025,Nordfit Equipment,Meta Ads,es-social-prospecting-q3,214.35,26192,281,6,465.27
29/08/2025,Nordfit Equipment,Meta Ads,es-social-retargeting-q3,166.72,20348,217,3,292.47
30/08/2025,Nordfit Equipment,Meta Ads,es-social-prospecting-q3,172.24,21602,214,3,187.33
30/08/2025,Nordfit Equipment,Meta Ads,es-social-retargeting-q3,133.96,16495,173,1,77.4
31/08/2025,Nordfit Equipment,Meta Ads,es-social-prospecting-q3,175.17,18303,162,3,240.89
31/08/2025,Nordfit Equipment,Meta Ads,es-social-retargeting-q3,136.24,14175,117,5,311.47
01/09/2025,Nordfit Equipment,Meta Ads,es-social-prospecting-q3,149.57,26183,471,12,811.76
01/09/2025,Nordfit Equipment,Meta Ads,es-social-retargeting-q3,116.33,20395,354,9,572.23
02/09/2025,Nordfit Equipment,Meta Ads,es-social-prospecting-q3,152.85,29473,368,8,634.89
02/09/2025,Nordfit Equipment,Meta Ads,es-social-retargeting-q3,118.89,22909,285,3,125.59
03/09/2025,Nordfit Equipment,Meta Ads,es-social-prospecting-q3,183.86,16976,204,3,
03/09/2025,Nordfit Equipment,Meta Ads,es-social-retargeting-q3,143.0,13020,160,1,101.56
04/09/2025,Nordfit Equipment,Meta Ads,es-social-prospecting-q3,179.0,17138,352,9,470.21
04/09/2025,Nordfit Equipment,Meta Ads,es-social-retargeting-q3,139.22,13299,260,8,613.7
05/09/2025,Nordfit Equipment,Meta Ads,es-social-prospecting-q3,150.95,17942,219,2,167.39
05/09/2025,Nordfit Equipment,Meta Ads,es-social-retargeting-q3,117.4,14023,174,5,288.41
06/09/2025,Nordfit Equipment,Meta Ads,es-social-prospecting-q3,166.07,17164,151,3,143.88
06/09/2025,Nordfit Equipment,Meta Ads,es-social-retargeting-q3,129.16,13411,107,0,0.0
07/09/2025,Nordfit Equipment,Meta Ads,es-social-prospecting-q3,157.63,31366,302,10,681.18
07/09/2025,Nordfit Equipment,Meta Ads,es-social-retargeting-q3,122.6,23933,223,4,217.58
08/09/2025,Nordfit Equipment,Meta Ads,es-social-prospecting-q3,158.34,18013,287,5,290.88
08/09/2025,Nordfit Equipment,Meta Ads,es-social-retargeting-q3,123.15,13784,213,4,225.94
09/09/2025,Nordfit Equipment,Meta Ads,es-social-prospecting-q3,270.07,28977,361,10,642.31
09/09/2025,Nordfit Equipment,Meta Ads,es-social-retargeting-q3,210.05,22210,297,12,840.99
10/09/2025,Nordfit Equipment,Meta Ads,es-social-prospecting-q3,155.35,19953,373,6,302.46
10/09/2025,Nordfit Equipment,Meta Ads,es-social-retargeting-q3,120.83,15618,262,10,960.86
11/09/2025,Nordfit Equipment,Meta Ads,es-social-prospecting-q3,165.22,23964,245,6,383.82
11/09/2025,Nordfit Equipment,Meta Ads,es-social-retargeting-q3,128.51,18595,184,9,469.05
12/09/2025,Nordfit Equipment,Meta Ads,es-social-prospecting-q3,169.83,18461,316,2,124.84
12/09/2025,Nordfit Equipment,Meta Ads,es-social-retargeting-q3,132.09,14157,206,0,0.0
13/09/2025,Nordfit Equipment,Meta Ads,es-social-prospecting-q3,177.5,32710,400,7,620.44
13/09/2025,Nordfit Equipment,Meta Ads,es-social-retargeting-q3,138.05,25452,290,9,824.94
14/09/2025,Nordfit Equipment,Meta Ads,es-social-prospecting-q3,139.5,13001,249,2,119.64
14/09/2025,Nordfit Equipment,Meta Ads,es-social-retargeting-q3,108.5,10023,164,1,56.01
15/09/2025,Nordfit Equipment,Meta Ads,es-social-prospecting-q3,166.54,19427,247,9,793.44
15/09/2025,Nordfit Equipment,Meta Ads,es-social-retargeting-q3,129.53,15134,216,7,639.77
16/09/2025,Nordfit Equipment,Meta Ads,es-social-prospecting-q3,211.08,19765,273,7,386.0
16/09/2025,Nordfit Equipment,Meta Ads,es-social-retargeting-q3,164.17,15349,195,2,140.65
17/09/2025,Nordfit Equipment,Meta Ads,es-social-prospecting-q3,177.16,28591,520,13,963.93
17/09/2025,Nordfit Equipment,Meta Ads,es-social-retargeting-q3,137.79,22360,388,5,266.43
18/09/2025,Nordfit Equipment,Meta Ads,es-social-prospecting-q3,179.7,17570,249,4,313.17
18/09/2025,Nordfit Equipment,Meta Ads,es-social-retargeting-q3,139.77,13756,193,1,74.92
19/09/2025,Nordfit Equipment,Meta Ads,es-social-prospecting-q3,200.93,35106,326,10,574.26
19/09/2025,Nordfit Equipment,Meta Ads,es-social-retargeting-q3,156.28,27041,217,8,428.17
20/09/2025,Nordfit Equipment,Meta Ads,es-social-prospecting-q3,174.04,22690,428,4,213.98
20/09/2025,Nordfit Equipment,Meta Ads,es-social-retargeting-q3,135.36,17531,323,2,99.23
21/09/2025,Nordfit Equipment,Meta Ads,es-social-prospecting-q3,185.93,26448,220,5,285.72
21/09/2025,Nordfit Equipment,Meta Ads,es-social-retargeting-q3,144.61,20436,188,3,274.15
22/09/2025,Nordfit Equipment,Meta Ads,es-social-prospecting-q3,130.06,12312,182,5,331.18
22/09/2025,Nordfit Equipment,Meta Ads,es-social-retargeting-q3,101.16,9540,159,1,74.2
23/09/2025,Nordfit Equipment,Meta Ads,es-social-prospecting-q3,145.47,15396,185,3,244.49
23/09/2025,Nordfit Equipment,Meta Ads,es-social-retargeting-q3,113.15,12230,146,1,71.75
24/09/2025,Nordfit Equipment,Meta Ads,es-social-prospecting-q3,180.6,26341,233,4,322.9
24/09/2025,Nordfit Equipment,Meta Ads,es-social-retargeting-q3,140.47,20412,191,1,121.0
25/09/2025,Nordfit Equipment,Meta Ads,es-social-prospecting-q3,191.83,36877,631,26,2120.68
25/09/2025,Nordfit Equipment,Meta Ads,es-social-retargeting-q3,149.2,28680,510,8,532.49
26/09/2025,Nordfit Equipment,Meta Ads,es-social-prospecting-q3,216.27,37405,626,20,1320.82
26/09/2025,Nordfit Equipment,Meta Ads,es-social-retargeting-q3,168.21,29438,509,9,776.85
27/09/2025,Nordfit Equipment,Meta Ads,es-social-prospecting-q3,179.75,17284,222,6,412.26
27/09/2025,Nordfit Equipment,Meta Ads,es-social-retargeting-q3,139.8,13245,199,2,87.1
28/09/2025,Nordfit Equipment,Meta Ads,es-social-prospecting-q3,149.49,18251,218,4,305.95
28/09/2025,Nordfit Equipment,Meta Ads,es-social-retargeting-q3,116.27,14230,176,2,111.63
29/09/2025,Nordfit Equipment,Meta Ads,es-social-prospecting-q3,149.43,23787,202,2,130.49
29/09/2025,Nordfit Equipment,Meta Ads,es-social-retargeting-q3,116.22,18557,151,4,260.03
30/09/2025,Nordfit Equipment,Meta Ads,es-social-prospecting-q3,198.33,37817,308,8,405.59
30/09/2025,Nordfit Equipment,Meta Ads,es-social-retargeting-q3,154.26,29737,246,5,219.35
01/10/2025,Nordfit Equipment,Meta Ads,es-social-prospecting-q4,150.56,29954,423,12,858.79
01/10/2025,Nordfit Equipment,Meta Ads,es-social-retargeting-q4,117.1,23047,306,4,187.51
02/10/2025,Nordfit Equipment,Meta Ads,es-social-prospecting-q4,172.93,23035,374,7,479.91
02/10/2025,Nordfit Equipment,Meta Ads,es-social-retargeting-q4,134.5,17816,287,4,203.34
03/10/2025,Nordfit Equipment,Meta Ads,es-social-prospecting-q4,186.81,30067,247,3,282.26
03/10/2025,Nordfit Equipment,Meta Ads,es-social-retargeting-q4,145.3,23179,184,3,251.56
04/10/2025,Nordfit Equipment,Meta Ads,es-social-prospecting-q4,126.52,13703,229,5,316.23
04/10/2025,Nordfit Equipment,Meta Ads,es-social-retargeting-q4,98.41,10860,170,1,110.83
05/10/2025,Nordfit Equipment,Meta Ads,es-social-prospecting-q4,153.01,19828,389,7,333.78
05/10/2025,Nordfit Equipment,Meta Ads,es-social-retargeting-q4,119.01,15672,316,4,397.9
06/10/2025,Nordfit Equipment,Meta Ads,es-social-prospecting-q4,135.78,22090,206,4,311.86
06/10/2025,Nordfit Equipment,Meta Ads,es-social-retargeting-q4,105.61,17187,160,1,63.68
07/10/2025,Nordfit Equipment,Meta Ads,es-social-prospecting-q4,177.77,19019,285,8,636.55
07/10/2025,Nordfit Equipment,Meta Ads,es-social-retargeting-q4,138.26,15050,209,11,854.6
08/10/2025,Nordfit Equipment,Meta Ads,es-social-prospecting-q4,147.4,19768,317,1,54.07
08/10/2025,Nordfit Equipment,Meta Ads,es-social-retargeting-q4,114.65,15407,244,2,220.25
09/10/2025,Nordfit Equipment,Meta Ads,es-social-prospecting-q4,152.11,23947,312,5,311.1
09/10/2025,Nordfit Equipment,Meta Ads,es-social-retargeting-q4,118.31,18866,243,5,222.27
10/10/2025,Nordfit Equipment,Meta Ads,es-social-prospecting-q4,130.78,16258,132,1,42.83
10/10/2025,Nordfit Equipment,Meta Ads,es-social-retargeting-q4,101.72,12595,105,2,91.28
11/10/2025,Nordfit Equipment,Meta Ads,es-social-prospecting-q4,196.39,21736,310,8,636.42
11/10/2025,Nordfit Equipment,Meta Ads,es-social-retargeting-q4,152.75,17059,231,9,415.54
12/10/2025,Nordfit Equipment,Meta Ads,es-social-prospecting-q4,175.86,34309,665,27,1499.08
12/10/2025,Nordfit Equipment,Meta Ads,es-social-retargeting-q4,136.78,26732,542,24,1199.61
13/10/2025,Nordfit Equipment,Meta Ads,es-social-prospecting-q4,174.8,34167,557,10,629.8
13/10/2025,Nordfit Equipment,Meta Ads,es-social-retargeting-q4,135.96,26653,451,3,146.74
14/10/2025,Nordfit Equipment,Meta Ads,es-social-prospecting-q4,209.88,41387,501,12,1009.07
14/10/2025,Nordfit Equipment,Meta Ads,es-social-retargeting-q4,163.24,31997,380,11,640.93
15/10/2025,Nordfit Equipment,Meta Ads,es-social-prospecting-q4,170.76,16958,213,1,68.7
15/10/2025,Nordfit Equipment,Meta Ads,es-social-retargeting-q4,132.81,13185,144,1,61.89
16/10/2025,Nordfit Equipment,Meta Ads,es-social-prospecting-q4,190.69,25742,372,14,1102.03
16/10/2025,Nordfit Equipment,Meta Ads,es-social-retargeting-q4,148.31,20271,288,5,
17/10/2025,Nordfit Equipment,Meta Ads,es-social-prospecting-q4,179.6,17978,176,4,255.63
17/10/2025,Nordfit Equipment,Meta Ads,es-social-retargeting-q4,139.69,13958,151,3,170.71
18/10/2025,Nordfit Equipment,Meta Ads,es-social-prospecting-q4,147.02,18252,368,8,557.42
18/10/2025,Nordfit Equipment,Meta Ads,es-social-retargeting-q4,114.35,14266,277,2,170.37
19/10/2025,Nordfit Equipment,Meta Ads,es-social-prospecting-q4,163.48,22137,344,5,361.62
19/10/2025,Nordfit Equipment,Meta Ads,es-social-retargeting-q4,127.15,17166,277,10,673.09
20/10/2025,Nordfit Equipment,Meta Ads,es-social-prospecting-q4,109.51,10919,158,3,170.58
20/10/2025,Nordfit Equipment,Meta Ads,es-social-retargeting-q4,85.17,8310,103,2,137.14
21/10/2025,Nordfit Equipment,Meta Ads,es-social-prospecting-q4,167.32,27320,448,4,330.44
21/10/2025,Nordfit Equipment,Meta Ads,es-social-retargeting-q4,130.14,21131,350,4,307.24
22/10/2025,Nordfit Equipment,Meta Ads,es-social-prospecting-q4,168.83,28029,440,9,482.07
22/10/2025,Nordfit Equipment,Meta Ads,es-social-retargeting-q4,131.31,21845,302,5,391.12
23/10/2025,Nordfit Equipment,Meta Ads,es-social-prospecting-q4,140.74,22980,401,9,612.72
23/10/2025,Nordfit Equipment,Meta Ads,es-social-retargeting-q4,109.47,17684,305,8,564.7
24/10/2025,Nordfit Equipment,Meta Ads,es-social-prospecting-q4,176.66,16487,227,2,85.9
24/10/2025,Nordfit Equipment,Meta Ads,es-social-retargeting-q4,137.4,12761,166,0,0.0
25/10/2025,Nordfit Equipment,Meta Ads,es-social-prospecting-q4,183.8,17164,348,6,632.54
25/10/2025,Nordfit Equipment,Meta Ads,es-social-retargeting-q4,142.96,13213,250,2,
26/10/2025,Nordfit Equipment,Meta Ads,es-social-prospecting-q4,214.73,23071,189,5,240.93
26/10/2025,Nordfit Equipment,Meta Ads,es-social-retargeting-q4,167.01,17940,159,2,130.21
27/10/2025,Nordfit Equipment,Meta Ads,es-social-prospecting-q4,170.36,23044,285,4,203.94
27/10/2025,Nordfit Equipment,Meta Ads,es-social-retargeting-q4,132.5,18168,192,3,275.14
28/10/2025,Nordfit Equipment,Meta Ads,es-social-prospecting-q4,166.12,17853,337,6,354.01
28/10/2025,Nordfit Equipment,Meta Ads,es-social-retargeting-q4,129.2,14072,241,3,201.03
29/10/2025,Nordfit Equipment,Meta Ads,es-social-prospecting-q4,143.37,15254,148,8,659.71
29/10/2025,Nordfit Equipment,Meta Ads,es-social-retargeting-q4,111.51,12050,126,4,449.73
30/10/2025,Nordfit Equipment,Meta Ads,es-social-prospecting-q4,146.86,15004,291,10,1021.27
30/10/2025,Nordfit Equipment,Meta Ads,es-social-retargeting-q4,114.23,11540,216,8,486.06
31/10/2025,Nordfit Equipment,Meta Ads,es-social-prospecting-q4,168.83,19399,152,0,0.0
31/10/2025,Nordfit Equipment,Meta Ads,es-social-retargeting-q4,131.31,15016,124,2,132.03
01/11/2025,Nordfit Equipment,Meta Ads,es-social-prospecting-q4,216.71,20552,318,6,404.74
01/11/2025,Nordfit Equipment,Meta Ads,es-social-retargeting-q4,168.56,15997,248,1,
02/11/2025,Nordfit Equipment,Meta Ads,es-social-prospecting-q4,156.37,28741,333,5,357.13
02/11/2025,Nordfit Equipment,Meta Ads,es-social-retargeting-q4,121.62,22262,264,2,96.57
03/11/2025,Nordfit Equipment,Meta Ads,es-social-prospecting-q4,155.11,17176,332,5,327.97
03/11/2025,Nordfit Equipment,Meta Ads,es-social-retargeting-q4,120.64,13117,242,2,129.53
04/11/2025,Nordfit Equipment,Meta Ads,es-social-prospecting-q4,193.4,17795,171,4,255.43
04/11/2025,Nordfit Equipment,Meta Ads,es-social-retargeting-q4,150.42,13955,127,1,72.31
05/11/2025,Nordfit Equipment,Meta Ads,es-social-prospecting-q4,138.62,13275,135,1,106.74
05/11/2025,Nordfit Equipment,Meta Ads,es-social-retargeting-q4,107.82,10543,78,0,0.0
06/11/2025,Nordfit Equipment,Meta Ads,es-social-prospecting-q4,165.06,23767,249,4,296.68
06/11/2025,Nordfit Equipment,Meta Ads,es-social-retargeting-q4,128.38,18138,199,5,522.01
07/11/2025,Nordfit Equipment,Meta Ads,es-social-prospecting-q4,150.52,20241,174,5,340.45
07/11/2025,Nordfit Equipment,Meta Ads,es-social-retargeting-q4,117.07,15733,122,1,66.57
08/11/2025,Nordfit Equipment,Meta Ads,es-social-prospecting-q4,137.31,14698,151,2,147.17
08/11/2025,Nordfit Equipment,Meta Ads,es-social-retargeting-q4,106.8,11315,105,0,0.0
09/11/2025,Nordfit Equipment,Meta Ads,es-social-prospecting-q4,152.91,15799,200,2,144.74
09/11/2025,Nordfit Equipment,Meta Ads,es-social-retargeting-q4,118.93,12341,181,2,121.89
10/11/2025,Nordfit Equipment,Meta Ads,es-social-prospecting-q4,151.49,20299,258,5,379.18
10/11/2025,Nordfit Equipment,Meta Ads,es-social-retargeting-q4,117.83,15681,210,3,212.02
11/11/2025,Nordfit Equipment,Meta Ads,es-social-prospecting-q4,152.0,17084,325,14,1288.77
11/11/2025,Nordfit Equipment,Meta Ads,es-social-retargeting-q4,118.22,13139,265,7,388.95
12/11/2025,Nordfit Equipment,Meta Ads,es-social-prospecting-q4,177.03,20592,193,0,0.0
12/11/2025,Nordfit Equipment,Meta Ads,es-social-retargeting-q4,137.69,15770,117,1,58.72
13/11/2025,Nordfit Equipment,Meta Ads,es-social-prospecting-q4,183.64,30075,419,9,465.24
13/11/2025,Nordfit Equipment,Meta Ads,es-social-retargeting-q4,142.83,23319,300,3,264.55
14/11/2025,Nordfit Equipment,Meta Ads,es-social-prospecting-q4,180.73,24483,206,5,258.05
14/11/2025,Nordfit Equipment,Meta Ads,es-social-retargeting-q4,140.57,19495,164,5,277.29
15/11/2025,Nordfit Equipment,Meta Ads,es-social-prospecting-q4,187.02,35333,391,8,470.11
15/11/2025,Nordfit Equipment,Meta Ads,es-social-retargeting-q4,145.46,27301,333,10,597.36
16/11/2025,Nordfit Equipment,Meta Ads,es-social-prospecting-q4,169.52,20819,251,3,168.44
16/11/2025,Nordfit Equipment,Meta Ads,es-social-retargeting-q4,131.85,16169,194,3,169.03
17/11/2025,Nordfit Equipment,Meta Ads,es-social-prospecting-q4,172.32,20864,228,6,346.72
17/11/2025,Nordfit Equipment,Meta Ads,es-social-retargeting-q4,134.03,16252,174,6,420.74
18/11/2025,Nordfit Equipment,Meta Ads,es-social-prospecting-q4,162.22,17195,295,3,174.02
18/11/2025,Nordfit Equipment,Meta Ads,es-social-retargeting-q4,126.17,13352,241,2,214.21
19/11/2025,Nordfit Equipment,Meta Ads,es-social-prospecting-q4,148.81,29149,302,7,508.96
19/11/2025,Nordfit Equipment,Meta Ads,es-social-retargeting-q4,115.74,22270,235,7,398.13
20/11/2025,Nordfit Equipment,Meta Ads,es-social-prospecting-q4,286.64,45670,732,19,2504.95
20/11/2025,Nordfit Equipment,Meta Ads,es-social-retargeting-q4,222.94,35269,586,17,1168.24
20/11/2025,Nordfit Equipment,Meta Ads,es-social-blackfriday-q4,445.89,71228,1105,31,1846.86
21/11/2025,Nordfit Equipment,Meta Ads,es-social-prospecting-q4,306.93,48904,919,26,2025.07
21/11/2025,Nordfit Equipment,Meta Ads,es-social-retargeting-q4,238.73,37979,741,21,1918.48
21/11/2025,Nordfit Equipment,Meta Ads,es-social-blackfriday-q4,477.45,75891,1407,33,3290.76
22/11/2025,Nordfit Equipment,Meta Ads,es-social-prospecting-q4,311.4,46284,612,6,337.9
22/11/2025,Nordfit Equipment,Meta Ads,es-social-retargeting-q4,242.2,35709,472,8,357.06
22/11/2025,Nordfit Equipment,Meta Ads,es-social-blackfriday-q4,484.4,72035,945,17,887.1
23/11/2025,Nordfit Equipment,Meta Ads,es-social-prospecting-q4,297.74,34390,374,9,471.55
23/11/2025,Nordfit Equipment,Meta Ads,es-social-retargeting-q4,231.58,26754,262,9,518.54
23/11/2025,Nordfit Equipment,Meta Ads,es-social-blackfriday-q4,463.16,53758,567,9,591.95
24/11/2025,Nordfit Equipment,Meta Ads,es-social-prospecting-q4,222.16,25424,336,7,475.71
24/11/2025,Nordfit Equipment,Meta Ads,es-social-retargeting-q4,172.79,19823,223,7,535.04
24/11/2025,Nordfit Equipment,Meta Ads,es-social-blackfriday-q4,345.58,40183,461,9,655.36
25/11/2025,Nordfit Equipment,Meta Ads,es-social-prospecting-q4,393.27,76324,658,10,442.05
25/11/2025,Nordfit Equipment,Meta Ads,es-social-retargeting-q4,305.88,59364,539,2,89.36
25/11/2025,Nordfit Equipment,Meta Ads,es-social-blackfriday-q4,611.75,119287,1076,11,694.17
26/11/2025,Nordfit Equipment,Meta Ads,es-social-prospecting-q4,269.02,27195,398,8,442.97
26/11/2025,Nordfit Equipment,Meta Ads,es-social-retargeting-q4,209.24,21084,314,6,481.03
26/11/2025,Nordfit Equipment,Meta Ads,es-social-blackfriday-q4,418.47,42302,628,13,976.89
27/11/2025,Nordfit Equipment,Meta Ads,es-social-prospecting-q4,284.98,38745,418,10,740.42
27/11/2025,Nordfit Equipment,Meta Ads,es-social-retargeting-q4,221.65,29936,306,8,929.72
27/11/2025,Nordfit Equipment,Meta Ads,es-social-blackfriday-q4,443.3,59953,636,14,923.52
28/11/2025,Nordfit Equipment,Meta Ads,es-social-prospecting-q4,391.74,38419,525,9,900.44
28/11/2025,Nordfit Equipment,Meta Ads,es-social-retargeting-q4,304.68,29419,419,8,542.5
28/11/2025,Nordfit Equipment,Meta Ads,es-social-blackfriday-q4,609.37,59545,812,11,628.24
29/11/2025,Nordfit Equipment,Meta Ads,es-social-prospecting-q4,252.93,23978,436,4,258.19
29/11/2025,Nordfit Equipment,Meta Ads,es-social-retargeting-q4,196.72,18559,338,6,371.72
29/11/2025,Nordfit Equipment,Meta Ads,es-social-blackfriday-q4,393.44,37127,701,8,424.97
30/11/2025,Nordfit Equipment,Meta Ads,es-social-prospecting-q4,321.38,29243,291,7,411.14
30/11/2025,Nordfit Equipment,Meta Ads,es-social-retargeting-q4,249.96,22846,214,3,166.75
30/11/2025,Nordfit Equipment,Meta Ads,es-social-blackfriday-q4,499.92,45593,439,12,754.53
01/12/2025,Nordfit Equipment,Meta Ads,es-social-prospecting-q4,202.66,24867,218,1,104.18
01/12/2025,Nordfit Equipment,Meta Ads,es-social-retargeting-q4,157.62,19384,162,3,153.82
01/12/2025,Nordfit Equipment,Meta Ads,es-social-blackfriday-q4,315.25,38864,347,6,440.74
02/12/2025,Nordfit Equipment,Meta Ads,es-social-prospecting-q4,370.36,34424,306,6,384.52
02/12/2025,Nordfit Equipment,Meta Ads,es-social-retargeting-q4,288.05,26861,204,2,224.65
02/12/2025,Nordfit Equipment,Meta Ads,es-social-blackfriday-q4,576.11,53655,449,10,703.77
03/12/2025,Nordfit Equipment,Meta Ads,es-social-prospecting-q4,253.52,27484,446,18,
03/12/2025,Nordfit Equipment,Meta Ads,es-social-retargeting-q4,197.18,21430,382,11,499.71
04/12/2025,Nordfit Equipment,Meta Ads,es-social-prospecting-q4,287.2,39430,580,12,1360.78
04/12/2025,Nordfit Equipment,Meta Ads,es-social-retargeting-q4,223.38,30658,408,8,636.57
05/12/2025,Nordfit Equipment,Meta Ads,es-social-prospecting-q4,188.55,25954,422,5,239.56
05/12/2025,Nordfit Equipment,Meta Ads,es-social-retargeting-q4,146.65,20111,330,9,478.19
06/12/2025,Nordfit Equipment,Meta Ads,es-social-prospecting-q4,167.79,24020,417,6,
06/12/2025,Nordfit Equipment,Meta Ads,es-social-retargeting-q4,130.5,18693,299,2,146.64
07/12/2025,Nordfit Equipment,Meta Ads,es-social-prospecting-q4,199.86,26350,352,15,1512.55
07/12/2025,Nordfit Equipment,Meta Ads,es-social-retargeting-q4,155.45,20674,232,14,1115.22
08/12/2025,Nordfit Equipment,Meta Ads,es-social-prospecting-q4,254.33,28004,223,6,501.08
08/12/2025,Nordfit Equipment,Meta Ads,es-social-retargeting-q4,197.81,21841,188,3,211.47
09/12/2025,Nordfit Equipment,Meta Ads,es-social-prospecting-q4,200.97,25326,352,5,333.18
09/12/2025,Nordfit Equipment,Meta Ads,es-social-retargeting-q4,156.31,19712,309,6,472.14
10/12/2025,Nordfit Equipment,Meta Ads,es-social-prospecting-q4,230.12,33593,355,10,550.62
10/12/2025,Nordfit Equipment,Meta Ads,es-social-retargeting-q4,178.98,26484,258,3,195.71
11/12/2025,Nordfit Equipment,Meta Ads,es-social-prospecting-q4,231.42,42762,796,18,809.14
11/12/2025,Nordfit Equipment,Meta Ads,es-social-retargeting-q4,179.99,33197,666,18,961.33
12/12/2025,Nordfit Equipment,Meta Ads,es-social-prospecting-q4,197.49,35652,671,20,2403.24
12/12/2025,Nordfit Equipment,Meta Ads,es-social-retargeting-q4,153.61,27655,554,16,
13/12/2025,Nordfit Equipment,Meta Ads,es-social-prospecting-q4,265.71,38400,398,10,810.96
13/12/2025,Nordfit Equipment,Meta Ads,es-social-retargeting-q4,206.66,29583,306,6,699.06
14/12/2025,Nordfit Equipment,Meta Ads,es-social-prospecting-q4,189.82,18312,366,6,399.12
14/12/2025,Nordfit Equipment,Meta Ads,es-social-retargeting-q4,147.64,14358,272,1,66.97
15/12/2025,Nordfit Equipment,Meta Ads,es-social-prospecting-q4,182.42,27183,492,7,471.28
15/12/2025,Nordfit Equipment,Meta Ads,es-social-retargeting-q4,141.88,21347,373,5,362.79
16/12/2025,Nordfit Equipment,Meta Ads,es-social-prospecting-q4,198.37,24237,494,4,260.76
16/12/2025,Nordfit Equipment,Meta Ads,es-social-retargeting-q4,154.29,18935,335,5,303.03
17/12/2025,Nordfit Equipment,Meta Ads,es-social-prospecting-q4,176.03,17563,325,8,
17/12/2025,Nordfit Equipment,Meta Ads,es-social-retargeting-q4,136.91,13566,265,4,270.0
18/12/2025,Nordfit Equipment,Meta Ads,es-social-prospecting-q4,325.79,43734,550,11,555.23
18/12/2025,Nordfit Equipment,Meta Ads,es-social-retargeting-q4,253.39,34210,431,10,1161.73
19/12/2025,Nordfit Equipment,Meta Ads,es-social-prospecting-q4,273.27,40392,553,19,1383.37
19/12/2025,Nordfit Equipment,Meta Ads,es-social-retargeting-q4,212.54,31800,429,9,557.56
20/12/2025,Nordfit Equipment,Meta Ads,es-social-prospecting-q4,200.56,31426,323,12,998.8
20/12/2025,Nordfit Equipment,Meta Ads,es-social-retargeting-q4,155.99,24521,240,4,258.49
21/12/2025,Nordfit Equipment,Meta Ads,es-social-prospecting-q4,199.52,37552,336,4,267.84
21/12/2025,Nordfit Equipment,Meta Ads,es-social-retargeting-q4,155.18,29170,275,5,
22/12/2025,Nordfit Equipment,Meta Ads,es-social-prospecting-q4,169.97,17848,218,3,248.36
22/12/2025,Nordfit Equipment,Meta Ads,es-social-retargeting-q4,132.2,13770,171,2,172.81
23/12/2025,Nordfit Equipment,Meta Ads,es-social-prospecting-q4,238.03,36058,688,18,1096.55
23/12/2025,Nordfit Equipment,Meta Ads,es-social-retargeting-q4,185.13,28432,495,14,
24/12/2025,Nordfit Equipment,Meta Ads,es-social-prospecting-q4,245.17,24919,322,10,552.02
24/12/2025,Nordfit Equipment,Meta Ads,es-social-retargeting-q4,190.69,19420,267,6,374.74
25/12/2025,Nordfit Equipment,Meta Ads,es-social-prospecting-q4,255.12,35308,273,4,233.6
25/12/2025,Nordfit Equipment,Meta Ads,es-social-retargeting-q4,198.43,27440,243,3,271.25
26/12/2025,Nordfit Equipment,Meta Ads,es-social-prospecting-q4,201.61,23545,304,5,413.21
26/12/2025,Nordfit Equipment,Meta Ads,es-social-retargeting-q4,156.8,18038,233,3,189.53
27/12/2025,Nordfit Equipment,Meta Ads,es-social-prospecting-q4,244.44,29711,465,17,1946.92
27/12/2025,Nordfit Equipment,Meta Ads,es-social-retargeting-q4,190.12,23394,351,9,803.85
28/12/2025,Nordfit Equipment,Meta Ads,es-social-prospecting-q4,197.86,23015,323,8,464.54
28/12/2025,Nordfit Equipment,Meta Ads,es-social-retargeting-q4,153.89,17626,248,8,392.76
29/12/2025,Nordfit Equipment,Meta Ads,es-social-prospecting-q4,240.55,23712,203,5,355.85
29/12/2025,Nordfit Equipment,Meta Ads,es-social-retargeting-q4,187.09,18555,166,5,358.99
30/12/2025,Nordfit Equipment,Meta Ads,es-social-prospecting-q4,237.52,22391,260,2,157.45
30/12/2025,Nordfit Equipment,Meta Ads,es-social-retargeting-q4,184.74,17482,199,1,61.8
31/12/2025,Nordfit Equipment,Meta Ads,es-social-prospecting-q4,227.18,36111,372,8,411.66
31/12/2025,Nordfit Equipment,Meta Ads,es-social-retargeting-q4,176.69,27895,290,7,419.39
01/01/2026,Nordfit Equipment,Meta Ads,es-social-prospecting-q1,260.88,23940,301,4,338.57
01/01/2026,Nordfit Equipment,Meta Ads,es-social-retargeting-q1,202.91,18615,200,6,454.05
01/01/2026,Nordfit Equipment,Meta Ads,es-social-januarysale-q1,289.87,26673,329,7,477.53
02/01/2026,Nordfit Equipment,Meta Ads,es-social-prospecting-q1,238.65,38735,615,9,609.71
02/01/2026,Nordfit Equipment,Meta Ads,es-social-retargeting-q1,185.62,29774,511,7,590.23
02/01/2026,Nordfit Equipment,Meta Ads,es-social-januarysale-q1,265.17,43029,745,15,957.43
03/01/2026,Nordfit Equipment,Meta Ads,es-social-prospecting-q1,429.2,76531,1334,12,687.86
03/01/2026,Nordfit Equipment,Meta Ads,es-social-retargeting-q1,333.82,59361,1028,14,1377.11
03/01/2026,Nordfit Equipment,Meta Ads,es-social-januarysale-q1,476.89,85075,1495,23,1622.58
04/01/2026,Nordfit Equipment,Meta Ads,es-social-prospecting-q1,240.55,25201,223,10,664.69
04/01/2026,Nordfit Equipment,Meta Ads,es-social-retargeting-q1,187.09,19558,168,5,261.85
04/01/2026,Nordfit Equipment,Meta Ads,es-social-januarysale-q1,267.28,28027,226,3,166.55
05/01/2026,Nordfit Equipment,Meta Ads,es-social-prospecting-q1,261.82,24824,465,6,400.82
05/01/2026,Nordfit Equipment,Meta Ads,es-social-retargeting-q1,203.64,19104,394,10,520.48
05/01/2026,Nordfit Equipment,Meta Ads,es-social-januarysale-q1,290.91,27348,507,9,558.57
06/01/2026,Nordfit Equipment,Meta Ads,es-social-prospecting-q1,256.88,24638,294,11,664.34
06/01/2026,Nordfit Equipment,Meta Ads,es-social-retargeting-q1,199.79,19245,216,7,457.45
06/01/2026,Nordfit Equipment,Meta Ads,es-social-januarysale-q1,285.42,27381,316,12,1129.96
07/01/2026,Nordfit Equipment,Meta Ads,es-social-prospecting-q1,263.08,29454,351,2,224.61
07/01/2026,Nordfit Equipment,Meta Ads,es-social-retargeting-q1,204.62,22848,311,3,208.09
07/01/2026,Nordfit Equipment,Meta Ads,es-social-januarysale-q1,292.31,32905,425,3,126.35
08/01/2026,Nordfit Equipment,Meta Ads,es-social-prospecting-q1,284.04,30440,633,5,319.59
08/01/2026,Nordfit Equipment,Meta Ads,es-social-retargeting-q1,220.92,24035,478,4,314.78
08/01/2026,Nordfit Equipment,Meta Ads,es-social-januarysale-q1,315.6,34071,688,10,711.61
09/01/2026,Nordfit Equipment,Meta Ads,es-social-prospecting-q1,258.86,50648,794,22,1386.32
09/01/2026,Nordfit Equipment,Meta Ads,es-social-retargeting-q1,201.33,38873,624,24,1400.52
09/01/2026,Nordfit Equipment,Meta Ads,es-social-januarysale-q1,287.62,55344,884,26,2038.5
10/01/2026,Nordfit Equipment,Meta Ads,es-social-prospecting-q1,310.6,39918,763,15,833.6
10/01/2026,Nordfit Equipment,Meta Ads,es-social-retargeting-q1,241.58,30793,613,10,748.96
10/01/2026,Nordfit Equipment,Meta Ads,es-social-januarysale-q1,345.11,44407,821,28,1862.97
11/01/2026,Nordfit Equipment,Meta Ads,es-social-prospecting-q1,260.81,27048,387,3,173.31
11/01/2026,Nordfit Equipment,Meta Ads,es-social-retargeting-q1,202.85,21097,334,6,492.28
11/01/2026,Nordfit Equipment,Meta Ads,es-social-januarysale-q1,289.78,30495,436,7,348.41
12/01/2026,Nordfit Equipment,Meta Ads,es-social-prospecting-q1,332.82,66389,800,3,215.22
12/01/2026,Nordfit Equipment,Meta Ads,es-social-retargeting-q1,258.86,51105,554,8,418.13
12/01/2026,Nordfit Equipment,Meta Ads,es-social-januarysale-q1,369.8,73634,846,13,1084.47
13/01/2026,Nordfit Equipment,Meta Ads,es-social-prospecting-q1,256.34,38672,599,19,1277.92
13/01/2026,Nordfit Equipment,Meta Ads,es-social-retargeting-q1,199.37,30252,491,14,1831.64
13/01/2026,Nordfit Equipment,Meta Ads,es-social-januarysale-q1,284.82,43368,641,22,2559.94
14/01/2026,Nordfit Equipment,Meta Ads,es-social-prospecting-q1,223.05,24320,342,8,592.26
14/01/2026,Nordfit Equipment,Meta Ads,es-social-retargeting-q1,173.48,18875,270,8,543.78
14/01/2026,Nordfit Equipment,Meta Ads,es-social-januarysale-q1,247.83,27124,412,6,362.77
15/01/2026,Nordfit Equipment,Meta Ads,es-social-prospecting-q1,221.19,26628,347,6,
15/01/2026,Nordfit Equipment,Meta Ads,es-social-retargeting-q1,172.04,20448,306,8,629.18
15/01/2026,Nordfit Equipment,Meta Ads,es-social-januarysale-q1,245.77,29398,403,13,905.74
16/01/2026,Nordfit Equipment,Meta Ads,es-social-prospecting-q1,124.84,20403,360,11,625.22
16/01/2026,Nordfit Equipment,Meta Ads,es-social-retargeting-q1,97.1,15952,310,3,206.66
17/01/2026,Nordfit Equipment,Meta Ads,es-social-prospecting-q1,167.57,27703,253,5,387.0
17/01/2026,Nordfit Equipment,Meta Ads,es-social-retargeting-q1,130.33,21337,181,6,521.78
18/01/2026,Nordfit Equipment,Meta Ads,es-social-prospecting-q1,134.53,15502,160,4,269.7
18/01/2026,Nordfit Equipment,Meta Ads,es-social-retargeting-q1,104.64,11704,102,5,310.42
19/01/2026,Nordfit Equipment,Meta Ads,es-social-prospecting-q1,140.33,14364,155,5,542.45
19/01/2026,Nordfit Equipment,Meta Ads,es-social-retargeting-q1,109.15,11151,100,1,70.09
20/01/2026,Nordfit Equipment,Meta Ads,es-social-prospecting-q1,128.65,17674,314,8,487.07
20/01/2026,Nordfit Equipment,Meta Ads,es-social-retargeting-q1,100.06,13992,237,6,332.59
21/01/2026,Nordfit Equipment,Meta Ads,es-social-prospecting-q1,164.88,19185,163,7,457.51
21/01/2026,Nordfit Equipment,Meta Ads,es-social-retargeting-q1,128.24,14996,118,3,174.21
22/01/2026,Nordfit Equipment,Meta Ads,es-social-prospecting-q1,181.85,20866,293,2,128.84
22/01/2026,Nordfit Equipment,Meta Ads,es-social-retargeting-q1,141.44,16070,247,9,526.97
23/01/2026,Nordfit Equipment,Meta Ads,es-social-prospecting-q1,150.26,23960,269,5,421.66
23/01/2026,Nordfit Equipment,Meta Ads,es-social-retargeting-q1,116.87,18328,191,6,485.26
24/01/2026,Nordfit Equipment,Meta Ads,es-social-prospecting-q1,174.89,27151,367,11,885.92
24/01/2026,Nordfit Equipment,Meta Ads,es-social-retargeting-q1,136.03,20770,299,5,278.04
25/01/2026,Nordfit Equipment,Meta Ads,es-social-prospecting-q1,180.33,31796,284,4,320.92
25/01/2026,Nordfit Equipment,Meta Ads,es-social-retargeting-q1,140.26,24814,221,2,117.74
26/01/2026,Nordfit Equipment,Meta Ads,es-social-prospecting-q1,159.26,15525,282,2,94.01
26/01/2026,Nordfit Equipment,Meta Ads,es-social-retargeting-q1,123.87,12477,220,2,99.4
27/01/2026,Nordfit Equipment,Meta Ads,es-social-prospecting-q1,192.57,22537,244,1,83.72
27/01/2026,Nordfit Equipment,Meta Ads,es-social-retargeting-q1,149.77,17621,177,6,265.26
28/01/2026,Nordfit Equipment,Meta Ads,es-social-prospecting-q1,129.18,20185,205,2,112.87
28/01/2026,Nordfit Equipment,Meta Ads,es-social-retargeting-q1,100.47,15649,142,3,111.38
29/01/2026,Nordfit Equipment,Meta Ads,es-social-prospecting-q1,150.51,23974,293,4,361.93
29/01/2026,Nordfit Equipment,Meta Ads,es-social-retargeting-q1,117.07,18890,236,6,451.28
30/01/2026,Nordfit Equipment,Meta Ads,es-social-prospecting-q1,172.34,22140,446,10,822.04
30/01/2026,Nordfit Equipment,Meta Ads,es-social-retargeting-q1,134.04,17219,319,10,1447.72
31/01/2026,Nordfit Equipment,Meta Ads,es-social-prospecting-q1,193.25,31721,303,12,
31/01/2026,Nordfit Equipment,Meta Ads,es-social-retargeting-q1,150.3,24765,256,5,685.35
01/02/2026,Nordfit Equipment,Meta Ads,es-social-prospecting-q1,136.57,16864,159,3,252.65
01/02/2026,Nordfit Equipment,Meta Ads,es-social-retargeting-q1,106.22,13384,126,2,138.43
02/02/2026,Nordfit Equipment,Meta Ads,es-social-prospecting-q1,198.17,27349,350,12,983.86
02/02/2026,Nordfit Equipment,Meta Ads,es-social-retargeting-q1,154.13,20951,305,7,396.57
03/02/2026,Nordfit Equipment,Meta Ads,es-social-prospecting-q1,180.4,18368,302,10,707.43
03/02/2026,Nordfit Equipment,Meta Ads,es-social-retargeting-q1,140.31,14214,207,8,482.46
04/02/2026,Nordfit Equipment,Meta Ads,es-social-prospecting-q1,139.23,13434,226,5,291.01
04/02/2026,Nordfit Equipment,Meta Ads,es-social-retargeting-q1,108.29,10301,174,4,215.73
05/02/2026,Nordfit Equipment,Meta Ads,es-social-prospecting-q1,156.99,19326,239,6,324.41
05/02/2026,Nordfit Equipment,Meta Ads,es-social-retargeting-q1,122.1,15118,164,3,226.91
06/02/2026,Nordfit Equipment,Meta Ads,es-social-prospecting-q1,169.28,23209,308,5,325.24
06/02/2026,Nordfit Equipment,Meta Ads,es-social-retargeting-q1,131.66,18037,259,4,318.41
07/02/2026,Nordfit Equipment,Meta Ads,es-social-prospecting-q1,174.78,16370,282,7,544.24
07/02/2026,Nordfit Equipment,Meta Ads,es-social-retargeting-q1,135.94,12774,222,7,700.12
08/02/2026,Nordfit Equipment,Meta Ads,es-social-prospecting-q1,173.65,23004,285,3,152.33
08/02/2026,Nordfit Equipment,Meta Ads,es-social-retargeting-q1,135.06,17631,236,4,238.36
09/02/2026,Nordfit Equipment,Meta Ads,es-social-prospecting-q1,161.31,16571,341,6,442.49
09/02/2026,Nordfit Equipment,Meta Ads,es-social-retargeting-q1,125.46,12832,246,5,369.4
10/02/2026,Nordfit Equipment,Meta Ads,es-social-prospecting-q1,146.25,18402,218,8,513.52
10/02/2026,Nordfit Equipment,Meta Ads,es-social-retargeting-q1,113.75,14275,133,3,296.81
11/02/2026,Nordfit Equipment,Meta Ads,es-social-prospecting-q1,146.74,28223,339,3,198.9
11/02/2026,Nordfit Equipment,Meta Ads,es-social-retargeting-q1,114.13,21953,250,10,783.24
12/02/2026,Nordfit Equipment,Meta Ads,es-social-prospecting-q1,174.35,17020,193,6,496.48
12/02/2026,Nordfit Equipment,Meta Ads,es-social-retargeting-q1,135.61,13261,162,6,715.06
13/02/2026,Nordfit Equipment,Meta Ads,es-social-prospecting-q1,154.03,14306,295,7,760.64
13/02/2026,Nordfit Equipment,Meta Ads,es-social-retargeting-q1,119.8,11045,230,2,177.37
14/02/2026,Nordfit Equipment,Meta Ads,es-social-prospecting-q1,125.71,13422,246,9,916.54
14/02/2026,Nordfit Equipment,Meta Ads,es-social-retargeting-q1,97.77,10372,185,6,307.32
15/02/2026,Nordfit Equipment,Meta Ads,es-social-prospecting-q1,148.13,15538,122,2,64.14
15/02/2026,Nordfit Equipment,Meta Ads,es-social-retargeting-q1,115.21,12061,74,3,210.38
16/02/2026,Nordfit Equipment,Meta Ads,es-social-prospecting-q1,161.59,28515,383,9,457.66
16/02/2026,Nordfit Equipment,Meta Ads,es-social-retargeting-q1,125.68,22360,291,8,743.5
17/02/2026,Nordfit Equipment,Meta Ads,es-social-prospecting-q1,212.92,32852,452,8,824.18
17/02/2026,Nordfit Equipment,Meta Ads,es-social-retargeting-q1,165.6,25591,358,6,427.35
18/02/2026,Nordfit Equipment,Meta Ads,es-social-prospecting-q1,194.45,24641,241,9,481.74
18/02/2026,Nordfit Equipment,Meta Ads,es-social-retargeting-q1,151.24,19183,169,0,0.0
19/02/2026,Nordfit Equipment,Meta Ads,es-social-prospecting-q1,124.51,14944,139,4,239.63
19/02/2026,Nordfit Equipment,Meta Ads,es-social-retargeting-q1,96.84,11533,106,3,135.24
20/02/2026,Nordfit Equipment,Meta Ads,es-social-prospecting-q1,181.32,19011,360,2,100.82
20/02/2026,Nordfit Equipment,Meta Ads,es-social-retargeting-q1,141.03,14895,279,4,283.21
21/02/2026,Nordfit Equipment,Meta Ads,es-social-prospecting-q1,168.33,16925,137,4,251.17
21/02/2026,Nordfit Equipment,Meta Ads,es-social-retargeting-q1,130.92,12977,121,8,617.61
22/02/2026,Nordfit Equipment,Meta Ads,es-social-prospecting-q1,176.91,17473,355,10,835.06
22/02/2026,Nordfit Equipment,Meta Ads,es-social-retargeting-q1,137.6,13372,267,10,1085.03
23/02/2026,Nordfit Equipment,Meta Ads,es-social-prospecting-q1,193.44,22676,440,7,502.38
23/02/2026,Nordfit Equipment,Meta Ads,es-social-retargeting-q1,150.46,18097,336,4,224.84
24/02/2026,Nordfit Equipment,Meta Ads,es-social-prospecting-q1,126.71,18636,205,4,328.53
24/02/2026,Nordfit Equipment,Meta Ads,es-social-retargeting-q1,98.55,14601,183,2,158.6
25/02/2026,Nordfit Equipment,Meta Ads,es-social-prospecting-q1,158.61,16101,262,6,525.94
25/02/2026,Nordfit Equipment,Meta Ads,es-social-retargeting-q1,123.36,12747,193,3,283.69
26/02/2026,Nordfit Equipment,Meta Ads,es-social-prospecting-q1,176.08,21817,415,12,798.18
26/02/2026,Nordfit Equipment,Meta Ads,es-social-retargeting-q1,136.95,16892,305,15,1091.64
27/02/2026,Nordfit Equipment,Meta Ads,es-social-prospecting-q1,151.37,20740,358,7,706.11
27/02/2026,Nordfit Equipment,Meta Ads,es-social-retargeting-q1,117.73,15862,303,6,452.87
28/02/2026,Nordfit Equipment,Meta Ads,es-social-prospecting-q1,175.57,20524,302,5,
28/02/2026,Nordfit Equipment,Meta Ads,es-social-retargeting-q1,136.55,16059,226,5,565.19
01/03/2026,Nordfit Equipment,Meta Ads,es-social-prospecting-q1,191.89,19290,251,4,292.12
01/03/2026,Nordfit Equipment,Meta Ads,es-social-retargeting-q1,149.25,14915,209,7,613.94
02/03/2026,Nordfit Equipment,Meta Ads,es-social-prospecting-q1,173.19,27886,427,9,566.15
02/03/2026,Nordfit Equipment,Meta Ads,es-social-retargeting-q1,134.71,21731,302,6,312.22
03/03/2026,Nordfit Equipment,Meta Ads,es-social-prospecting-q1,157.28,26058,226,7,660.97
03/03/2026,Nordfit Equipment,Meta Ads,es-social-retargeting-q1,122.33,20297,146,2,130.76
04/03/2026,Nordfit Equipment,Meta Ads,es-social-prospecting-q1,152.11,15906,195,3,346.26
04/03/2026,Nordfit Equipment,Meta Ads,es-social-retargeting-q1,118.31,12343,146,6,356.3
05/03/2026,Nordfit Equipment,Meta Ads,es-social-prospecting-q1,214.24,31398,461,2,82.53
05/03/2026,Nordfit Equipment,Meta Ads,es-social-retargeting-q1,166.63,24136,378,4,236.02
06/03/2026,Nordfit Equipment,Meta Ads,es-social-prospecting-q1,139.29,16312,146,2,171.03
06/03/2026,Nordfit Equipment,Meta Ads,es-social-retargeting-q1,108.34,12622,122,7,671.19
07/03/2026,Nordfit Equipment,Meta Ads,es-social-prospecting-q1,158.29,24005,465,0,0.0
07/03/2026,Nordfit Equipment,Meta Ads,es-social-retargeting-q1,123.11,18617,341,1,52.34
08/03/2026,Nordfit Equipment,Meta Ads,es-social-prospecting-q1,215.02,22197,210,9,614.11
08/03/2026,Nordfit Equipment,Meta Ads,es-social-retargeting-q1,167.24,17605,169,4,291.61
09/03/2026,Nordfit Equipment,Meta Ads,es-social-prospecting-q1,196.44,21264,311,9,637.61
09/03/2026,Nordfit Equipment,Meta Ads,es-social-retargeting-q1,152.78,16395,203,3,133.48
10/03/2026,Nordfit Equipment,Meta Ads,es-social-prospecting-q1,155.6,15521,142,9,544.5
10/03/2026,Nordfit Equipment,Meta Ads,es-social-retargeting-q1,121.03,11842,111,3,203.29
11/03/2026,Nordfit Equipment,Meta Ads,es-social-prospecting-q1,162.56,17180,152,2,97.35
11/03/2026,Nordfit Equipment,Meta Ads,es-social-retargeting-q1,126.44,13294,108,4,280.06
12/03/2026,Nordfit Equipment,Meta Ads,es-social-prospecting-q1,162.19,19803,284,3,278.71
12/03/2026,Nordfit Equipment,Meta Ads,es-social-retargeting-q1,126.15,15514,210,2,95.86
13/03/2026,Nordfit Equipment,Meta Ads,es-social-prospecting-q1,201.86,35814,331,0,0.0
13/03/2026,Nordfit Equipment,Meta Ads,es-social-retargeting-q1,157.0,28048,219,2,132.17
14/03/2026,Nordfit Equipment,Meta Ads,es-social-prospecting-q1,165.7,30738,525,23,2740.22
14/03/2026,Nordfit Equipment,Meta Ads,es-social-retargeting-q1,128.88,24272,420,15,1167.35
15/03/2026,Nordfit Equipment,Meta Ads,es-social-prospecting-q1,172.21,31452,440,8,713.52
15/03/2026,Nordfit Equipment,Meta Ads,es-social-retargeting-q1,133.94,24316,362,11,742.3
16/03/2026,Nordfit Equipment,Meta Ads,es-social-prospecting-q1,137.28,24913,425,17,1016.82
16/03/2026,Nordfit Equipment,Meta Ads,es-social-retargeting-q1,106.77,19577,323,7,537.33
17/03/2026,Nordfit Equipment,Meta Ads,es-social-prospecting-q1,147.55,15022,290,10,470.43
17/03/2026,Nordfit Equipment,Meta Ads,es-social-retargeting-q1,114.76,11922,205,5,289.88
18/03/2026,Nordfit Equipment,Meta Ads,es-social-prospecting-q1,177.77,17678,294,4,197.04
18/03/2026,Nordfit Equipment,Meta Ads,es-social-retargeting-q1,138.26,13693,218,4,227.45
19/03/2026,Nordfit Equipment,Meta Ads,es-social-prospecting-q1,177.9,16711,229,5,429.92
19/03/2026,Nordfit Equipment,Meta Ads,es-social-retargeting-q1,138.37,13001,174,1,60.0
20/03/2026,Nordfit Equipment,Meta Ads,es-social-prospecting-q1,166.53,15598,296,2,113.67
20/03/2026,Nordfit Equipment,Meta Ads,es-social-retargeting-q1,129.52,12135,229,5,259.45
21/03/2026,Nordfit Equipment,Meta Ads,es-social-prospecting-q1,182.33,17433,207,3,163.81
21/03/2026,Nordfit Equipment,Meta Ads,es-social-retargeting-q1,141.82,13472,165,3,195.35
22/03/2026,Nordfit Equipment,Meta Ads,es-social-prospecting-q1,153.23,14530,159,6,347.15
22/03/2026,Nordfit Equipment,Meta Ads,es-social-retargeting-q1,119.18,11176,122,4,255.51
23/03/2026,Nordfit Equipment,Meta Ads,es-social-prospecting-q1,197.42,31234,612,13,1020.98
23/03/2026,Nordfit Equipment,Meta Ads,es-social-retargeting-q1,153.55,24390,489,13,580.22
24/03/2026,Nordfit Equipment,Meta Ads,es-social-prospecting-q1,143.45,13950,174,4,
24/03/2026,Nordfit Equipment,Meta Ads,es-social-retargeting-q1,111.57,10851,133,1,94.31
25/03/2026,Nordfit Equipment,Meta Ads,es-social-prospecting-q1,172.8,18550,264,4,282.42
25/03/2026,Nordfit Equipment,Meta Ads,es-social-retargeting-q1,134.4,14406,208,1,79.57
26/03/2026,Nordfit Equipment,Meta Ads,es-social-prospecting-q1,187.08,26827,501,6,
26/03/2026,Nordfit Equipment,Meta Ads,es-social-retargeting-q1,145.5,20771,397,7,398.07
27/03/2026,Nordfit Equipment,Meta Ads,es-social-prospecting-q1,166.92,27973,432,16,1003.77
27/03/2026,Nordfit Equipment,Meta Ads,es-social-retargeting-q1,129.82,21714,328,11,981.22
28/03/2026,Nordfit Equipment,Meta Ads,es-social-prospecting-q1,177.93,19536,249,5,249.0
28/03/2026,Nordfit Equipment,Meta Ads,es-social-retargeting-q1,138.39,15164,206,9,741.63
29/03/2026,Nordfit Equipment,Meta Ads,es-social-prospecting-q1,162.15,22487,359,4,200.75
29/03/2026,Nordfit Equipment,Meta Ads,es-social-retargeting-q1,126.12,17487,298,10,492.42
30/03/2026,Nordfit Equipment,Meta Ads,es-social-prospecting-q1,176.69,31990,496,13,1327.48
30/03/2026,Nordfit Equipment,Meta Ads,es-social-retargeting-q1,137.42,25233,397,9,638.71
31/03/2026,Nordfit Equipment,Meta Ads,es-social-prospecting-q1,163.35,15635,183,5,538.58
31/03/2026,Nordfit Equipment,Meta Ads,es-social-retargeting-q1,127.05,12115,131,8,502.44
01/04/2026,Nordfit Equipment,Meta Ads,es-social-prospecting-q2,167.23,22857,256,7,562.68
01/04/2026,Nordfit Equipment,Meta Ads,es-social-retargeting-q2,130.07,17881,195,8,622.72
02/04/2026,Nordfit Equipment,Meta Ads,es-social-prospecting-q2,150.33,27575,386,7,516.0
02/04/2026,Nordfit Equipment,Meta Ads,es-social-retargeting-q2,116.92,21223,287,5,398.72
03/04/2026,Nordfit Equipment,Meta Ads,es-social-prospecting-q2,184.54,22429,188,9,523.12
03/04/2026,Nordfit Equipment,Meta Ads,es-social-retargeting-q2,143.53,17505,151,3,275.82
04/04/2026,Nordfit Equipment,Meta Ads,es-social-prospecting-q2,160.28,22582,232,4,172.14
04/04/2026,Nordfit Equipment,Meta Ads,es-social-retargeting-q2,124.66,17741,201,3,203.65
05/04/2026,Nordfit Equipment,Meta Ads,es-social-prospecting-q2,132.11,12615,182,5,233.86
05/04/2026,Nordfit Equipment,Meta Ads,es-social-retargeting-q2,102.75,9956,135,2,151.99
06/04/2026,Nordfit Equipment,Meta Ads,es-social-prospecting-q2,138.01,20675,371,7,622.06
06/04/2026,Nordfit Equipment,Meta Ads,es-social-retargeting-q2,107.34,15988,259,9,553.2
07/04/2026,Nordfit Equipment,Meta Ads,es-social-prospecting-q2,171.82,28554,282,4,344.74
07/04/2026,Nordfit Equipment,Meta Ads,es-social-retargeting-q2,133.64,22424,228,7,520.69
08/04/2026,Nordfit Equipment,Meta Ads,es-social-prospecting-q2,144.65,15357,233,5,461.94
08/04/2026,Nordfit Equipment,Meta Ads,es-social-retargeting-q2,112.5,11768,173,4,219.41
09/04/2026,Nordfit Equipment,Meta Ads,es-social-prospecting-q2,150.98,27937,485,8,453.38
09/04/2026,Nordfit Equipment,Meta Ads,es-social-retargeting-q2,117.43,21393,379,8,433.74
10/04/2026,Nordfit Equipment,Meta Ads,es-social-prospecting-q2,156.78,18582,379,5,288.59
10/04/2026,Nordfit Equipment,Meta Ads,es-social-retargeting-q2,121.94,14538,281,4,348.65
11/04/2026,Nordfit Equipment,Meta Ads,es-social-prospecting-q2,150.43,15631,144,1,56.15
11/04/2026,Nordfit Equipment,Meta Ads,es-social-retargeting-q2,117.0,12250,137,2,149.79
12/04/2026,Nordfit Equipment,Meta Ads,es-social-prospecting-q2,179.05,19510,218,7,565.38
12/04/2026,Nordfit Equipment,Meta Ads,es-social-retargeting-q2,139.26,15255,165,1,
13/04/2026,Nordfit Equipment,Meta Ads,es-social-prospecting-q2,123.0,13420,139,3,249.66
13/04/2026,Nordfit Equipment,Meta Ads,es-social-retargeting-q2,95.66,10226,106,1,88.54
14/04/2026,Nordfit Equipment,Meta Ads,es-social-prospecting-q2,109.02,17203,302,2,201.96
14/04/2026,Nordfit Equipment,Meta Ads,es-social-retargeting-q2,84.79,13846,248,2,157.94
15/04/2026,Nordfit Equipment,Meta Ads,es-social-prospecting-q2,158.65,25428,437,8,1057.83
15/04/2026,Nordfit Equipment,Meta Ads,es-social-retargeting-q2,123.39,19537,315,11,1087.18
16/04/2026,Nordfit Equipment,Meta Ads,es-social-prospecting-q2,204.45,40636,539,18,2111.73
16/04/2026,Nordfit Equipment,Meta Ads,es-social-retargeting-q2,159.01,31721,502,11,692.83
17/04/2026,Nordfit Equipment,Meta Ads,es-social-prospecting-q2,185.69,20340,203,9,374.94
17/04/2026,Nordfit Equipment,Meta Ads,es-social-retargeting-q2,144.43,15928,200,2,154.83
18/04/2026,Nordfit Equipment,Meta Ads,es-social-prospecting-q2,177.12,23129,367,11,669.0
18/04/2026,Nordfit Equipment,Meta Ads,es-social-retargeting-q2,137.76,18148,273,8,454.55
19/04/2026,Nordfit Equipment,Meta Ads,es-social-prospecting-q2,136.11,17620,326,3,185.61
19/04/2026,Nordfit Equipment,Meta Ads,es-social-retargeting-q2,105.86,13693,268,4,187.0
20/04/2026,Nordfit Equipment,Meta Ads,es-social-prospecting-q2,146.65,17138,269,9,483.01
20/04/2026,Nordfit Equipment,Meta Ads,es-social-retargeting-q2,114.06,13412,210,5,288.02
21/04/2026,Nordfit Equipment,Meta Ads,es-social-prospecting-q2,197.64,24742,299,11,614.88
21/04/2026,Nordfit Equipment,Meta Ads,es-social-retargeting-q2,153.72,19380,254,5,303.84
22/04/2026,Nordfit Equipment,Meta Ads,es-social-prospecting-q2,192.46,18194,232,3,114.9
22/04/2026,Nordfit Equipment,Meta Ads,es-social-retargeting-q2,149.69,14120,195,8,766.65
23/04/2026,Nordfit Equipment,Meta Ads,es-social-prospecting-q2,139.15,17127,270,4,236.54
23/04/2026,Nordfit Equipment,Meta Ads,es-social-retargeting-q2,108.22,13295,225,3,359.91
24/04/2026,Nordfit Equipment,Meta Ads,es-social-prospecting-q2,206.46,28496,354,2,112.91
24/04/2026,Nordfit Equipment,Meta Ads,es-social-retargeting-q2,160.58,22295,295,5,366.02
25/04/2026,Nordfit Equipment,Meta Ads,es-social-prospecting-q2,161.53,15847,198,4,216.33
25/04/2026,Nordfit Equipment,Meta Ads,es-social-retargeting-q2,125.64,12437,140,1,
26/04/2026,Nordfit Equipment,Meta Ads,es-social-prospecting-q2,151.93,18224,175,7,517.55
26/04/2026,Nordfit Equipment,Meta Ads,es-social-retargeting-q2,118.17,14199,156,5,494.05
27/04/2026,Nordfit Equipment,Meta Ads,es-social-prospecting-q2,148.79,26497,362,1,33.69
27/04/2026,Nordfit Equipment,Meta Ads,es-social-retargeting-q2,115.73,20534,280,4,266.96
28/04/2026,Nordfit Equipment,Meta Ads,es-social-prospecting-q2,188.59,31638,596,6,511.63
28/04/2026,Nordfit Equipment,Meta Ads,es-social-retargeting-q2,146.68,24900,448,5,375.47
29/04/2026,Nordfit Equipment,Meta Ads,es-social-prospecting-q2,166.01,21709,242,4,
29/04/2026,Nordfit Equipment,Meta Ads,es-social-retargeting-q2,129.12,16810,187,3,213.52
30/04/2026,Nordfit Equipment,Meta Ads,es-social-prospecting-q2,210.25,34112,573,20,2150.16
30/04/2026,Nordfit Equipment,Meta Ads,es-social-retargeting-q2,163.53,26735,432,10,817.38
01/05/2026,Nordfit Equipment,Meta Ads,es-social-prospecting-q2,141.1,23447,319,6,278.45
01/05/2026,Nordfit Equipment,Meta Ads,es-social-retargeting-q2,109.74,18280,238,4,228.52
02/05/2026,Nordfit Equipment,Meta Ads,es-social-prospecting-q2,178.93,26048,442,7,436.76
02/05/2026,Nordfit Equipment,Meta Ads,es-social-retargeting-q2,139.17,20114,325,6,236.79
03/05/2026,Nordfit Equipment,Meta Ads,es-social-prospecting-q2,218.56,21923,361,8,502.57
03/05/2026,Nordfit Equipment,Meta Ads,es-social-retargeting-q2,169.99,16829,250,7,526.68
04/05/2026,Nordfit Equipment,Meta Ads,es-social-prospecting-q2,220.51,28065,256,8,426.09
04/05/2026,Nordfit Equipment,Meta Ads,es-social-retargeting-q2,171.51,21936,199,5,322.03
05/05/2026,Nordfit Equipment,Meta Ads,es-social-prospecting-q2,149.7,22638,170,6,334.27
05/05/2026,Nordfit Equipment,Meta Ads,es-social-retargeting-q2,116.43,17362,138,0,0.0
06/05/2026,Nordfit Equipment,Meta Ads,es-social-prospecting-q2,196.37,19697,390,15,959.74
06/05/2026,Nordfit Equipment,Meta Ads,es-social-retargeting-q2,152.73,15739,322,8,486.3
07/05/2026,Nordfit Equipment,Meta Ads,es-social-prospecting-q2,199.79,20400,386,1,102.96
07/05/2026,Nordfit Equipment,Meta Ads,es-social-retargeting-q2,155.39,16105,316,1,97.34
08/05/2026,Nordfit Equipment,Meta Ads,es-social-prospecting-q2,155.65,14455,131,1,39.34
08/05/2026,Nordfit Equipment,Meta Ads,es-social-retargeting-q2,121.06,11237,88,3,165.03
09/05/2026,Nordfit Equipment,Meta Ads,es-social-prospecting-q2,148.19,15362,159,1,49.66
09/05/2026,Nordfit Equipment,Meta Ads,es-social-retargeting-q2,115.26,11956,121,4,252.74
09/05/2026,Nordfit Equipment,Meta Ads,es-social-prospecting-q2,148.19,15362,159,1,49.66
09/05/2026,Nordfit Equipment,Meta Ads,es-social-retargeting-q2,115.26,11956,121,4,252.74
10/05/2026,Nordfit Equipment,Meta Ads,es-social-prospecting-q2,147.01,15906,319,8,511.8
10/05/2026,Nordfit Equipment,Meta Ads,es-social-retargeting-q2,114.34,12383,223,4,191.08
10/05/2026,Nordfit Equipment,Meta Ads,es-social-prospecting-q2,147.01,15906,319,8,511.8
10/05/2026,Nordfit Equipment,Meta Ads,es-social-retargeting-q2,114.34,12383,223,4,191.08
11/05/2026,Nordfit Equipment,Meta Ads,es-social-prospecting-q2,204.02,35626,665,13,1014.68
11/05/2026,Nordfit Equipment,Meta Ads,es-social-retargeting-q2,158.68,28069,592,9,624.36
11/05/2026,Nordfit Equipment,Meta Ads,es-social-prospecting-q2,204.02,35626,665,13,1014.68
11/05/2026,Nordfit Equipment,Meta Ads,es-social-retargeting-q2,158.68,28069,592,9,624.36
12/05/2026,Nordfit Equipment,Meta Ads,es-social-prospecting-q2,156.87,15314,230,5,343.27
12/05/2026,Nordfit Equipment,Meta Ads,es-social-retargeting-q2,122.01,11940,186,1,90.5
12/05/2026,Nordfit Equipment,Meta Ads,es-social-prospecting-q2,156.87,15314,230,5,343.27
12/05/2026,Nordfit Equipment,Meta Ads,es-social-retargeting-q2,122.01,11940,186,1,90.5
13/05/2026,Nordfit Equipment,Meta Ads,es-social-prospecting-q2,114.7,14700,171,1,73.13
13/05/2026,Nordfit Equipment,Meta Ads,es-social-retargeting-q2,89.21,11289,123,1,60.02
13/05/2026,Nordfit Equipment,Meta Ads,es-social-prospecting-q2,114.7,14700,171,1,73.13
13/05/2026,Nordfit Equipment,Meta Ads,es-social-retargeting-q2,89.21,11289,123,1,60.02
14/05/2026,Nordfit Equipment,Meta Ads,es-social-prospecting-q2,186.19,26424,302,8,793.78
14/05/2026,Nordfit Equipment,Meta Ads,es-social-retargeting-q2,144.81,20540,232,1,54.46
14/05/2026,Nordfit Equipment,Meta Ads,es-social-prospecting-q2,186.19,26424,302,8,793.78
14/05/2026,Nordfit Equipment,Meta Ads,es-social-retargeting-q2,144.81,20540,232,1,54.46
15/05/2026,Nordfit Equipment,Meta Ads,es-social-prospecting-q2,134.81,12267,194,6,425.4
15/05/2026,Nordfit Equipment,Meta Ads,es-social-retargeting-q2,104.85,9443,142,4,157.99
15/05/2026,Nordfit Equipment,Meta Ads,es-social-prospecting-q2,134.81,12267,194,6,425.4
15/05/2026,Nordfit Equipment,Meta Ads,es-social-retargeting-q2,104.85,9443,142,4,157.99
16/05/2026,Nordfit Equipment,Meta Ads,es-social-prospecting-q2,178.03,28500,495,11,
16/05/2026,Nordfit Equipment,Meta Ads,es-social-retargeting-q2,138.47,22361,363,10,956.89
16/05/2026,Nordfit Equipment,Meta Ads,es-social-prospecting-q2,178.03,28500,495,11,
16/05/2026,Nordfit Equipment,Meta Ads,es-social-retargeting-q2,138.47,22361,363,10,956.89
17/05/2026,Nordfit Equipment,Meta Ads,es-social-prospecting-q2,170.8,24343,427,3,150.03
17/05/2026,Nordfit Equipment,Meta Ads,es-social-retargeting-q2,132.84,18780,344,7,636.29
17/05/2026,Nordfit Equipment,Meta Ads,es-social-prospecting-q2,170.8,24343,427,3,150.03
17/05/2026,Nordfit Equipment,Meta Ads,es-social-retargeting-q2,132.84,18780,344,7,636.29
18/05/2026,Nordfit Equipment,Meta Ads,es-social-prospecting-q2,150.37,15994,271,7,276.15
18/05/2026,Nordfit Equipment,Meta Ads,es-social-retargeting-q2,116.95,12382,225,5,585.47
18/05/2026,Nordfit Equipment,Meta Ads,es-social-prospecting-q2,150.37,15994,271,7,276.15
18/05/2026,Nordfit Equipment,Meta Ads,es-social-retargeting-q2,116.95,12382,225,5,585.47
19/05/2026,Nordfit Equipment,Meta Ads,es-social-prospecting-q2,157.51,18774,290,5,310.24
19/05/2026,Nordfit Equipment,Meta Ads,es-social-retargeting-q2,122.51,14611,224,8,583.83
20/05/2026,Nordfit Equipment,Meta Ads,es-social-prospecting-q2,159.83,22281,315,6,421.28
20/05/2026,Nordfit Equipment,Meta Ads,es-social-retargeting-q2,124.31,17309,229,6,441.8
21/05/2026,Nordfit Equipment,Meta Ads,es-social-prospecting-q2,184.13,17408,205,7,365.85
21/05/2026,Nordfit Equipment,Meta Ads,es-social-retargeting-q2,143.21,13574,147,2,137.35
22/05/2026,Nordfit Equipment,Meta Ads,es-social-prospecting-q2,148.77,14018,173,7,396.97
22/05/2026,Nordfit Equipment,Meta Ads,es-social-retargeting-q2,115.71,11042,154,6,422.1
23/05/2026,Nordfit Equipment,Meta Ads,es-social-prospecting-q2,174.23,16727,190,2,108.04
23/05/2026,Nordfit Equipment,Meta Ads,es-social-retargeting-q2,135.52,13105,147,4,291.09
24/05/2026,Nordfit Equipment,Meta Ads,es-social-prospecting-q2,217.57,23400,346,9,1383.17
24/05/2026,Nordfit Equipment,Meta Ads,es-social-retargeting-q2,169.22,18192,277,7,502.74
25/05/2026,Nordfit Equipment,Meta Ads,es-social-prospecting-q2,128.09,15630,166,1,49.82
25/05/2026,Nordfit Equipment,Meta Ads,es-social-retargeting-q2,99.63,12221,139,1,78.81
26/05/2026,Nordfit Equipment,Meta Ads,es-social-prospecting-q2,164.4,23812,356,8,644.21
26/05/2026,Nordfit Equipment,Meta Ads,es-social-retargeting-q2,127.87,18775,248,4,210.46
27/05/2026,Nordfit Equipment,Meta Ads,es-social-prospecting-q2,152.48,22597,217,5,312.2
27/05/2026,Nordfit Equipment,Meta Ads,es-social-retargeting-q2,118.6,17758,177,5,357.79
28/05/2026,Nordfit Equipment,Meta Ads,es-social-prospecting-q2,157.7,31366,542,6,432.69
28/05/2026,Nordfit Equipment,Meta Ads,es-social-retargeting-q2,122.66,24563,456,6,430.55
29/05/2026,Nordfit Equipment,Meta Ads,es-social-prospecting-q2,169.86,20509,336,7,390.49
29/05/2026,Nordfit Equipment,Meta Ads,es-social-retargeting-q2,132.11,16257,264,3,185.68
30/05/2026,Nordfit Equipment,Meta Ads,es-social-prospecting-q2,163.39,15171,175,5,167.41
30/05/2026,Nordfit Equipment,Meta Ads,es-social-retargeting-q2,127.08,11895,140,5,283.22
31/05/2026,Nordfit Equipment,Meta Ads,es-social-prospecting-q2,144.53,25690,229,4,388.99
31/05/2026,Nordfit Equipment,Meta Ads,es-social-retargeting-q2,112.41,20223,195,2,127.51
01/06/2026,Nordfit Equipment,Meta Ads,es-social-prospecting-q2,164.24,15442,302,12,916.27
01/06/2026,Nordfit Equipment,Meta Ads,es-social-retargeting-q2,127.74,11980,210,9,374.11
02/06/2026,Nordfit Equipment,Meta Ads,es-social-prospecting-q2,174.35,16057,324,6,529.19
02/06/2026,Nordfit Equipment,Meta Ads,es-social-retargeting-q2,135.61,12625,281,6,457.18
03/06/2026,Nordfit Equipment,Meta Ads,es-social-prospecting-q2,175.67,24930,307,6,440.89
03/06/2026,Nordfit Equipment,Meta Ads,es-social-retargeting-q2,136.63,19391,218,1,65.26
04/06/2026,Nordfit Equipment,Meta Ads,es-social-prospecting-q2,153.89,18384,155,1,45.16
04/06/2026,Nordfit Equipment,Meta Ads,es-social-retargeting-q2,119.69,14065,130,1,68.26
05/06/2026,Nordfit Equipment,Meta Ads,es-social-prospecting-q2,178.16,26631,520,12,910.16
05/06/2026,Nordfit Equipment,Meta Ads,es-social-retargeting-q2,138.57,20480,411,12,1491.83
06/06/2026,Nordfit Equipment,Meta Ads,es-social-prospecting-q2,178.09,23326,376,5,306.47
06/06/2026,Nordfit Equipment,Meta Ads,es-social-retargeting-q2,138.51,18090,330,6,637.53
07/06/2026,Nordfit Equipment,Meta Ads,es-social-prospecting-q2,182.91,20150,369,8,495.51
07/06/2026,Nordfit Equipment,Meta Ads,es-social-retargeting-q2,142.27,15531,334,8,412.27
08/06/2026,Nordfit Equipment,Meta Ads,es-social-prospecting-q2,138.21,17559,193,4,242.74
08/06/2026,Nordfit Equipment,Meta Ads,es-social-retargeting-q2,107.5,13842,136,4,217.1
09/06/2026,Nordfit Equipment,Meta Ads,es-social-prospecting-q2,195.02,26058,483,2,127.24
09/06/2026,Nordfit Equipment,Meta Ads,es-social-retargeting-q2,151.68,20047,379,4,364.9
10/06/2026,Nordfit Equipment,Meta Ads,es-social-prospecting-q2,192.84,36005,413,12,948.8
10/06/2026,Nordfit Equipment,Meta Ads,es-social-retargeting-q2,149.98,27685,289,8,555.88
11/06/2026,Nordfit Equipment,Meta Ads,es-social-prospecting-q2,157.18,18090,311,7,497.45
11/06/2026,Nordfit Equipment,Meta Ads,es-social-retargeting-q2,122.25,14130,223,3,289.2
12/06/2026,Nordfit Equipment,Meta Ads,es-social-prospecting-q2,122.09,15628,124,0,0.0
12/06/2026,Nordfit Equipment,Meta Ads,es-social-retargeting-q2,94.96,12219,107,0,0.0
13/06/2026,Nordfit Equipment,Meta Ads,es-social-prospecting-q2,144.38,16619,308,2,115.79
13/06/2026,Nordfit Equipment,Meta Ads,es-social-retargeting-q2,112.3,12958,216,6,376.16
14/06/2026,Nordfit Equipment,Meta Ads,es-social-prospecting-q2,180.31,21728,249,5,249.56
14/06/2026,Nordfit Equipment,Meta Ads,es-social-retargeting-q2,140.24,16978,177,0,0.0
15/06/2026,Nordfit Equipment,Meta Ads,es-social-prospecting-q2,190.07,19561,163,3,138.23
15/06/2026,Nordfit Equipment,Meta Ads,es-social-retargeting-q2,147.83,15400,120,1,79.07
16/06/2026,Nordfit Equipment,Meta Ads,es-social-prospecting-q2,137.63,12947,158,6,452.2
16/06/2026,Nordfit Equipment,Meta Ads,es-social-retargeting-q2,107.04,10175,127,4,396.19
17/06/2026,Nordfit Equipment,Meta Ads,es-social-prospecting-q2,171.71,29359,264,4,225.49
17/06/2026,Nordfit Equipment,Meta Ads,es-social-retargeting-q2,133.55,22761,199,4,290.37
18/06/2026,Nordfit Equipment,Meta Ads,es-social-prospecting-q2,173.02,25542,508,5,455.3
18/06/2026,Nordfit Equipment,Meta Ads,es-social-retargeting-q2,134.57,20199,442,8,412.58
19/06/2026,Nordfit Equipment,Meta Ads,es-social-prospecting-q2,213.34,25360,330,9,556.38
19/06/2026,Nordfit Equipment,Meta Ads,es-social-retargeting-q2,165.93,19741,234,4,280.76
20/06/2026,Nordfit Equipment,Meta Ads,es-social-prospecting-q2,176.63,17752,148,2,104.23
20/06/2026,Nordfit Equipment,Meta Ads,es-social-retargeting-q2,137.38,13931,110,8,341.21
21/06/2026,Nordfit Equipment,Meta Ads,es-social-prospecting-q2,168.1,17539,265,8,1104.21
21/06/2026,Nordfit Equipment,Meta Ads,es-social-retargeting-q2,130.75,13673,240,11,724.7
22/06/2026,Nordfit Equipment,Meta Ads,es-social-prospecting-q2,145.31,20621,321,10,703.53
22/06/2026,Nordfit Equipment,Meta Ads,es-social-retargeting-q2,113.02,15912,252,8,526.88
23/06/2026,Nordfit Equipment,Meta Ads,es-social-prospecting-q2,160.91,14967,202,6,347.28
23/06/2026,Nordfit Equipment,Meta Ads,es-social-retargeting-q2,125.15,11343,158,1,103.59
24/06/2026,Nordfit Equipment,Meta Ads,es-social-prospecting-q2,178.35,21877,234,2,143.49
24/06/2026,Nordfit Equipment,Meta Ads,es-social-retargeting-q2,138.72,17109,164,3,161.27
25/06/2026,Nordfit Equipment,Meta Ads,es-social-prospecting-q2,180.99,22304,237,7,403.32
25/06/2026,Nordfit Equipment,Meta Ads,es-social-retargeting-q2,140.77,17450,179,7,
26/06/2026,Nordfit Equipment,Meta Ads,es-social-prospecting-q2,167.49,18480,304,13,929.12
26/06/2026,Nordfit Equipment,Meta Ads,es-social-retargeting-q2,130.27,14459,264,9,514.64
27/06/2026,Nordfit Equipment,Meta Ads,es-social-prospecting-q2,203.96,29450,398,5,234.03
27/06/2026,Nordfit Equipment,Meta Ads,es-social-retargeting-q2,158.63,23498,330,8,745.68
28/06/2026,Nordfit Equipment,Meta Ads,es-social-prospecting-q2,167.75,16367,169,5,284.28
28/06/2026,Nordfit Equipment,Meta Ads,es-social-retargeting-q2,130.47,12767,135,2,135.94
29/06/2026,Nordfit Equipment,Meta Ads,es-social-prospecting-q2,186.67,23359,349,5,351.29
29/06/2026,Nordfit Equipment,Meta Ads,es-social-retargeting-q2,145.19,17996,283,10,
30/06/2026,Nordfit Equipment,Meta Ads,es-social-prospecting-q2,165.77,18783,322,7,421.09
30/06/2026,Nordfit Equipment,Meta Ads,es-social-retargeting-q2,128.93,14613,251,5,529.77
01/07/2026,Nordfit Equipment,Meta Ads,es-social-prospecting-q3,160.66,30249,282,5,273.65
01/07/2026,Nordfit Equipment,Meta Ads,es-social-retargeting-q3,124.96,23450,243,3,
02/07/2026,Nordfit Equipment,Meta Ads,es-social-prospecting-q3,134.14,16061,274,4,317.26
02/07/2026,Nordfit Equipment,Meta Ads,es-social-retargeting-q3,104.33,12666,217,3,245.87
03/07/2026,Nordfit Equipment,Meta Ads,es-social-prospecting-q3,141.37,17614,327,14,1194.66
03/07/2026,Nordfit Equipment,Meta Ads,es-social-retargeting-q3,109.95,13698,261,7,492.85
04/07/2026,Nordfit Equipment,Meta Ads,es-social-prospecting-q3,169.67,17485,282,6,382.77
04/07/2026,Nordfit Equipment,Meta Ads,es-social-retargeting-q3,131.97,13400,204,5,422.84
05/07/2026,Nordfit Equipment,Meta Ads,es-social-prospecting-q3,165.13,17540,326,6,493.85
05/07/2026,Nordfit Equipment,Meta Ads,es-social-retargeting-q3,128.44,13441,252,3,243.41
06/07/2026,Nordfit Equipment,Meta Ads,es-social-prospecting-q3,145.47,16198,255,8,497.1
06/07/2026,Nordfit Equipment,Meta Ads,es-social-retargeting-q3,113.14,12404,218,6,504.7
07/07/2026,Nordfit Equipment,Meta Ads,es-social-prospecting-q3,138.01,21637,383,5,432.68
07/07/2026,Nordfit Equipment,Meta Ads,es-social-retargeting-q3,107.34,16706,310,8,613.47
08/07/2026,Nordfit Equipment,Meta Ads,es-social-prospecting-q3,110.73,11343,116,3,223.93
08/07/2026,Nordfit Equipment,Meta Ads,es-social-retargeting-q3,86.12,8861,119,3,236.44
09/07/2026,Nordfit Equipment,Meta Ads,es-social-prospecting-q3,139.15,25817,510,10,730.22
09/07/2026,Nordfit Equipment,Meta Ads,es-social-retargeting-q3,108.23,19990,394,8,466.34
10/07/2026,Nordfit Equipment,Meta Ads,es-social-prospecting-q3,180.68,18192,307,4,355.55
10/07/2026,Nordfit Equipment,Meta Ads,es-social-retargeting-q3,140.53,14378,258,4,288.95
11/07/2026,Nordfit Equipment,Meta Ads,es-social-prospecting-q3,151.46,22096,393,0,0.0
11/07/2026,Nordfit Equipment,Meta Ads,es-social-retargeting-q3,117.8,17046,304,5,364.31
12/07/2026,Nordfit Equipment,Meta Ads,es-social-prospecting-q3,274.54,47074,459,5,289.73
12/07/2026,Nordfit Equipment,Meta Ads,es-social-retargeting-q3,213.53,36666,336,5,428.87
13/07/2026,Nordfit Equipment,Meta Ads,es-social-prospecting-q3,234.57,23188,398,11,565.48
13/07/2026,Nordfit Equipment,Meta Ads,es-social-retargeting-q3,182.44,18290,331,9,421.52
14/07/2026,Nordfit Equipment,Meta Ads,es-social-prospecting-q3,173.94,31951,470,10,758.0
14/07/2026,Nordfit Equipment,Meta Ads,es-social-retargeting-q3,135.29,24808,424,10,1000.4
15/07/2026,Nordfit Equipment,Meta Ads,es-social-prospecting-q3,162.08,22465,236,4,372.17
15/07/2026,Nordfit Equipment,Meta Ads,es-social-retargeting-q3,126.06,17466,167,3,313.57
16/07/2026,Nordfit Equipment,Meta Ads,es-social-prospecting-q3,141.59,13078,210,4,252.18
16/07/2026,Nordfit Equipment,Meta Ads,es-social-retargeting-q3,110.13,10196,156,3,
17/07/2026,Nordfit Equipment,Meta Ads,es-social-prospecting-q3,216.42,34562,388,12,
17/07/2026,Nordfit Equipment,Meta Ads,es-social-retargeting-q3,168.32,26594,241,7,431.81
18/07/2026,Nordfit Equipment,Meta Ads,es-social-prospecting-q3,165.99,19090,237,6,305.18
18/07/2026,Nordfit Equipment,Meta Ads,es-social-retargeting-q3,129.1,14955,204,7,693.06
19/07/2026,Nordfit Equipment,Meta Ads,es-social-prospecting-q3,176.49,21974,275,6,525.29
19/07/2026,Nordfit Equipment,Meta Ads,es-social-retargeting-q3,137.27,17188,237,2,115.87
20/07/2026,Nordfit Equipment,Meta Ads,es-social-prospecting-q3,201.82,22847,415,7,414.84
20/07/2026,Nordfit Equipment,Meta Ads,es-social-retargeting-q3,156.97,17894,311,7,457.95
21/07/2026,Nordfit Equipment,Meta Ads,es-social-prospecting-q3,147.2,19277,293,3,225.14
21/07/2026,Nordfit Equipment,Meta Ads,es-social-retargeting-q3,114.49,15169,232,1,67.85
22/07/2026,Nordfit Equipment,Meta Ads,es-social-prospecting-q3,211.15,30205,554,7,561.95
22/07/2026,Nordfit Equipment,Meta Ads,es-social-retargeting-q3,164.23,23681,393,8,598.62
23/07/2026,Nordfit Equipment,Meta Ads,es-social-prospecting-q3,151.56,18102,300,3,
23/07/2026,Nordfit Equipment,Meta Ads,es-social-retargeting-q3,117.88,14084,235,5,356.05
24/07/2026,Nordfit Equipment,Meta Ads,es-social-prospecting-q3,205.94,23869,398,13,692.19
24/07/2026,Nordfit Equipment,Meta Ads,es-social-retargeting-q3,160.17,18374,309,12,683.48
25/07/2026,Nordfit Equipment,Meta Ads,es-social-prospecting-q3,169.39,17541,282,4,295.56
25/07/2026,Nordfit Equipment,Meta Ads,es-social-retargeting-q3,131.75,13762,200,4,309.13
26/07/2026,Nordfit Equipment,Meta Ads,es-social-prospecting-q3,181.57,17759,223,3,208.56
26/07/2026,Nordfit Equipment,Meta Ads,es-social-retargeting-q3,141.22,13897,193,2,162.22
27/07/2026,Nordfit Equipment,Meta Ads,es-social-prospecting-q3,179.1,19005,238,5,467.11
27/07/2026,Nordfit Equipment,Meta Ads,es-social-retargeting-q3,139.3,14852,156,5,386.6
28/07/2026,Nordfit Equipment,Meta Ads,es-social-prospecting-q3,121.35,14592,191,1,71.92
28/07/2026,Nordfit Equipment,Meta Ads,es-social-retargeting-q3,94.38,11459,136,0,0.0
29/07/2026,Nordfit Equipment,Meta Ads,es-social-prospecting-q3,159.65,18087,241,4,415.56
29/07/2026,Nordfit Equipment,Meta Ads,es-social-retargeting-q3,124.18,14319,189,2,121.64
30/07/2026,Nordfit Equipment,Meta Ads,es-social-prospecting-q3,151.0,15482,244,7,790.73
30/07/2026,Nordfit Equipment,Meta Ads,es-social-retargeting-q3,117.44,11961,187,4,371.58
31/07/2026,Nordfit Equipment,Meta Ads,es-social-prospecting-q3,170.28,16146,277,3,260.51
31/07/2026,Nordfit Equipment,Meta Ads,es-social-retargeting-q3,132.44,12570,200,10,583.09
01/02/2025,Solmar Hotels,Meta Ads,ES_Social_Prospecting_2025Q1,58.94,9026,104,1,257.16
01/02/2025,Solmar Hotels,Meta Ads,ES_Social_Retargeting_2025Q1,47.15,7051,67,2,585.11
02/02/2025,Solmar Hotels,Meta Ads,ES_Social_Prospecting_2025Q1,51.21,9727,86,2,874.22
02/02/2025,Solmar Hotels,Meta Ads,ES_Social_Retargeting_2025Q1,40.97,7554,63,0,0.0
03/02/2025,Solmar Hotels,Meta Ads,ES_Social_Prospecting_2025Q1,65.75,8420,130,1,196.7
03/02/2025,Solmar Hotels,Meta Ads,ES_Social_Retargeting_2025Q1,52.6,6893,108,2,498.67
04/02/2025,Solmar Hotels,Meta Ads,ES_Social_Prospecting_2025Q1,77.96,11662,106,2,
04/02/2025,Solmar Hotels,Meta Ads,ES_Social_Retargeting_2025Q1,62.36,9309,97,2,589.63
05/02/2025,Solmar Hotels,Meta Ads,ES_Social_Prospecting_2025Q1,82.09,14926,146,3,776.03
05/02/2025,Solmar Hotels,Meta Ads,ES_Social_Retargeting_2025Q1,65.68,12129,108,0,0.0
06/02/2025,Solmar Hotels,Meta Ads,ES_Social_Prospecting_2025Q1,71.8,9907,111,4,833.54
06/02/2025,Solmar Hotels,Meta Ads,ES_Social_Retargeting_2025Q1,57.44,8197,94,3,1023.05
07/02/2025,Solmar Hotels,Meta Ads,ES_Social_Prospecting_2025Q1,84.96,12153,111,4,1641.26
07/02/2025,Solmar Hotels,Meta Ads,ES_Social_Retargeting_2025Q1,67.97,9648,90,0,0.0
08/02/2025,Solmar Hotels,Meta Ads,ES_Social_Prospecting_2025Q1,64.62,6682,80,1,232.28
08/02/2025,Solmar Hotels,Meta Ads,ES_Social_Retargeting_2025Q1,51.7,5221,57,1,193.58
09/02/2025,Solmar Hotels,Meta Ads,ES_Social_Prospecting_2025Q1,68.56,6638,109,2,547.15
09/02/2025,Solmar Hotels,Meta Ads,ES_Social_Retargeting_2025Q1,54.85,5128,80,0,0.0
10/02/2025,Solmar Hotels,Meta Ads,ES_Social_Prospecting_2025Q1,77.13,12002,141,7,2192.75
10/02/2025,Solmar Hotels,Meta Ads,ES_Social_Retargeting_2025Q1,61.71,9685,98,2,666.89
11/02/2025,Solmar Hotels,Meta Ads,ES_Social_Prospecting_2025Q1,61.23,11664,178,5,1146.04
11/02/2025,Solmar Hotels,Meta Ads,ES_Social_Retargeting_2025Q1,48.98,9467,174,3,1240.55
12/02/2025,Solmar Hotels,Meta Ads,ES_Social_Prospecting_2025Q1,62.34,6285,60,0,0.0
12/02/2025,Solmar Hotels,Meta Ads,ES_Social_Retargeting_2025Q1,49.87,5069,41,0,0.0
13/02/2025,Solmar Hotels,Meta Ads,ES_Social_Prospecting_2025Q1,84.75,11013,135,2,543.52
13/02/2025,Solmar Hotels,Meta Ads,ES_Social_Retargeting_2025Q1,67.8,8868,91,2,539.38
14/02/2025,Solmar Hotels,Meta Ads,ES_Social_Prospecting_2025Q1,76.97,7111,98,2,475.89
14/02/2025,Solmar Hotels,Meta Ads,ES_Social_Retargeting_2025Q1,61.58,5706,68,2,546.93
15/02/2025,Solmar Hotels,Meta Ads,ES_Social_Prospecting_2025Q1,74.2,7209,155,1,234.14
15/02/2025,Solmar Hotels,Meta Ads,ES_Social_Retargeting_2025Q1,59.36,5751,119,2,637.46
16/02/2025,Solmar Hotels,Meta Ads,ES_Social_Prospecting_2025Q1,94.76,17300,324,6,1971.58
16/02/2025,Solmar Hotels,Meta Ads,ES_Social_Retargeting_2025Q1,75.81,13669,276,4,899.25
17/02/2025,Solmar Hotels,Meta Ads,ES_Social_Prospecting_2025Q1,66.37,8137,103,2,519.52
17/02/2025,Solmar Hotels,Meta Ads,ES_Social_Retargeting_2025Q1,53.1,6661,79,1,308.67
18/02/2025,Solmar Hotels,Meta Ads,ES_Social_Prospecting_2025Q1,78.13,13886,133,3,794.01
18/02/2025,Solmar Hotels,Meta Ads,ES_Social_Retargeting_2025Q1,62.51,11165,112,4,1115.03
19/02/2025,Solmar Hotels,Meta Ads,ES_Social_Prospecting_2025Q1,60.22,10972,211,0,0.0
19/02/2025,Solmar Hotels,Meta Ads,ES_Social_Retargeting_2025Q1,48.18,8977,192,9,2819.5
20/02/2025,Solmar Hotels,Meta Ads,ES_Social_Prospecting_2025Q1,85.03,13421,173,2,545.69
20/02/2025,Solmar Hotels,Meta Ads,ES_Social_Retargeting_2025Q1,68.02,10684,124,2,650.99
21/02/2025,Solmar Hotels,Meta Ads,ES_Social_Prospecting_2025Q1,71.27,8526,131,3,753.52
21/02/2025,Solmar Hotels,Meta Ads,ES_Social_Retargeting_2025Q1,57.01,6970,130,1,223.14
22/02/2025,Solmar Hotels,Meta Ads,ES_Social_Prospecting_2025Q1,66.26,7910,88,3,917.13
22/02/2025,Solmar Hotels,Meta Ads,ES_Social_Retargeting_2025Q1,53.0,6310,68,0,0.0
23/02/2025,Solmar Hotels,Meta Ads,ES_Social_Prospecting_2025Q1,78.03,8224,79,3,595.11
23/02/2025,Solmar Hotels,Meta Ads,ES_Social_Retargeting_2025Q1,62.42,6805,70,1,260.22
24/02/2025,Solmar Hotels,Meta Ads,ES_Social_Prospecting_2025Q1,105.93,15638,180,4,1157.2
24/02/2025,Solmar Hotels,Meta Ads,ES_Social_Retargeting_2025Q1,84.74,12518,168,4,767.55
25/02/2025,Solmar Hotels,Meta Ads,ES_Social_Prospecting_2025Q1,87.16,12740,98,1,253.01
25/02/2025,Solmar Hotels,Meta Ads,ES_Social_Retargeting_2025Q1,69.73,10276,88,2,634.52
26/02/2025,Solmar Hotels,Meta Ads,ES_Social_Prospecting_2025Q1,84.86,7766,137,3,622.74
26/02/2025,Solmar Hotels,Meta Ads,ES_Social_Retargeting_2025Q1,67.89,6183,114,2,340.55
27/02/2025,Solmar Hotels,Meta Ads,ES_Social_Prospecting_2025Q1,76.6,10538,75,3,
27/02/2025,Solmar Hotels,Meta Ads,ES_Social_Retargeting_2025Q1,61.28,8368,63,2,353.9
28/02/2025,Solmar Hotels,Meta Ads,ES_Social_Prospecting_2025Q1,58.36,11435,169,7,1925.85
28/02/2025,Solmar Hotels,Meta Ads,ES_Social_Retargeting_2025Q1,46.69,9123,154,2,685.85
01/03/2025,Solmar Hotels,Meta Ads,ES_Social_Prospecting_2025Q1,64.6,8428,171,1,238.98
01/03/2025,Solmar Hotels,Meta Ads,ES_Social_Retargeting_2025Q1,51.68,6654,127,2,
01/03/2025,Solmar Hotels,Meta Ads,PT_Social_Prospecting_2025Q1,38.76,4990,92,2,427.44
02/03/2025,Solmar Hotels,Meta Ads,ES_Social_Prospecting_2025Q1,54.26,6218,122,1,242.47
02/03/2025,Solmar Hotels,Meta Ads,ES_Social_Retargeting_2025Q1,43.41,4800,105,0,0.0
02/03/2025,Solmar Hotels,Meta Ads,PT_Social_Prospecting_2025Q1,32.56,3700,72,2,627.39
03/03/2025,Solmar Hotels,Meta Ads,ES_Social_Prospecting_2025Q1,58.61,9379,77,0,0.0
03/03/2025,Solmar Hotels,Meta Ads,ES_Social_Retargeting_2025Q1,46.89,7246,53,2,463.19
03/03/2025,Solmar Hotels,Meta Ads,PT_Social_Prospecting_2025Q1,35.16,5486,53,0,0.0
04/03/2025,Solmar Hotels,Meta Ads,ES_Social_Prospecting_2025Q1,55.49,10841,90,2,332.69
04/03/2025,Solmar Hotels,Meta Ads,ES_Social_Retargeting_2025Q1,44.39,8612,77,2,
04/03/2025,Solmar Hotels,Meta Ads,PT_Social_Prospecting_2025Q1,33.29,6277,59,2,633.49
05/03/2025,Solmar Hotels,Meta Ads,ES_Social_Prospecting_2025Q1,50.89,5849,78,2,544.25
05/03/2025,Solmar Hotels,Meta Ads,ES_Social_Retargeting_2025Q1,40.71,4667,65,2,493.22
05/03/2025,Solmar Hotels,Meta Ads,PT_Social_Prospecting_2025Q1,30.54,3343,47,2,392.79
06/03/2025,Solmar Hotels,Meta Ads,ES_Social_Prospecting_2025Q1,56.12,7771,89,3,977.14
06/03/2025,Solmar Hotels,Meta Ads,ES_Social_Retargeting_2025Q1,44.9,6276,75,2,494.16
06/03/2025,Solmar Hotels,Meta Ads,PT_Social_Prospecting_2025Q1,33.67,4538,61,2,562.9
07/03/2025,Solmar Hotels,Meta Ads,ES_Social_Prospecting_2025Q1,57.24,6888,72,0,0.0
07/03/2025,Solmar Hotels,Meta Ads,ES_Social_Retargeting_2025Q1,45.8,5477,48,1,231.75
07/03/2025,Solmar Hotels,Meta Ads,PT_Social_Prospecting_2025Q1,34.35,4031,42,1,205.8
08/03/2025,Solmar Hotels,Meta Ads,ES_Social_Prospecting_2025Q1,64.14,10116,147,5,1847.97
08/03/2025,Solmar Hotels,Meta Ads,ES_Social_Retargeting_2025Q1,51.32,8292,105,2,468.51
08/03/2025,Solmar Hotels,Meta Ads,PT_Social_Prospecting_2025Q1,38.49,6041,77,1,189.39
09/03/2025,Solmar Hotels,Meta Ads,ES_Social_Prospecting_2025Q1,42.61,4387,50,1,330.38
09/03/2025,Solmar Hotels,Meta Ads,ES_Social_Retargeting_2025Q1,34.08,3535,45,1,262.06
09/03/2025,Solmar Hotels,Meta Ads,PT_Social_Prospecting_2025Q1,25.56,2530,26,0,0.0
10/03/2025,Solmar Hotels,Meta Ads,ES_Social_Prospecting_2025Q1,74.01,8695,154,5,1437.78
10/03/2025,Solmar Hotels,Meta Ads,ES_Social_Retargeting_2025Q1,59.21,6968,92,3,1206.05
10/03/2025,Solmar Hotels,Meta Ads,PT_Social_Prospecting_2025Q1,44.41,5310,80,1,273.92
11/03/2025,Solmar Hotels,Meta Ads,ES_Social_Prospecting_2025Q1,50.24,9962,100,0,0.0
11/03/2025,Solmar Hotels,Meta Ads,ES_Social_Retargeting_2025Q1,40.19,7936,77,0,0.0
11/03/2025,Solmar Hotels,Meta Ads,PT_Social_Prospecting_2025Q1,30.14,6039,74,1,244.59
12/03/2025,Solmar Hotels,Meta Ads,ES_Social_Prospecting_2025Q1,48.57,5575,100,1,297.02
12/03/2025,Solmar Hotels,Meta Ads,ES_Social_Retargeting_2025Q1,38.85,4563,89,0,0.0
12/03/2025,Solmar Hotels,Meta Ads,PT_Social_Prospecting_2025Q1,29.14,3274,65,0,0.0
13/03/2025,Solmar Hotels,Meta Ads,ES_Social_Prospecting_2025Q1,66.12,10442,182,3,604.15
13/03/2025,Solmar Hotels,Meta Ads,ES_Social_Retargeting_2025Q1,52.9,8539,129,2,492.47
13/03/2025,Solmar Hotels,Meta Ads,PT_Social_Prospecting_2025Q1,39.67,6237,121,0,0.0
14/03/2025,Solmar Hotels,Meta Ads,ES_Social_Prospecting_2025Q1,54.57,7028,134,2,329.43
14/03/2025,Solmar Hotels,Meta Ads,ES_Social_Retargeting_2025Q1,43.66,5381,77,0,0.0
14/03/2025,Solmar Hotels,Meta Ads,PT_Social_Prospecting_2025Q1,32.74,4170,71,1,223.24
15/03/2025,Solmar Hotels,Meta Ads,ES_Social_Prospecting_2025Q1,53.23,5501,80,3,618.48
15/03/2025,Solmar Hotels,Meta Ads,ES_Social_Retargeting_2025Q1,42.58,4522,68,1,297.3
15/03/2025,Solmar Hotels,Meta Ads,PT_Social_Prospecting_2025Q1,31.94,3307,50,0,0.0
16/03/2025,Solmar Hotels,Meta Ads,ES_Social_Prospecting_2025Q1,65.24,9720,158,4,835.96
16/03/2025,Solmar Hotels,Meta Ads,ES_Social_Retargeting_2025Q1,52.19,7808,118,3,891.35
16/03/2025,Solmar Hotels,Meta Ads,PT_Social_Prospecting_2025Q1,39.14,5777,84,2,483.79
17/03/2025,Solmar Hotels,Meta Ads,ES_Social_Prospecting_2025Q1,47.35,5449,78,0,0.0
17/03/2025,Solmar Hotels,Meta Ads,ES_Social_Retargeting_2025Q1,37.88,4372,48,0,0.0
17/03/2025,Solmar Hotels,Meta Ads,PT_Social_Prospecting_2025Q1,28.41,3285,35,1,267.95
18/03/2025,Solmar Hotels,Meta Ads,ES_Social_Prospecting_2025Q1,41.93,7901,107,3,574.24
18/03/2025,Solmar Hotels,Meta Ads,ES_Social_Retargeting_2025Q1,33.55,6244,85,4,1411.02
18/03/2025,Solmar Hotels,Meta Ads,PT_Social_Prospecting_2025Q1,25.16,4618,75,0,0.0
19/03/2025,Solmar Hotels,Meta Ads,ES_Social_Prospecting_2025Q1,54.36,5911,53,2,561.49
19/03/2025,Solmar Hotels,Meta Ads,ES_Social_Retargeting_2025Q1,43.49,4775,60,1,248.31
19/03/2025,Solmar Hotels,Meta Ads,PT_Social_Prospecting_2025Q1,32.62,3500,35,3,546.86
20/03/2025,Solmar Hotels,Meta Ads,ES_Social_Prospecting_2025Q1,40.64,4521,41,1,272.31
20/03/2025,Solmar Hotels,Meta Ads,ES_Social_Retargeting_2025Q1,32.51,3537,24,0,0.0
20/03/2025,Solmar Hotels,Meta Ads,PT_Social_Prospecting_2025Q1,24.38,2643,16,1,269.93
21/03/2025,Solmar Hotels,Meta Ads,ES_Social_Prospecting_2025Q1,59.07,9478,150,4,1318.04
21/03/2025,Solmar Hotels,Meta Ads,ES_Social_Retargeting_2025Q1,47.26,7673,147,7,1897.94
21/03/2025,Solmar Hotels,Meta Ads,PT_Social_Prospecting_2025Q1,35.44,5740,100,3,1221.55
22/03/2025,Solmar Hotels,Meta Ads,ES_Social_Prospecting_2025Q1,48.84,4409,58,1,354.47
22/03/2025,Solmar Hotels,Meta Ads,ES_Social_Retargeting_2025Q1,39.07,3605,44,1,317.68
22/03/2025,Solmar Hotels,Meta Ads,PT_Social_Prospecting_2025Q1,29.31,2734,36,1,169.01
23/03/2025,Solmar Hotels,Meta Ads,ES_Social_Prospecting_2025Q1,51.58,7223,65,1,271.3
23/03/2025,Solmar Hotels,Meta Ads,ES_Social_Retargeting_2025Q1,41.26,5889,67,0,0.0
23/03/2025,Solmar Hotels,Meta Ads,PT_Social_Prospecting_2025Q1,30.95,4274,35,0,0.0
24/03/2025,Solmar Hotels,Meta Ads,ES_Social_Prospecting_2025Q1,56.34,5400,65,1,270.47
24/03/2025,Solmar Hotels,Meta Ads,ES_Social_Retargeting_2025Q1,45.07,4178,33,0,0.0
24/03/2025,Solmar Hotels,Meta Ads,PT_Social_Prospecting_2025Q1,33.8,3171,37,0,0.0
25/03/2025,Solmar Hotels,Meta Ads,ES_Social_Prospecting_2025Q1,47.51,7995,158,6,1874.06
25/03/2025,Solmar Hotels,Meta Ads,ES_Social_Retargeting_2025Q1,38.01,6438,136,1,279.98
25/03/2025,Solmar Hotels,Meta Ads,PT_Social_Prospecting_2025Q1,28.51,4862,78,3,686.95
26/03/2025,Solmar Hotels,Meta Ads,ES_Social_Prospecting_2025Q1,58.08,10921,118,1,255.52
26/03/2025,Solmar Hotels,Meta Ads,ES_Social_Retargeting_2025Q1,46.46,8771,110,1,237.75
26/03/2025,Solmar Hotels,Meta Ads,PT_Social_Prospecting_2025Q1,34.85,6557,74,2,652.25
27/03/2025,Solmar Hotels,Meta Ads,ES_Social_Prospecting_2025Q1,59.34,6606,114,5,1047.23
27/03/2025,Solmar Hotels,Meta Ads,ES_Social_Retargeting_2025Q1,47.48,5546,102,1,174.4
27/03/2025,Solmar Hotels,Meta Ads,PT_Social_Prospecting_2025Q1,35.61,3998,77,0,0.0
28/03/2025,Solmar Hotels,Meta Ads,ES_Social_Prospecting_2025Q1,56.55,6235,110,3,679.93
28/03/2025,Solmar Hotels,Meta Ads,ES_Social_Retargeting_2025Q1,45.24,4978,78,1,258.49
28/03/2025,Solmar Hotels,Meta Ads,PT_Social_Prospecting_2025Q1,33.93,3779,72,2,432.5
29/03/2025,Solmar Hotels,Meta Ads,ES_Social_Prospecting_2025Q1,49.16,9285,127,1,233.75
29/03/2025,Solmar Hotels,Meta Ads,ES_Social_Retargeting_2025Q1,39.33,7504,132,1,181.34
29/03/2025,Solmar Hotels,Meta Ads,PT_Social_Prospecting_2025Q1,29.49,5719,86,1,277.24
30/03/2025,Solmar Hotels,Meta Ads,ES_Social_Prospecting_2025Q1,45.5,8814,144,2,
30/03/2025,Solmar Hotels,Meta Ads,ES_Social_Retargeting_2025Q1,36.4,7120,137,1,240.01
30/03/2025,Solmar Hotels,Meta Ads,PT_Social_Prospecting_2025Q1,27.3,5295,102,0,0.0
31/03/2025,Solmar Hotels,Meta Ads,ES_Social_Prospecting_2025Q1,53.09,6177,96,2,371.36
31/03/2025,Solmar Hotels,Meta Ads,ES_Social_Retargeting_2025Q1,42.47,4953,97,1,254.23
31/03/2025,Solmar Hotels,Meta Ads,PT_Social_Prospecting_2025Q1,31.85,3861,79,2,475.92
01/04/2025,Solmar Hotels,Meta Ads,ES_Social_Prospecting_2025Q2,59.6,9657,101,3,649.88
01/04/2025,Solmar Hotels,Meta Ads,ES_Social_Retargeting_2025Q2,47.68,7865,85,2,491.77
01/04/2025,Solmar Hotels,Meta Ads,PT_Social_Prospecting_2025Q2,35.76,5851,65,3,738.49
02/04/2025,Solmar Hotels,Meta Ads,ES_Social_Prospecting_2025Q2,49.64,7619,108,2,601.04
02/04/2025,Solmar Hotels,Meta Ads,ES_Social_Retargeting_2025Q2,39.71,5970,81,2,488.34
02/04/2025,Solmar Hotels,Meta Ads,PT_Social_Prospecting_2025Q2,29.79,4534,71,2,728.45
03/04/2025,Solmar Hotels,Meta Ads,ES_Social_Prospecting_2025Q2,76.43,14286,190,0,0.0
03/04/2025,Solmar Hotels,Meta Ads,ES_Social_Retargeting_2025Q2,61.14,11511,131,0,0.0
03/04/2025,Solmar Hotels,Meta Ads,PT_Social_Prospecting_2025Q2,45.86,8431,93,1,236.76
04/04/2025,Solmar Hotels,Meta Ads,ES_Social_Prospecting_2025Q2,58.24,6626,64,1,253.42
04/04/2025,Solmar Hotels,Meta Ads,ES_Social_Retargeting_2025Q2,46.59,5284,50,1,239.41
04/04/2025,Solmar Hotels,Meta Ads,PT_Social_Prospecting_2025Q2,34.94,3983,47,1,435.99
05/04/2025,Solmar Hotels,Meta Ads,ES_Social_Prospecting_2025Q2,56.15,8771,80,2,415.39
05/04/2025,Solmar Hotels,Meta Ads,ES_Social_Retargeting_2025Q2,44.92,6909,66,1,399.81
05/04/2025,Solmar Hotels,Meta Ads,PT_Social_Prospecting_2025Q2,33.69,5239,61,0,0.0
06/04/2025,Solmar Hotels,Meta Ads,ES_Social_Prospecting_2025Q2,54.7,5840,135,1,216.61
06/04/2025,Solmar Hotels,Meta Ads,ES_Social_Retargeting_2025Q2,43.76,4792,82,0,0.0
06/04/2025,Solmar Hotels,Meta Ads,PT_Social_Prospecting_2025Q2,32.82,3556,74,2,493.54
07/04/2025,Solmar Hotels,Meta Ads,ES_Social_Prospecting_2025Q2,52.28,7890,135,5,1190.56
07/04/2025,Solmar Hotels,Meta Ads,ES_Social_Retargeting_2025Q2,41.83,6155,112,1,278.73
07/04/2025,Solmar Hotels,Meta Ads,PT_Social_Prospecting_2025Q2,31.37,4681,99,2,615.74
08/04/2025,Solmar Hotels,Meta Ads,ES_Social_Prospecting_2025Q2,64.99,9205,94,3,696.54
08/04/2025,Solmar Hotels,Meta Ads,ES_Social_Retargeting_2025Q2,51.99,7192,78,1,233.74
08/04/2025,Solmar Hotels,Meta Ads,PT_Social_Prospecting_2025Q2,38.99,5510,52,0,0.0
09/04/2025,Solmar Hotels,Meta Ads,ES_Social_Prospecting_2025Q2,48.74,8588,71,0,0.0
09/04/2025,Solmar Hotels,Meta Ads,ES_Social_Retargeting_2025Q2,38.99,7138,59,1,318.86
09/04/2025,Solmar Hotels,Meta Ads,PT_Social_Prospecting_2025Q2,29.24,5139,53,0,0.0
10/04/2025,Solmar Hotels,Meta Ads,ES_Social_Prospecting_2025Q2,70.63,6624,64,0,0.0
10/04/2025,Solmar Hotels,Meta Ads,ES_Social_Retargeting_2025Q2,56.5,5394,41,0,0.0
10/04/2025,Solmar Hotels,Meta Ads,PT_Social_Prospecting_2025Q2,42.38,4006,29,1,347.92
11/04/2025,Solmar Hotels,Meta Ads,ES_Social_Prospecting_2025Q2,52.9,7005,127,0,0.0
11/04/2025,Solmar Hotels,Meta Ads,ES_Social_Retargeting_2025Q2,42.32,5490,92,0,0.0
11/04/2025,Solmar Hotels,Meta Ads,PT_Social_Prospecting_2025Q2,31.74,4226,80,1,417.27
12/04/2025,Solmar Hotels,Meta Ads,ES_Social_Prospecting_2025Q2,69.97,6417,78,1,
12/04/2025,Solmar Hotels,Meta Ads,ES_Social_Retargeting_2025Q2,55.98,5078,63,1,217.51
12/04/2025,Solmar Hotels,Meta Ads,PT_Social_Prospecting_2025Q2,41.98,3882,40,0,0.0
13/04/2025,Solmar Hotels,Meta Ads,ES_Social_Prospecting_2025Q2,53.33,5297,33,2,480.31
13/04/2025,Solmar Hotels,Meta Ads,ES_Social_Retargeting_2025Q2,42.66,4381,39,0,0.0
13/04/2025,Solmar Hotels,Meta Ads,PT_Social_Prospecting_2025Q2,32.0,3271,34,1,200.86
14/04/2025,Solmar Hotels,Meta Ads,ES_Social_Prospecting_2025Q2,53.63,6369,101,2,441.25
14/04/2025,Solmar Hotels,Meta Ads,ES_Social_Retargeting_2025Q2,42.9,5203,87,2,375.95
14/04/2025,Solmar Hotels,Meta Ads,PT_Social_Prospecting_2025Q2,32.18,3777,56,0,0.0
15/04/2025,Solmar Hotels,Meta Ads,ES_Social_Prospecting_2025Q2,60.8,5881,119,1,122.27
15/04/2025,Solmar Hotels,Meta Ads,ES_Social_Retargeting_2025Q2,48.64,4663,94,0,0.0
15/04/2025,Solmar Hotels,Meta Ads,PT_Social_Prospecting_2025Q2,36.48,3554,71,0,0.0
16/04/2025,Solmar Hotels,Meta Ads,ES_Social_Prospecting_2025Q2,66.31,8205,125,4,860.96
16/04/2025,Solmar Hotels,Meta Ads,ES_Social_Retargeting_2025Q2,53.05,6607,103,1,330.68
16/04/2025,Solmar Hotels,Meta Ads,PT_Social_Prospecting_2025Q2,39.79,4895,93,4,828.64
17/04/2025,Solmar Hotels,Meta Ads,ES_Social_Prospecting_2025Q2,47.71,4367,72,1,237.58
17/04/2025,Solmar Hotels,Meta Ads,ES_Social_Retargeting_2025Q2,38.17,3472,72,2,607.43
17/04/2025,Solmar Hotels,Meta Ads,PT_Social_Prospecting_2025Q2,28.62,2710,46,1,316.96
18/04/2025,Solmar Hotels,Meta Ads,ES_Social_Prospecting_2025Q2,57.39,5896,65,0,0.0
18/04/2025,Solmar Hotels,Meta Ads,ES_Social_Retargeting_2025Q2,45.91,4766,54,1,
18/04/2025,Solmar Hotels,Meta Ads,PT_Social_Prospecting_2025Q2,34.43,3553,38,0,0.0
19/04/2025,Solmar Hotels,Meta Ads,ES_Social_Prospecting_2025Q2,47.42,8846,75,2,556.93
19/04/2025,Solmar Hotels,Meta Ads,ES_Social_Retargeting_2025Q2,37.93,7256,77,0,0.0
19/04/2025,Solmar Hotels,Meta Ads,PT_Social_Prospecting_2025Q2,28.45,5298,49,0,0.0
20/04/2025,Solmar Hotels,Meta Ads,ES_Social_Prospecting_2025Q2,63.74,5869,66,0,0.0
20/04/2025,Solmar Hotels,Meta Ads,ES_Social_Retargeting_2025Q2,50.99,4748,41,0,0.0
20/04/2025,Solmar Hotels,Meta Ads,PT_Social_Prospecting_2025Q2,38.24,3483,45,0,0.0
21/04/2025,Solmar Hotels,Meta Ads,ES_Social_Prospecting_2025Q2,52.15,6645,134,6,1458.49
21/04/2025,Solmar Hotels,Meta Ads,ES_Social_Retargeting_2025Q2,41.72,5210,106,2,345.29
21/04/2025,Solmar Hotels,Meta Ads,PT_Social_Prospecting_2025Q2,31.29,3956,89,3,1290.64
22/04/2025,Solmar Hotels,Meta Ads,ES_Social_Prospecting_2025Q2,66.96,6760,69,1,152.46
22/04/2025,Solmar Hotels,Meta Ads,ES_Social_Retargeting_2025Q2,53.57,5461,50,1,308.72
22/04/2025,Solmar Hotels,Meta Ads,PT_Social_Prospecting_2025Q2,40.18,4087,54,1,359.18
23/04/2025,Solmar Hotels,Meta Ads,ES_Social_Prospecting_2025Q2,67.02,6672,84,0,0.0
23/04/2025,Solmar Hotels,Meta Ads,ES_Social_Retargeting_2025Q2,53.62,5354,81,3,776.68
23/04/2025,Solmar Hotels,Meta Ads,PT_Social_Prospecting_2025Q2,40.21,4120,60,1,236.74
24/04/2025,Solmar Hotels,Meta Ads,ES_Social_Prospecting_2025Q2,46.56,5551,49,1,241.94
24/04/2025,Solmar Hotels,Meta Ads,ES_Social_Retargeting_2025Q2,37.25,4461,40,0,0.0
24/04/2025,Solmar Hotels,Meta Ads,PT_Social_Prospecting_2025Q2,27.93,3275,37,0,0.0
25/04/2025,Solmar Hotels,Meta Ads,ES_Social_Prospecting_2025Q2,65.6,7628,108,2,426.99
25/04/2025,Solmar Hotels,Meta Ads,ES_Social_Retargeting_2025Q2,52.48,6098,76,3,634.79
25/04/2025,Solmar Hotels,Meta Ads,PT_Social_Prospecting_2025Q2,39.36,4623,64,0,0.0
26/04/2025,Solmar Hotels,Meta Ads,ES_Social_Prospecting_2025Q2,50.32,4986,66,2,378.43
26/04/2025,Solmar Hotels,Meta Ads,ES_Social_Retargeting_2025Q2,40.26,4012,40,2,342.8
26/04/2025,Solmar Hotels,Meta Ads,PT_Social_Prospecting_2025Q2,30.19,2945,23,0,0.0
27/04/2025,Solmar Hotels,Meta Ads,ES_Social_Prospecting_2025Q2,57.73,10330,176,1,273.82
27/04/2025,Solmar Hotels,Meta Ads,ES_Social_Retargeting_2025Q2,46.18,8258,129,0,0.0
27/04/2025,Solmar Hotels,Meta Ads,PT_Social_Prospecting_2025Q2,34.64,6124,107,1,273.75
28/04/2025,Solmar Hotels,Meta Ads,ES_Social_Prospecting_2025Q2,62.78,11555,212,3,649.86
28/04/2025,Solmar Hotels,Meta Ads,ES_Social_Retargeting_2025Q2,50.23,9329,178,3,754.38
28/04/2025,Solmar Hotels,Meta Ads,PT_Social_Prospecting_2025Q2,37.67,7131,121,4,1136.06
29/04/2025,Solmar Hotels,Meta Ads,ES_Social_Prospecting_2025Q2,50.98,6773,130,4,988.3
29/04/2025,Solmar Hotels,Meta Ads,ES_Social_Retargeting_2025Q2,40.79,5527,125,4,1088.96
29/04/2025,Solmar Hotels,Meta Ads,PT_Social_Prospecting_2025Q2,30.59,4012,88,4,912.45
30/04/2025,Solmar Hotels,Meta Ads,ES_Social_Prospecting_2025Q2,39.16,4439,41,3,797.04
30/04/2025,Solmar Hotels,Meta Ads,ES_Social_Retargeting_2025Q2,31.33,3562,32,3,748.62
30/04/2025,Solmar Hotels,Meta Ads,PT_Social_Prospecting_2025Q2,23.49,2730,24,1,544.72
01/05/2025,Solmar Hotels,Meta Ads,ES_Social_Prospecting_2025Q2,54.26,6361,95,4,1207.2
01/05/2025,Solmar Hotels,Meta Ads,ES_Social_Retargeting_2025Q2,43.41,5051,79,2,542.47
01/05/2025,Solmar Hotels,Meta Ads,PT_Social_Prospecting_2025Q2,32.56,3669,69,0,0.0
02/05/2025,Solmar Hotels,Meta Ads,ES_Social_Prospecting_2025Q2,63.2,7221,129,1,339.33
02/05/2025,Solmar Hotels,Meta Ads,ES_Social_Retargeting_2025Q2,50.56,5781,92,1,218.64
02/05/2025,Solmar Hotels,Meta Ads,PT_Social_Prospecting_2025Q2,37.92,4322,74,2,520.17
03/05/2025,Solmar Hotels,Meta Ads,ES_Social_Prospecting_2025Q2,73.86,7119,137,0,0.0
03/05/2025,Solmar Hotels,Meta Ads,ES_Social_Retargeting_2025Q2,59.09,5682,96,1,270.71
03/05/2025,Solmar Hotels,Meta Ads,PT_Social_Prospecting_2025Q2,44.31,4323,89,0,0.0
04/05/2025,Solmar Hotels,Meta Ads,ES_Social_Prospecting_2025Q2,76.67,13479,150,0,0.0
04/05/2025,Solmar Hotels,Meta Ads,ES_Social_Retargeting_2025Q2,61.34,10964,109,0,0.0
04/05/2025,Solmar Hotels,Meta Ads,PT_Social_Prospecting_2025Q2,46.0,8198,86,0,0.0
05/05/2025,Solmar Hotels,Meta Ads,ES_Social_Prospecting_2025Q2,78.83,9204,160,3,446.35
05/05/2025,Solmar Hotels,Meta Ads,ES_Social_Retargeting_2025Q2,63.06,7336,146,0,0.0
05/05/2025,Solmar Hotels,Meta Ads,PT_Social_Prospecting_2025Q2,47.3,5614,116,3,958.11
06/05/2025,Solmar Hotels,Meta Ads,ES_Social_Prospecting_2025Q2,73.5,9152,124,4,1461.07
06/05/2025,Solmar Hotels,Meta Ads,ES_Social_Retargeting_2025Q2,58.8,7297,88,4,1165.24
06/05/2025,Solmar Hotels,Meta Ads,PT_Social_Prospecting_2025Q2,44.1,5453,72,2,548.12
07/05/2025,Solmar Hotels,Meta Ads,ES_Social_Prospecting_2025Q2,67.9,7570,110,2,579.38
07/05/2025,Solmar Hotels,Meta Ads,ES_Social_Retargeting_2025Q2,54.32,6086,98,4,1007.79
07/05/2025,Solmar Hotels,Meta Ads,PT_Social_Prospecting_2025Q2,40.74,4579,85,0,0.0
08/05/2025,Solmar Hotels,Meta Ads,ES_Social_Prospecting_2025Q2,55.81,5961,87,0,0.0
08/05/2025,Solmar Hotels,Meta Ads,ES_Social_Retargeting_2025Q2,44.65,4870,68,1,284.75
08/05/2025,Solmar Hotels,Meta Ads,PT_Social_Prospecting_2025Q2,33.48,3650,60,1,224.09
09/05/2025,Solmar Hotels,Meta Ads,ES_Social_Prospecting_2025Q2,63.94,12560,173,6,1634.79
09/05/2025,Solmar Hotels,Meta Ads,ES_Social_Retargeting_2025Q2,51.15,9966,129,3,1007.31
09/05/2025,Solmar Hotels,Meta Ads,PT_Social_Prospecting_2025Q2,38.36,7394,83,0,0.0
10/05/2025,Solmar Hotels,Meta Ads,ES_Social_Prospecting_2025Q2,63.54,6406,114,1,148.39
10/05/2025,Solmar Hotels,Meta Ads,ES_Social_Retargeting_2025Q2,50.83,5110,90,3,1079.41
10/05/2025,Solmar Hotels,Meta Ads,PT_Social_Prospecting_2025Q2,38.13,3880,52,1,398.49
11/05/2025,Solmar Hotels,Meta Ads,ES_Social_Prospecting_2025Q2,73.23,8699,162,2,436.54
11/05/2025,Solmar Hotels,Meta Ads,ES_Social_Retargeting_2025Q2,58.58,6862,116,1,306.34
11/05/2025,Solmar Hotels,Meta Ads,PT_Social_Prospecting_2025Q2,43.94,5324,112,1,244.74
12/05/2025,Solmar Hotels,Meta Ads,ES_Social_Prospecting_2025Q2,63.91,9194,156,6,1470.25
12/05/2025,Solmar Hotels,Meta Ads,ES_Social_Retargeting_2025Q2,51.13,7409,101,3,1017.98
12/05/2025,Solmar Hotels,Meta Ads,PT_Social_Prospecting_2025Q2,38.35,5439,94,1,228.62
13/05/2025,Solmar Hotels,Meta Ads,ES_Social_Prospecting_2025Q2,52.2,5693,97,2,552.67
13/05/2025,Solmar Hotels,Meta Ads,ES_Social_Retargeting_2025Q2,41.76,4658,67,1,212.01
13/05/2025,Solmar Hotels,Meta Ads,PT_Social_Prospecting_2025Q2,31.32,3473,53,1,267.49
14/05/2025,Solmar Hotels,Meta Ads,ES_Social_Prospecting_2025Q2,66.43,9676,170,5,1240.61
14/05/2025,Solmar Hotels,Meta Ads,ES_Social_Retargeting_2025Q2,53.14,7753,130,4,942.38
14/05/2025,Solmar Hotels,Meta Ads,PT_Social_Prospecting_2025Q2,39.86,5580,100,5,1756.9
15/05/2025,Solmar Hotels,Meta Ads,ES_Social_Prospecting_2025Q2,65.4,6653,127,6,2074.9
15/05/2025,Solmar Hotels,Meta Ads,ES_Social_Retargeting_2025Q2,52.32,5476,104,1,218.87
15/05/2025,Solmar Hotels,Meta Ads,PT_Social_Prospecting_2025Q2,39.24,4099,71,1,213.19
16/05/2025,Solmar Hotels,Meta Ads,ES_Social_Prospecting_2025Q2,70.86,6669,158,1,162.9
16/05/2025,Solmar Hotels,Meta Ads,ES_Social_Retargeting_2025Q2,56.69,5398,107,3,1239.99
16/05/2025,Solmar Hotels,Meta Ads,PT_Social_Prospecting_2025Q2,42.52,3966,78,1,390.45
17/05/2025,Solmar Hotels,Meta Ads,ES_Social_Prospecting_2025Q2,63.23,6944,119,1,276.7
17/05/2025,Solmar Hotels,Meta Ads,ES_Social_Retargeting_2025Q2,50.58,5430,75,1,412.35
17/05/2025,Solmar Hotels,Meta Ads,PT_Social_Prospecting_2025Q2,37.94,4138,68,0,0.0
18/05/2025,Solmar Hotels,Meta Ads,ES_Social_Prospecting_2025Q2,60.78,7103,115,5,1675.81
18/05/2025,Solmar Hotels,Meta Ads,ES_Social_Retargeting_2025Q2,48.62,5816,86,5,1149.08
18/05/2025,Solmar Hotels,Meta Ads,PT_Social_Prospecting_2025Q2,36.47,4137,78,0,0.0
19/05/2025,Solmar Hotels,Meta Ads,ES_Social_Prospecting_2025Q2,73.9,10064,99,1,151.86
19/05/2025,Solmar Hotels,Meta Ads,ES_Social_Retargeting_2025Q2,59.12,8183,83,1,272.65
19/05/2025,Solmar Hotels,Meta Ads,PT_Social_Prospecting_2025Q2,44.34,6055,61,1,206.55
20/05/2025,Solmar Hotels,Meta Ads,ES_Social_Prospecting_2025Q2,82.56,11375,193,6,1741.47
20/05/2025,Solmar Hotels,Meta Ads,ES_Social_Retargeting_2025Q2,66.05,9189,125,0,0.0
20/05/2025,Solmar Hotels,Meta Ads,PT_Social_Prospecting_2025Q2,49.54,6761,107,1,271.56
21/05/2025,Solmar Hotels,Meta Ads,ES_Social_Prospecting_2025Q2,105.86,9704,113,0,0.0
21/05/2025,Solmar Hotels,Meta Ads,ES_Social_Retargeting_2025Q2,84.69,7880,114,2,430.97
21/05/2025,Solmar Hotels,Meta Ads,PT_Social_Prospecting_2025Q2,63.52,5905,79,3,890.94
22/05/2025,Solmar Hotels,Meta Ads,ES_Social_Prospecting_2025Q2,90.28,8462,153,2,589.86
22/05/2025,Solmar Hotels,Meta Ads,ES_Social_Retargeting_2025Q2,72.22,6723,125,2,460.42
22/05/2025,Solmar Hotels,Meta Ads,PT_Social_Prospecting_2025Q2,54.17,5071,93,4,782.81
23/05/2025,Solmar Hotels,Meta Ads,ES_Social_Prospecting_2025Q2,86.33,8916,146,4,1022.34
23/05/2025,Solmar Hotels,Meta Ads,ES_Social_Retargeting_2025Q2,69.06,7144,132,4,944.37
23/05/2025,Solmar Hotels,Meta Ads,PT_Social_Prospecting_2025Q2,51.8,5288,102,3,562.15
24/05/2025,Solmar Hotels,Meta Ads,ES_Social_Prospecting_2025Q2,72.25,10399,179,3,728.25
24/05/2025,Solmar Hotels,Meta Ads,ES_Social_Retargeting_2025Q2,57.8,8499,161,4,1344.3
24/05/2025,Solmar Hotels,Meta Ads,PT_Social_Prospecting_2025Q2,43.35,6279,137,3,585.41
25/05/2025,Solmar Hotels,Meta Ads,ES_Social_Prospecting_2025Q2,97.02,15103,269,8,1782.55
25/05/2025,Solmar Hotels,Meta Ads,ES_Social_Retargeting_2025Q2,77.61,12323,226,7,2103.88
25/05/2025,Solmar Hotels,Meta Ads,PT_Social_Prospecting_2025Q2,58.21,9163,153,4,439.58
26/05/2025,Solmar Hotels,Meta Ads,ES_Social_Prospecting_2025Q2,99.74,15683,239,4,999.97
26/05/2025,Solmar Hotels,Meta Ads,ES_Social_Retargeting_2025Q2,79.79,12407,225,2,340.31
26/05/2025,Solmar Hotels,Meta Ads,PT_Social_Prospecting_2025Q2,59.84,9506,156,3,1122.9
27/05/2025,Solmar Hotels,Meta Ads,ES_Social_Prospecting_2025Q2,118.9,23318,447,10,2269.3
27/05/2025,Solmar Hotels,Meta Ads,ES_Social_Retargeting_2025Q2,95.12,18762,368,15,3336.59
27/05/2025,Solmar Hotels,Meta Ads,PT_Social_Prospecting_2025Q2,71.34,13981,241,8,3065.96
28/05/2025,Solmar Hotels,Meta Ads,ES_Social_Prospecting_2025Q2,104.28,17161,314,6,1127.34
28/05/2025,Solmar Hotels,Meta Ads,ES_Social_Retargeting_2025Q2,83.42,13881,237,5,1349.46
28/05/2025,Solmar Hotels,Meta Ads,PT_Social_Prospecting_2025Q2,62.57,10162,162,7,
29/05/2025,Solmar Hotels,Meta Ads,ES_Social_Prospecting_2025Q2,93.28,13961,263,7,1404.2
29/05/2025,Solmar Hotels,Meta Ads,ES_Social_Retargeting_2025Q2,74.62,11445,226,5,1425.49
29/05/2025,Solmar Hotels,Meta Ads,PT_Social_Prospecting_2025Q2,55.97,8413,177,3,756.74
30/05/2025,Solmar Hotels,Meta Ads,ES_Social_Prospecting_2025Q2,72.94,11920,235,1,200.67
30/05/2025,Solmar Hotels,Meta Ads,ES_Social_Retargeting_2025Q2,58.35,9589,190,3,879.15
30/05/2025,Solmar Hotels,Meta Ads,PT_Social_Prospecting_2025Q2,43.76,7190,144,0,0.0
31/05/2025,Solmar Hotels,Meta Ads,ES_Social_Prospecting_2025Q2,94.58,8777,143,2,468.11
31/05/2025,Solmar Hotels,Meta Ads,ES_Social_Retargeting_2025Q2,75.67,7198,145,0,0.0
31/05/2025,Solmar Hotels,Meta Ads,PT_Social_Prospecting_2025Q2,56.75,5171,87,2,966.5
01/06/2025,Solmar Hotels,Meta Ads,ES_Social_Prospecting_2025Q2,111.35,14835,180,5,904.86
01/06/2025,Solmar Hotels,Meta Ads,ES_Social_Retargeting_2025Q2,89.08,11467,141,2,586.95
01/06/2025,Solmar Hotels,Meta Ads,PT_Social_Prospecting_2025Q2,66.81,8837,99,3,474.34
02/06/2025,Solmar Hotels,Meta Ads,ES_Social_Prospecting_2025Q2,107.23,18328,163,3,789.55
02/06/2025,Solmar Hotels,Meta Ads,ES_Social_Retargeting_2025Q2,85.78,14764,165,2,561.76
02/06/2025,Solmar Hotels,Meta Ads,PT_Social_Prospecting_2025Q2,64.34,10928,122,6,1230.93
03/06/2025,Solmar Hotels,Meta Ads,ES_Social_Prospecting_2025Q2,98.67,9124,97,1,297.2
03/06/2025,Solmar Hotels,Meta Ads,ES_Social_Retargeting_2025Q2,78.94,7494,69,0,0.0
03/06/2025,Solmar Hotels,Meta Ads,PT_Social_Prospecting_2025Q2,59.2,5601,62,1,260.27
04/06/2025,Solmar Hotels,Meta Ads,ES_Social_Prospecting_2025Q2,113.6,13139,119,3,504.34
04/06/2025,Solmar Hotels,Meta Ads,ES_Social_Retargeting_2025Q2,90.88,10372,122,2,602.88
04/06/2025,Solmar Hotels,Meta Ads,PT_Social_Prospecting_2025Q2,68.16,7874,89,3,761.59
05/06/2025,Solmar Hotels,Meta Ads,ES_Social_Prospecting_2025Q2,99.23,14693,293,5,1241.87
05/06/2025,Solmar Hotels,Meta Ads,ES_Social_Retargeting_2025Q2,79.38,11719,223,4,1251.03
05/06/2025,Solmar Hotels,Meta Ads,PT_Social_Prospecting_2025Q2,59.54,8843,156,3,749.83
06/06/2025,Solmar Hotels,Meta Ads,ES_Social_Prospecting_2025Q2,112.78,16805,290,13,2090.04
06/06/2025,Solmar Hotels,Meta Ads,ES_Social_Retargeting_2025Q2,90.23,13694,200,10,3277.8
06/06/2025,Solmar Hotels,Meta Ads,PT_Social_Prospecting_2025Q2,67.67,10182,136,1,353.72
07/06/2025,Solmar Hotels,Meta Ads,ES_Social_Prospecting_2025Q2,96.66,14082,182,1,196.24
07/06/2025,Solmar Hotels,Meta Ads,ES_Social_Retargeting_2025Q2,77.33,11067,119,2,637.28
07/06/2025,Solmar Hotels,Meta Ads,PT_Social_Prospecting_2025Q2,58.0,8503,119,3,924.05
08/06/2025,Solmar Hotels,Meta Ads,ES_Social_Prospecting_2025Q2,130.75,16035,144,2,567.04
08/06/2025,Solmar Hotels,Meta Ads,ES_Social_Retargeting_2025Q2,104.6,13179,111,3,556.02
08/06/2025,Solmar Hotels,Meta Ads,PT_Social_Prospecting_2025Q2,78.45,9875,83,4,697.22
09/06/2025,Solmar Hotels,Meta Ads,ES_Social_Prospecting_2025Q2,134.67,20767,223,3,712.91
09/06/2025,Solmar Hotels,Meta Ads,ES_Social_Retargeting_2025Q2,107.73,16646,173,2,534.11
09/06/2025,Solmar Hotels,Meta Ads,PT_Social_Prospecting_2025Q2,80.8,12519,156,6,1493.17
10/06/2025,Solmar Hotels,Meta Ads,ES_Social_Prospecting_2025Q2,129.13,20965,207,6,2194.07
10/06/2025,Solmar Hotels,Meta Ads,ES_Social_Retargeting_2025Q2,103.3,16699,194,3,1025.01
10/06/2025,Solmar Hotels,Meta Ads,PT_Social_Prospecting_2025Q2,77.48,12246,133,1,339.03
11/06/2025,Solmar Hotels,Meta Ads,ES_Social_Prospecting_2025Q2,118.23,10751,186,5,2010.12
11/06/2025,Solmar Hotels,Meta Ads,ES_Social_Retargeting_2025Q2,94.59,8779,163,7,1944.34
11/06/2025,Solmar Hotels,Meta Ads,PT_Social_Prospecting_2025Q2,70.94,6567,103,1,316.95
12/06/2025,Solmar Hotels,Meta Ads,ES_Social_Prospecting_2025Q2,96.14,17442,157,4,1135.01
12/06/2025,Solmar Hotels,Meta Ads,ES_Social_Retargeting_2025Q2,76.91,14010,146,6,1048.82
12/06/2025,Solmar Hotels,Meta Ads,PT_Social_Prospecting_2025Q2,57.68,10414,94,2,638.16
13/06/2025,Solmar Hotels,Meta Ads,ES_Social_Prospecting_2025Q2,146.35,17350,270,6,935.22
13/06/2025,Solmar Hotels,Meta Ads,ES_Social_Retargeting_2025Q2,117.08,13867,213,1,251.06
13/06/2025,Solmar Hotels,Meta Ads,PT_Social_Prospecting_2025Q2,87.81,10439,184,2,624.96
14/06/2025,Solmar Hotels,Meta Ads,ES_Social_Prospecting_2025Q2,125.06,14604,114,2,687.16
14/06/2025,Solmar Hotels,Meta Ads,ES_Social_Retargeting_2025Q2,100.05,11617,88,2,484.1
14/06/2025,Solmar Hotels,Meta Ads,PT_Social_Prospecting_2025Q2,75.03,8750,67,1,
15/06/2025,Solmar Hotels,Meta Ads,ES_Social_Prospecting_2025Q2,118.19,14424,139,5,1080.43
15/06/2025,Solmar Hotels,Meta Ads,ES_Social_Retargeting_2025Q2,94.55,11469,117,5,918.32
15/06/2025,Solmar Hotels,Meta Ads,PT_Social_Prospecting_2025Q2,70.91,8658,90,2,412.41
16/06/2025,Solmar Hotels,Meta Ads,ES_Social_Prospecting_2025Q2,139.24,22856,261,7,2049.65
16/06/2025,Solmar Hotels,Meta Ads,ES_Social_Retargeting_2025Q2,111.39,18092,212,2,702.02
16/06/2025,Solmar Hotels,Meta Ads,PT_Social_Prospecting_2025Q2,83.54,13703,168,2,539.1
17/06/2025,Solmar Hotels,Meta Ads,ES_Social_Prospecting_2025Q2,127.57,16277,175,0,0.0
17/06/2025,Solmar Hotels,Meta Ads,ES_Social_Retargeting_2025Q2,102.05,13210,156,2,559.01
17/06/2025,Solmar Hotels,Meta Ads,PT_Social_Prospecting_2025Q2,76.54,10019,122,4,1026.83
18/06/2025,Solmar Hotels,Meta Ads,ES_Social_Prospecting_2025Q2,167.03,22105,379,9,1941.13
18/06/2025,Solmar Hotels,Meta Ads,ES_Social_Retargeting_2025Q2,133.62,17598,264,1,221.22
18/06/2025,Solmar Hotels,Meta Ads,PT_Social_Prospecting_2025Q2,100.22,13305,208,4,1073.58
19/06/2025,Solmar Hotels,Meta Ads,ES_Social_Prospecting_2025Q2,128.88,15889,219,3,1268.59
19/06/2025,Solmar Hotels,Meta Ads,ES_Social_Retargeting_2025Q2,103.11,12515,173,2,652.02
19/06/2025,Solmar Hotels,Meta Ads,PT_Social_Prospecting_2025Q2,77.33,9435,117,1,224.18
20/06/2025,Solmar Hotels,Meta Ads,ES_Social_Prospecting_2025Q2,131.6,24461,318,5,1968.45
20/06/2025,Solmar Hotels,Meta Ads,ES_Social_Retargeting_2025Q2,105.28,19353,241,3,612.85
20/06/2025,Solmar Hotels,Meta Ads,PT_Social_Prospecting_2025Q2,78.96,14684,193,3,517.92
21/06/2025,Solmar Hotels,Meta Ads,ES_Social_Prospecting_2025Q2,129.28,18689,169,1,223.19
21/06/2025,Solmar Hotels,Meta Ads,ES_Social_Retargeting_2025Q2,103.43,15335,162,3,749.93
21/06/2025,Solmar Hotels,Meta Ads,PT_Social_Prospecting_2025Q2,77.57,11319,115,2,463.72
22/06/2025,Solmar Hotels,Meta Ads,ES_Social_Prospecting_2025Q2,181.26,18847,296,5,1099.66
22/06/2025,Solmar Hotels,Meta Ads,ES_Social_Retargeting_2025Q2,145.01,15106,264,3,896.75
22/06/2025,Solmar Hotels,Meta Ads,PT_Social_Prospecting_2025Q2,108.75,11254,197,3,951.08
23/06/2025,Solmar Hotels,Meta Ads,ES_Social_Prospecting_2025Q2,159.89,17995,167,2,451.24
23/06/2025,Solmar Hotels,Meta Ads,ES_Social_Retargeting_2025Q2,127.92,14249,123,2,331.57
23/06/2025,Solmar Hotels,Meta Ads,PT_Social_Prospecting_2025Q2,95.94,10850,106,2,415.93
24/06/2025,Solmar Hotels,Meta Ads,ES_Social_Prospecting_2025Q2,179.97,23089,274,1,249.68
24/06/2025,Solmar Hotels,Meta Ads,ES_Social_Retargeting_2025Q2,143.98,18305,230,6,1711.57
24/06/2025,Solmar Hotels,Meta Ads,PT_Social_Prospecting_2025Q2,107.98,13817,196,3,1271.58
25/06/2025,Solmar Hotels,Meta Ads,ES_Social_Prospecting_2025Q2,181.54,18937,324,5,1296.91
25/06/2025,Solmar Hotels,Meta Ads,ES_Social_Retargeting_2025Q2,145.24,15127,253,10,2764.6
25/06/2025,Solmar Hotels,Meta Ads,PT_Social_Prospecting_2025Q2,108.93,11479,183,7,1385.24
26/06/2025,Solmar Hotels,Meta Ads,ES_Social_Prospecting_2025Q2,141.14,18691,336,4,965.41
26/06/2025,Solmar Hotels,Meta Ads,ES_Social_Retargeting_2025Q2,112.92,14951,274,5,2215.81
26/06/2025,Solmar Hotels,Meta Ads,PT_Social_Prospecting_2025Q2,84.69,11105,201,2,560.47
27/06/2025,Solmar Hotels,Meta Ads,ES_Social_Prospecting_2025Q2,142.8,20714,376,11,2568.1
27/06/2025,Solmar Hotels,Meta Ads,ES_Social_Retargeting_2025Q2,114.24,16723,293,7,1501.48
27/06/2025,Solmar Hotels,Meta Ads,PT_Social_Prospecting_2025Q2,85.68,12722,249,3,1105.52
28/06/2025,Solmar Hotels,Meta Ads,ES_Social_Prospecting_2025Q2,179.11,18862,303,8,2162.96
28/06/2025,Solmar Hotels,Meta Ads,ES_Social_Retargeting_2025Q2,143.29,15013,225,1,170.89
28/06/2025,Solmar Hotels,Meta Ads,PT_Social_Prospecting_2025Q2,107.47,11041,183,7,2388.09
29/06/2025,Solmar Hotels,Meta Ads,ES_Social_Prospecting_2025Q2,176.18,20672,426,7,1727.67
29/06/2025,Solmar Hotels,Meta Ads,ES_Social_Retargeting_2025Q2,140.94,16615,306,8,2386.58
29/06/2025,Solmar Hotels,Meta Ads,PT_Social_Prospecting_2025Q2,105.71,12326,236,2,479.32
30/06/2025,Solmar Hotels,Meta Ads,ES_Social_Prospecting_2025Q2,176.04,29190,442,10,2989.29
30/06/2025,Solmar Hotels,Meta Ads,ES_Social_Retargeting_2025Q2,140.83,23424,370,10,2342.52
30/06/2025,Solmar Hotels,Meta Ads,PT_Social_Prospecting_2025Q2,105.62,17487,295,8,
01/07/2025,Solmar Hotels,Meta Ads,ES_Social_Prospecting_2025Q3,249.84,26807,402,5,991.56
01/07/2025,Solmar Hotels,Meta Ads,ES_Social_Retargeting_2025Q3,199.88,21625,326,12,2415.91
01/07/2025,Solmar Hotels,Meta Ads,PT_Social_Prospecting_2025Q3,149.91,16379,272,11,2087.36
02/07/2025,Solmar Hotels,Meta Ads,ES_Social_Prospecting_2025Q3,164.95,24999,370,3,628.92
02/07/2025,Solmar Hotels,Meta Ads,ES_Social_Retargeting_2025Q3,131.96,19849,271,3,684.42
02/07/2025,Solmar Hotels,Meta Ads,PT_Social_Prospecting_2025Q3,98.97,14933,211,2,684.6
03/07/2025,Solmar Hotels,Meta Ads,ES_Social_Prospecting_2025Q3,184.94,34768,510,6,2322.17
03/07/2025,Solmar Hotels,Meta Ads,ES_Social_Retargeting_2025Q3,147.95,28191,373,4,889.04
03/07/2025,Solmar Hotels,Meta Ads,PT_Social_Prospecting_2025Q3,110.96,20969,283,6,1085.3
04/07/2025,Solmar Hotels,Meta Ads,ES_Social_Prospecting_2025Q3,203.35,27656,471,4,885.69
04/07/2025,Solmar Hotels,Meta Ads,ES_Social_Retargeting_2025Q3,162.68,21845,347,6,1354.65
04/07/2025,Solmar Hotels,Meta Ads,PT_Social_Prospecting_2025Q3,122.01,16611,272,4,895.96
05/07/2025,Solmar Hotels,Meta Ads,ES_Social_Prospecting_2025Q3,165.92,19167,353,9,3313.44
05/07/2025,Solmar Hotels,Meta Ads,ES_Social_Retargeting_2025Q3,132.74,15569,280,10,2613.49
05/07/2025,Solmar Hotels,Meta Ads,PT_Social_Prospecting_2025Q3,99.55,11545,179,5,1216.05
06/07/2025,Solmar Hotels,Meta Ads,ES_Social_Prospecting_2025Q3,174.12,34874,496,5,1670.53
06/07/2025,Solmar Hotels,Meta Ads,ES_Social_Retargeting_2025Q3,139.3,27960,380,8,2095.89
06/07/2025,Solmar Hotels,Meta Ads,PT_Social_Prospecting_2025Q3,104.47,20880,299,3,483.96
07/07/2025,Solmar Hotels,Meta Ads,ES_Social_Prospecting_2025Q3,209.87,37753,704,15,4787.22
07/07/2025,Solmar Hotels,Meta Ads,ES_Social_Retargeting_2025Q3,167.9,29976,587,13,
07/07/2025,Solmar Hotels,Meta Ads,PT_Social_Prospecting_2025Q3,125.92,23033,458,6,1080.5
08/07/2025,Solmar Hotels,Meta Ads,ES_Social_Prospecting_2025Q3,232.19,45141,431,10,2060.5
08/07/2025,Solmar Hotels,Meta Ads,ES_Social_Retargeting_2025Q3,185.75,36159,371,3,823.37
08/07/2025,Solmar Hotels,Meta Ads,PT_Social_Prospecting_2025Q3,139.31,27154,229,2,463.71
09/07/2025,Solmar Hotels,Meta Ads,ES_Social_Prospecting_2025Q3,196.43,21029,196,3,505.43
09/07/2025,Solmar Hotels,Meta Ads,ES_Social_Retargeting_2025Q3,157.14,16697,155,5,1248.28
09/07/2025,Solmar Hotels,Meta Ads,PT_Social_Prospecting_2025Q3,117.86,12739,113,5,675.82
10/07/2025,Solmar Hotels,Meta Ads,ES_Social_Prospecting_2025Q3,148.95,19588,265,7,1584.41
10/07/2025,Solmar Hotels,Meta Ads,ES_Social_Retargeting_2025Q3,119.16,15675,233,3,954.81
10/07/2025,Solmar Hotels,Meta Ads,PT_Social_Prospecting_2025Q3,89.37,11847,158,4,765.45
11/07/2025,Solmar Hotels,Meta Ads,ES_Social_Prospecting_2025Q3,188.7,21680,260,5,1228.58
11/07/2025,Solmar Hotels,Meta Ads,ES_Social_Retargeting_2025Q3,150.96,17659,190,4,1119.0
11/07/2025,Solmar Hotels,Meta Ads,PT_Social_Prospecting_2025Q3,113.22,13015,135,3,790.93
12/07/2025,Solmar Hotels,Meta Ads,ES_Social_Prospecting_2025Q3,226.85,25150,306,7,1817.18
12/07/2025,Solmar Hotels,Meta Ads,ES_Social_Retargeting_2025Q3,181.48,20057,217,2,576.53
12/07/2025,Solmar Hotels,Meta Ads,PT_Social_Prospecting_2025Q3,136.11,15014,183,5,1005.15
13/07/2025,Solmar Hotels,Meta Ads,ES_Social_Prospecting_2025Q3,227.3,26030,265,9,1664.1
13/07/2025,Solmar Hotels,Meta Ads,ES_Social_Retargeting_2025Q3,181.84,20818,209,5,1178.7
13/07/2025,Solmar Hotels,Meta Ads,PT_Social_Prospecting_2025Q3,136.38,15873,148,1,350.73
14/07/2025,Solmar Hotels,Meta Ads,ES_Social_Prospecting_2025Q3,161.77,16387,287,0,0.0
14/07/2025,Solmar Hotels,Meta Ads,ES_Social_Retargeting_2025Q3,129.42,13290,249,4,1006.39
14/07/2025,Solmar Hotels,Meta Ads,PT_Social_Prospecting_2025Q3,97.06,10063,153,3,921.26
15/07/2025,Solmar Hotels,Meta Ads,ES_Social_Prospecting_2025Q3,226.21,22971,230,5,1214.96
15/07/2025,Solmar Hotels,Meta Ads,ES_Social_Retargeting_2025Q3,180.97,18643,207,6,1617.09
15/07/2025,Solmar Hotels,Meta Ads,PT_Social_Prospecting_2025Q3,135.73,13765,165,1,176.99
16/07/2025,Solmar Hotels,Meta Ads,ES_Social_Prospecting_2025Q3,178.04,25240,305,8,1718.25
16/07/2025,Solmar Hotels,Meta Ads,ES_Social_Retargeting_2025Q3,142.43,20321,250,3,820.85
16/07/2025,Solmar Hotels,Meta Ads,PT_Social_Prospecting_2025Q3,106.82,15151,194,3,895.98
17/07/2025,Solmar Hotels,Meta Ads,ES_Social_Prospecting_2025Q3,261.48,38464,327,2,275.8
17/07/2025,Solmar Hotels,Meta Ads,ES_Social_Retargeting_2025Q3,209.19,30658,259,6,1716.0
17/07/2025,Solmar Hotels,Meta Ads,PT_Social_Prospecting_2025Q3,156.89,22959,198,2,611.61
18/07/2025,Solmar Hotels,Meta Ads,ES_Social_Prospecting_2025Q3,240.41,22224,252,4,1369.79
18/07/2025,Solmar Hotels,Meta Ads,ES_Social_Retargeting_2025Q3,192.33,17683,229,7,1423.01
18/07/2025,Solmar Hotels,Meta Ads,PT_Social_Prospecting_2025Q3,144.24,13332,161,4,1029.99
19/07/2025,Solmar Hotels,Meta Ads,ES_Social_Prospecting_2025Q3,191.98,21244,256,8,1865.84
19/07/2025,Solmar Hotels,Meta Ads,ES_Social_Retargeting_2025Q3,153.58,16999,225,5,1307.55
19/07/2025,Solmar Hotels,Meta Ads,PT_Social_Prospecting_2025Q3,115.19,12649,174,5,2133.12
20/07/2025,Solmar Hotels,Meta Ads,ES_Social_Prospecting_2025Q3,152.93,16637,289,2,700.51
20/07/2025,Solmar Hotels,Meta Ads,ES_Social_Retargeting_2025Q3,122.35,13318,220,5,1225.44
20/07/2025,Solmar Hotels,Meta Ads,PT_Social_Prospecting_2025Q3,91.76,9921,149,2,522.17
21/07/2025,Solmar Hotels,Meta Ads,ES_Social_Prospecting_2025Q3,196.88,28777,567,7,1572.55
21/07/2025,Solmar Hotels,Meta Ads,ES_Social_Retargeting_2025Q3,157.5,23134,454,3,738.99
21/07/2025,Solmar Hotels,Meta Ads,PT_Social_Prospecting_2025Q3,118.13,17254,354,4,947.23
22/07/2025,Solmar Hotels,Meta Ads,ES_Social_Prospecting_2025Q3,179.21,25149,447,11,3051.74
22/07/2025,Solmar Hotels,Meta Ads,ES_Social_Retargeting_2025Q3,143.37,20090,318,5,1190.42
22/07/2025,Solmar Hotels,Meta Ads,PT_Social_Prospecting_2025Q3,107.52,15156,252,10,3469.34
23/07/2025,Solmar Hotels,Meta Ads,ES_Social_Prospecting_2025Q3,234.34,34206,614,11,
23/07/2025,Solmar Hotels,Meta Ads,ES_Social_Retargeting_2025Q3,187.47,27517,483,11,3015.48
23/07/2025,Solmar Hotels,Meta Ads,PT_Social_Prospecting_2025Q3,140.6,20683,395,3,677.14
24/07/2025,Solmar Hotels,Meta Ads,ES_Social_Prospecting_2025Q3,151.67,30192,580,8,2033.5
24/07/2025,Solmar Hotels,Meta Ads,ES_Social_Retargeting_2025Q3,121.33,24340,419,4,1152.32
24/07/2025,Solmar Hotels,Meta Ads,PT_Social_Prospecting_2025Q3,91.0,18186,371,8,1928.7
25/07/2025,Solmar Hotels,Meta Ads,ES_Social_Prospecting_2025Q3,178.85,18152,303,10,2739.65
25/07/2025,Solmar Hotels,Meta Ads,ES_Social_Retargeting_2025Q3,143.08,14475,242,9,3136.82
25/07/2025,Solmar Hotels,Meta Ads,PT_Social_Prospecting_2025Q3,107.31,11000,160,2,573.0
26/07/2025,Solmar Hotels,Meta Ads,ES_Social_Prospecting_2025Q3,165.9,24099,262,11,2811.79
26/07/2025,Solmar Hotels,Meta Ads,ES_Social_Retargeting_2025Q3,132.72,20003,245,11,3290.19
26/07/2025,Solmar Hotels,Meta Ads,PT_Social_Prospecting_2025Q3,99.54,14544,140,4,1352.62
27/07/2025,Solmar Hotels,Meta Ads,ES_Social_Prospecting_2025Q3,159.13,31748,653,8,1905.2
27/07/2025,Solmar Hotels,Meta Ads,ES_Social_Retargeting_2025Q3,127.31,25419,516,13,3401.44
27/07/2025,Solmar Hotels,Meta Ads,PT_Social_Prospecting_2025Q3,95.48,19372,375,11,5477.12
28/07/2025,Solmar Hotels,Meta Ads,ES_Social_Prospecting_2025Q3,204.35,24989,238,3,582.78
28/07/2025,Solmar Hotels,Meta Ads,ES_Social_Retargeting_2025Q3,163.48,19872,197,5,1501.3
28/07/2025,Solmar Hotels,Meta Ads,PT_Social_Prospecting_2025Q3,122.61,14893,133,3,810.06
29/07/2025,Solmar Hotels,Meta Ads,ES_Social_Prospecting_2025Q3,210.56,32052,341,3,748.75
29/07/2025,Solmar Hotels,Meta Ads,ES_Social_Retargeting_2025Q3,168.45,25501,261,3,
29/07/2025,Solmar Hotels,Meta Ads,PT_Social_Prospecting_2025Q3,126.34,19518,200,2,653.82
30/07/2025,Solmar Hotels,Meta Ads,ES_Social_Prospecting_2025Q3,205.38,18776,304,14,4753.08
30/07/2025,Solmar Hotels,Meta Ads,ES_Social_Retargeting_2025Q3,164.31,15015,222,1,202.93
30/07/2025,Solmar Hotels,Meta Ads,PT_Social_Prospecting_2025Q3,123.23,11336,162,4,811.35
31/07/2025,Solmar Hotels,Meta Ads,ES_Social_Prospecting_2025Q3,165.89,32410,264,1,283.48
31/07/2025,Solmar Hotels,Meta Ads,ES_Social_Retargeting_2025Q3,132.71,25855,203,4,1184.78
31/07/2025,Solmar Hotels,Meta Ads,PT_Social_Prospecting_2025Q3,99.53,19404,167,2,512.72
01/08/2025,Solmar Hotels,Meta Ads,ES_Social_Prospecting_2025Q3,146.06,26105,429,4,1029.98
01/08/2025,Solmar Hotels,Meta Ads,ES_Social_Retargeting_2025Q3,116.85,20953,375,6,1110.14
01/08/2025,Solmar Hotels,Meta Ads,PT_Social_Prospecting_2025Q3,87.63,15704,285,11,2114.39
02/08/2025,Solmar Hotels,Meta Ads,ES_Social_Prospecting_2025Q3,164.37,25182,430,7,1429.77
02/08/2025,Solmar Hotels,Meta Ads,ES_Social_Retargeting_2025Q3,131.5,20108,379,6,1876.13
02/08/2025,Solmar Hotels,Meta Ads,PT_Social_Prospecting_2025Q3,98.62,14848,296,8,1575.47
03/08/2025,Solmar Hotels,Meta Ads,ES_Social_Prospecting_2025Q3,172.65,17727,187,3,762.89
03/08/2025,Solmar Hotels,Meta Ads,ES_Social_Retargeting_2025Q3,138.12,14194,122,0,0.0
03/08/2025,Solmar Hotels,Meta Ads,PT_Social_Prospecting_2025Q3,103.59,10684,85,4,859.72
04/08/2025,Solmar Hotels,Meta Ads,ES_Social_Prospecting_2025Q3,178.55,21205,232,5,1466.2
04/08/2025,Solmar Hotels,Meta Ads,ES_Social_Retargeting_2025Q3,142.84,16721,172,5,1291.49
04/08/2025,Solmar Hotels,Meta Ads,PT_Social_Prospecting_2025Q3,107.13,12823,121,1,252.73
05/08/2025,Solmar Hotels,Meta Ads,ES_Social_Prospecting_2025Q3,211.53,38730,742,13,3388.04
05/08/2025,Solmar Hotels,Meta Ads,ES_Social_Retargeting_2025Q3,169.22,31054,618,8,1447.81
05/08/2025,Solmar Hotels,Meta Ads,PT_Social_Prospecting_2025Q3,126.92,23336,441,5,1512.9
06/08/2025,Solmar Hotels,Meta Ads,ES_Social_Prospecting_2025Q3,169.84,18053,293,9,3538.78
06/08/2025,Solmar Hotels,Meta Ads,ES_Social_Retargeting_2025Q3,135.87,14701,241,4,943.79
06/08/2025,Solmar Hotels,Meta Ads,PT_Social_Prospecting_2025Q3,101.91,11000,178,3,543.67
07/08/2025,Solmar Hotels,Meta Ads,ES_Social_Prospecting_2025Q3,172.8,31511,615,4,1267.45
07/08/2025,Solmar Hotels,Meta Ads,ES_Social_Retargeting_2025Q3,138.24,25375,521,10,2268.43
07/08/2025,Solmar Hotels,Meta Ads,PT_Social_Prospecting_2025Q3,103.68,19043,372,3,699.9
08/08/2025,Solmar Hotels,Meta Ads,ES_Social_Prospecting_2025Q3,233.1,36486,304,3,611.82
08/08/2025,Solmar Hotels,Meta Ads,ES_Social_Retargeting_2025Q3,186.48,29164,272,4,1293.84
08/08/2025,Solmar Hotels,Meta Ads,PT_Social_Prospecting_2025Q3,139.86,22043,195,4,747.17
09/08/2025,Solmar Hotels,Meta Ads,ES_Social_Prospecting_2025Q3,190.91,28987,490,7,2285.16
09/08/2025,Solmar Hotels,Meta Ads,ES_Social_Retargeting_2025Q3,152.73,23163,441,5,1401.82
09/08/2025,Solmar Hotels,Meta Ads,PT_Social_Prospecting_2025Q3,114.55,17562,309,6,1670.0
10/08/2025,Solmar Hotels,Meta Ads,ES_Social_Prospecting_2025Q3,185.69,17870,291,6,
10/08/2025,Solmar Hotels,Meta Ads,ES_Social_Retargeting_2025Q3,148.56,14585,256,2,571.59
10/08/2025,Solmar Hotels,Meta Ads,PT_Social_Prospecting_2025Q3,111.42,10719,176,4,978.91
11/08/2025,Solmar Hotels,Meta Ads,ES_Social_Prospecting_2025Q3,196.24,35081,323,0,0.0
11/08/2025,Solmar Hotels,Meta Ads,ES_Social_Retargeting_2025Q3,157.0,28047,228,2,605.16
11/08/2025,Solmar Hotels,Meta Ads,PT_Social_Prospecting_2025Q3,117.75,21308,200,2,700.9
12/08/2025,Solmar Hotels,Meta Ads,ES_Social_Prospecting_2025Q3,123.38,15772,172,5,1405.84
12/08/2025,Solmar Hotels,Meta Ads,ES_Social_Retargeting_2025Q3,98.71,12713,140,1,172.05
12/08/2025,Solmar Hotels,Meta Ads,PT_Social_Prospecting_2025Q3,74.03,9619,104,0,0.0
13/08/2025,Solmar Hotels,Meta Ads,ES_Social_Prospecting_2025Q3,151.64,17350,325,12,2903.74
13/08/2025,Solmar Hotels,Meta Ads,ES_Social_Retargeting_2025Q3,121.31,13830,247,11,2531.89
13/08/2025,Solmar Hotels,Meta Ads,PT_Social_Prospecting_2025Q3,90.99,10417,188,3,1033.76
14/08/2025,Solmar Hotels,Meta Ads,ES_Social_Prospecting_2025Q3,187.36,29370,285,8,1953.77
14/08/2025,Solmar Hotels,Meta Ads,ES_Social_Retargeting_2025Q3,149.89,23900,217,2,430.46
14/08/2025,Solmar Hotels,Meta Ads,PT_Social_Prospecting_2025Q3,112.42,17386,170,6,
15/08/2025,Solmar Hotels,Meta Ads,ES_Social_Prospecting_2025Q3,187.83,25350,203,9,2671.8
15/08/2025,Solmar Hotels,Meta Ads,ES_Social_Retargeting_2025Q3,150.27,20289,179,3,1009.68
15/08/2025,Solmar Hotels,Meta Ads,PT_Social_Prospecting_2025Q3,112.7,15010,114,5,1911.12
16/08/2025,Solmar Hotels,Meta Ads,ES_Social_Prospecting_2025Q3,128.36,15256,182,3,545.39
16/08/2025,Solmar Hotels,Meta Ads,ES_Social_Retargeting_2025Q3,102.69,12274,133,0,0.0
16/08/2025,Solmar Hotels,Meta Ads,PT_Social_Prospecting_2025Q3,77.02,9267,109,2,583.82
17/08/2025,Solmar Hotels,Meta Ads,ES_Social_Prospecting_2025Q3,151.11,19705,306,6,1861.86
17/08/2025,Solmar Hotels,Meta Ads,ES_Social_Retargeting_2025Q3,120.89,15755,227,3,945.65
17/08/2025,Solmar Hotels,Meta Ads,PT_Social_Prospecting_2025Q3,90.66,12014,168,4,1065.74
18/08/2025,Solmar Hotels,Meta Ads,ES_Social_Prospecting_2025Q3,120.2,23639,257,2,386.49
18/08/2025,Solmar Hotels,Meta Ads,ES_Social_Retargeting_2025Q3,96.16,18884,215,4,691.35
18/08/2025,Solmar Hotels,Meta Ads,PT_Social_Prospecting_2025Q3,72.12,14299,141,5,1148.24
19/08/2025,Solmar Hotels,Meta Ads,ES_Social_Prospecting_2025Q3,165.27,24914,437,3,901.76
19/08/2025,Solmar Hotels,Meta Ads,ES_Social_Retargeting_2025Q3,132.22,19707,289,5,1748.06
19/08/2025,Solmar Hotels,Meta Ads,PT_Social_Prospecting_2025Q3,99.16,14783,225,3,744.38
20/08/2025,Solmar Hotels,Meta Ads,ES_Social_Prospecting_2025Q3,123.96,15401,193,1,229.7
20/08/2025,Solmar Hotels,Meta Ads,ES_Social_Retargeting_2025Q3,99.16,12295,139,2,618.08
20/08/2025,Solmar Hotels,Meta Ads,PT_Social_Prospecting_2025Q3,74.37,9420,121,5,1381.93
21/08/2025,Solmar Hotels,Meta Ads,ES_Social_Prospecting_2025Q3,154.4,16226,314,12,2805.15
21/08/2025,Solmar Hotels,Meta Ads,ES_Social_Retargeting_2025Q3,123.52,12812,232,7,1742.9
21/08/2025,Solmar Hotels,Meta Ads,PT_Social_Prospecting_2025Q3,92.64,9571,174,9,2603.25
22/08/2025,Solmar Hotels,Meta Ads,ES_Social_Prospecting_2025Q3,155.9,22331,213,5,1272.19
22/08/2025,Solmar Hotels,Meta Ads,ES_Social_Retargeting_2025Q3,124.72,17911,164,12,3645.27
22/08/2025,Solmar Hotels,Meta Ads,PT_Social_Prospecting_2025Q3,93.54,13321,127,3,731.31
23/08/2025,Solmar Hotels,Meta Ads,ES_Social_Prospecting_2025Q3,170.79,24746,464,8,1838.49
23/08/2025,Solmar Hotels,Meta Ads,ES_Social_Retargeting_2025Q3,136.63,19811,374,5,1461.73
23/08/2025,Solmar Hotels,Meta Ads,PT_Social_Prospecting_2025Q3,102.47,14623,288,5,1058.81
24/08/2025,Solmar Hotels,Meta Ads,ES_Social_Prospecting_2025Q3,153.44,21376,329,3,714.97
24/08/2025,Solmar Hotels,Meta Ads,ES_Social_Retargeting_2025Q3,122.75,16936,275,8,1872.86
24/08/2025,Solmar Hotels,Meta Ads,PT_Social_Prospecting_2025Q3,92.07,12840,216,3,860.75
25/08/2025,Solmar Hotels,Meta Ads,ES_Social_Prospecting_2025Q3,126.38,16139,163,4,1370.89
25/08/2025,Solmar Hotels,Meta Ads,ES_Social_Retargeting_2025Q3,101.11,12842,122,2,861.81
25/08/2025,Solmar Hotels,Meta Ads,PT_Social_Prospecting_2025Q3,75.83,9564,74,1,227.43
26/08/2025,Solmar Hotels,Meta Ads,ES_Social_Prospecting_2025Q3,116.25,18343,329,3,835.23
26/08/2025,Solmar Hotels,Meta Ads,ES_Social_Retargeting_2025Q3,93.0,14713,282,5,1610.93
26/08/2025,Solmar Hotels,Meta Ads,PT_Social_Prospecting_2025Q3,69.75,11125,206,5,1216.7
27/08/2025,Solmar Hotels,Meta Ads,ES_Social_Prospecting_2025Q3,128.94,18634,314,12,2991.63
27/08/2025,Solmar Hotels,Meta Ads,ES_Social_Retargeting_2025Q3,103.15,15088,258,5,1153.84
27/08/2025,Solmar Hotels,Meta Ads,PT_Social_Prospecting_2025Q3,77.36,11347,178,8,1302.34
28/08/2025,Solmar Hotels,Meta Ads,ES_Social_Prospecting_2025Q3,143.42,17570,197,2,678.24
28/08/2025,Solmar Hotels,Meta Ads,ES_Social_Retargeting_2025Q3,114.73,14222,181,4,1389.61
28/08/2025,Solmar Hotels,Meta Ads,PT_Social_Prospecting_2025Q3,86.05,10829,131,1,286.98
29/08/2025,Solmar Hotels,Meta Ads,ES_Social_Prospecting_2025Q3,112.82,16343,291,4,1296.1
29/08/2025,Solmar Hotels,Meta Ads,ES_Social_Retargeting_2025Q3,90.25,12914,210,2,464.89
29/08/2025,Solmar Hotels,Meta Ads,PT_Social_Prospecting_2025Q3,67.69,9622,153,1,337.56
30/08/2025,Solmar Hotels,Meta Ads,ES_Social_Prospecting_2025Q3,122.16,18271,162,3,572.52
30/08/2025,Solmar Hotels,Meta Ads,ES_Social_Retargeting_2025Q3,97.73,14645,157,3,974.94
30/08/2025,Solmar Hotels,Meta Ads,PT_Social_Prospecting_2025Q3,73.3,10845,128,0,0.0
31/08/2025,Solmar Hotels,Meta Ads,ES_Social_Prospecting_2025Q3,134.29,16496,172,5,1500.71
31/08/2025,Solmar Hotels,Meta Ads,ES_Social_Retargeting_2025Q3,107.43,12987,165,2,416.92
31/08/2025,Solmar Hotels,Meta Ads,PT_Social_Prospecting_2025Q3,80.57,9898,84,0,0.0
01/09/2025,Solmar Hotels,Meta Ads,ES_Social_Prospecting_2025Q3,119.72,15614,118,10,2200.78
01/09/2025,Solmar Hotels,Meta Ads,ES_Social_Retargeting_2025Q3,95.77,12367,102,2,451.28
01/09/2025,Solmar Hotels,Meta Ads,PT_Social_Prospecting_2025Q3,71.83,9173,82,0,0.0
02/09/2025,Solmar Hotels,Meta Ads,ES_Social_Prospecting_2025Q3,106.03,18704,347,4,
02/09/2025,Solmar Hotels,Meta Ads,ES_Social_Retargeting_2025Q3,84.82,15051,298,6,1127.37
02/09/2025,Solmar Hotels,Meta Ads,PT_Social_Prospecting_2025Q3,63.62,11313,201,2,437.56
03/09/2025,Solmar Hotels,Meta Ads,ES_Social_Prospecting_2025Q3,156.56,30500,280,2,571.3
03/09/2025,Solmar Hotels,Meta Ads,ES_Social_Retargeting_2025Q3,125.25,24346,202,3,576.12
03/09/2025,Solmar Hotels,Meta Ads,PT_Social_Prospecting_2025Q3,93.94,18364,143,3,1358.28
04/09/2025,Solmar Hotels,Meta Ads,ES_Social_Prospecting_2025Q3,127.48,13161,149,1,246.85
04/09/2025,Solmar Hotels,Meta Ads,ES_Social_Retargeting_2025Q3,101.99,10545,142,5,1338.68
04/09/2025,Solmar Hotels,Meta Ads,PT_Social_Prospecting_2025Q3,76.49,7746,99,2,530.76
05/09/2025,Solmar Hotels,Meta Ads,ES_Social_Prospecting_2025Q3,97.3,13337,147,7,1929.2
05/09/2025,Solmar Hotels,Meta Ads,ES_Social_Retargeting_2025Q3,77.84,10711,110,3,692.28
05/09/2025,Solmar Hotels,Meta Ads,PT_Social_Prospecting_2025Q3,58.38,8146,93,3,956.64
06/09/2025,Solmar Hotels,Meta Ads,ES_Social_Prospecting_2025Q3,96.65,17611,164,4,1340.35
06/09/2025,Solmar Hotels,Meta Ads,ES_Social_Retargeting_2025Q3,77.32,13997,133,1,288.24
06/09/2025,Solmar Hotels,Meta Ads,PT_Social_Prospecting_2025Q3,57.99,10605,88,1,277.46
07/09/2025,Solmar Hotels,Meta Ads,ES_Social_Prospecting_2025Q3,96.72,16480,279,6,3472.05
07/09/2025,Solmar Hotels,Meta Ads,ES_Social_Retargeting_2025Q3,77.38,12978,218,7,2380.19
07/09/2025,Solmar Hotels,Meta Ads,PT_Social_Prospecting_2025Q3,58.03,9584,151,3,655.99
08/09/2025,Solmar Hotels,Meta Ads,ES_Social_Prospecting_2025Q3,78.29,9701,115,2,882.38
08/09/2025,Solmar Hotels,Meta Ads,ES_Social_Retargeting_2025Q3,62.63,7866,104,5,2311.46
08/09/2025,Solmar Hotels,Meta Ads,PT_Social_Prospecting_2025Q3,46.97,5703,79,7,1570.45
09/09/2025,Solmar Hotels,Meta Ads,ES_Social_Prospecting_2025Q3,102.59,17564,266,8,2498.01
09/09/2025,Solmar Hotels,Meta Ads,ES_Social_Retargeting_2025Q3,82.07,14003,207,7,1010.78
09/09/2025,Solmar Hotels,Meta Ads,PT_Social_Prospecting_2025Q3,61.55,10541,149,5,1002.39
10/09/2025,Solmar Hotels,Meta Ads,ES_Social_Prospecting_2025Q3,68.21,8942,110,1,306.89
10/09/2025,Solmar Hotels,Meta Ads,ES_Social_Retargeting_2025Q3,54.57,7194,89,4,875.69
10/09/2025,Solmar Hotels,Meta Ads,PT_Social_Prospecting_2025Q3,40.92,5458,49,2,483.48
11/09/2025,Solmar Hotels,Meta Ads,ES_Social_Prospecting_2025Q3,79.11,7254,113,1,342.14
11/09/2025,Solmar Hotels,Meta Ads,ES_Social_Retargeting_2025Q3,63.29,5857,104,2,691.86
11/09/2025,Solmar Hotels,Meta Ads,PT_Social_Prospecting_2025Q3,47.47,4282,68,3,814.44
12/09/2025,Solmar Hotels,Meta Ads,ES_Social_Prospecting_2025Q3,85.27,15266,139,4,997.11
12/09/2025,Solmar Hotels,Meta Ads,ES_Social_Retargeting_2025Q3,68.22,12043,104,3,806.79
12/09/2025,Solmar Hotels,Meta Ads,PT_Social_Prospecting_2025Q3,51.16,8942,103,1,194.24
13/09/2025,Solmar Hotels,Meta Ads,ES_Social_Prospecting_2025Q3,75.13,8468,152,4,1168.92
13/09/2025,Solmar Hotels,Meta Ads,ES_Social_Retargeting_2025Q3,60.11,6735,137,4,1065.34
13/09/2025,Solmar Hotels,Meta Ads,PT_Social_Prospecting_2025Q3,45.08,5093,87,1,329.67
14/09/2025,Solmar Hotels,Meta Ads,ES_Social_Prospecting_2025Q3,97.43,15861,146,4,725.0
14/09/2025,Solmar Hotels,Meta Ads,ES_Social_Retargeting_2025Q3,77.95,12417,108,2,
14/09/2025,Solmar Hotels,Meta Ads,PT_Social_Prospecting_2025Q3,58.46,9361,84,3,637.55
15/09/2025,Solmar Hotels,Meta Ads,ES_Social_Prospecting_2025Q3,84.34,14322,124,2,845.12
15/09/2025,Solmar Hotels,Meta Ads,ES_Social_Retargeting_2025Q3,67.47,11856,97,3,1084.63
15/09/2025,Solmar Hotels,Meta Ads,PT_Social_Prospecting_2025Q3,50.6,8629,65,1,301.6
16/09/2025,Solmar Hotels,Meta Ads,ES_Social_Prospecting_2025Q3,99.72,18378,366,6,1827.72
16/09/2025,Solmar Hotels,Meta Ads,ES_Social_Retargeting_2025Q3,79.78,14643,301,7,2011.47
16/09/2025,Solmar Hotels,Meta Ads,PT_Social_Prospecting_2025Q3,59.83,10748,168,3,801.55
17/09/2025,Solmar Hotels,Meta Ads,ES_Social_Prospecting_2025Q3,120.16,12948,147,5,1099.77
17/09/2025,Solmar Hotels,Meta Ads,ES_Social_Retargeting_2025Q3,96.13,10334,134,3,1188.96
17/09/2025,Solmar Hotels,Meta Ads,PT_Social_Prospecting_2025Q3,72.09,7544,102,2,452.77
18/09/2025,Solmar Hotels,Meta Ads,ES_Social_Prospecting_2025Q3,81.38,15779,331,6,2417.46
18/09/2025,Solmar Hotels,Meta Ads,ES_Social_Retargeting_2025Q3,65.11,12721,266,3,732.73
18/09/2025,Solmar Hotels,Meta Ads,PT_Social_Prospecting_2025Q3,48.83,9645,168,5,1248.51
19/09/2025,Solmar Hotels,Meta Ads,ES_Social_Prospecting_2025Q3,78.31,8143,82,1,226.58
19/09/2025,Solmar Hotels,Meta Ads,ES_Social_Retargeting_2025Q3,62.65,6363,55,0,0.0
19/09/2025,Solmar Hotels,Meta Ads,PT_Social_Prospecting_2025Q3,46.99,4863,40,3,542.91
20/09/2025,Solmar Hotels,Meta Ads,ES_Social_Prospecting_2025Q3,68.3,9277,77,0,0.0
20/09/2025,Solmar Hotels,Meta Ads,ES_Social_Retargeting_2025Q3,54.64,7449,43,0,0.0
20/09/2025,Solmar Hotels,Meta Ads,PT_Social_Prospecting_2025Q3,40.98,5566,39,0,0.0
21/09/2025,Solmar Hotels,Meta Ads,ES_Social_Prospecting_2025Q3,78.63,11582,159,5,575.81
21/09/2025,Solmar Hotels,Meta Ads,ES_Social_Retargeting_2025Q3,62.9,9408,140,3,841.74
21/09/2025,Solmar Hotels,Meta Ads,PT_Social_Prospecting_2025Q3,47.18,7075,79,2,621.19
22/09/2025,Solmar Hotels,Meta Ads,ES_Social_Prospecting_2025Q3,49.79,5214,48,0,0.0
22/09/2025,Solmar Hotels,Meta Ads,ES_Social_Retargeting_2025Q3,39.83,4210,44,1,233.77
22/09/2025,Solmar Hotels,Meta Ads,PT_Social_Prospecting_2025Q3,29.87,3196,45,2,570.16
23/09/2025,Solmar Hotels,Meta Ads,ES_Social_Prospecting_2025Q3,78.63,7232,152,3,799.81
23/09/2025,Solmar Hotels,Meta Ads,ES_Social_Retargeting_2025Q3,62.9,5706,88,0,0.0
23/09/2025,Solmar Hotels,Meta Ads,PT_Social_Prospecting_2025Q3,47.18,4328,73,1,206.18
24/09/2025,Solmar Hotels,Meta Ads,ES_Social_Prospecting_2025Q3,43.44,5454,54,0,0.0
24/09/2025,Solmar Hotels,Meta Ads,ES_Social_Retargeting_2025Q3,34.75,4335,48,2,507.36
24/09/2025,Solmar Hotels,Meta Ads,PT_Social_Prospecting_2025Q3,26.06,3175,31,1,353.31
25/09/2025,Solmar Hotels,Meta Ads,ES_Social_Prospecting_2025Q3,97.42,10438,104,2,608.9
25/09/2025,Solmar Hotels,Meta Ads,ES_Social_Retargeting_2025Q3,77.94,8365,71,1,175.66
25/09/2025,Solmar Hotels,Meta Ads,PT_Social_Prospecting_2025Q3,58.45,6083,52,4,1448.39
26/09/2025,Solmar Hotels,Meta Ads,ES_Social_Prospecting_2025Q3,68.4,7665,109,3,758.83
26/09/2025,Solmar Hotels,Meta Ads,ES_Social_Retargeting_2025Q3,54.72,6025,86,3,732.3
26/09/2025,Solmar Hotels,Meta Ads,PT_Social_Prospecting_2025Q3,41.04,4514,72,3,581.8
27/09/2025,Solmar Hotels,Meta Ads,ES_Social_Prospecting_2025Q3,67.33,9723,180,1,144.37
27/09/2025,Solmar Hotels,Meta Ads,ES_Social_Retargeting_2025Q3,53.86,7737,138,3,995.77
27/09/2025,Solmar Hotels,Meta Ads,PT_Social_Prospecting_2025Q3,40.4,5951,96,1,295.34
28/09/2025,Solmar Hotels,Meta Ads,ES_Social_Prospecting_2025Q3,65.0,10223,166,1,293.87
28/09/2025,Solmar Hotels,Meta Ads,ES_Social_Retargeting_2025Q3,52.0,8233,118,1,433.34
28/09/2025,Solmar Hotels,Meta Ads,PT_Social_Prospecting_2025Q3,39.0,6066,100,1,386.41
29/09/2025,Solmar Hotels,Meta Ads,ES_Social_Prospecting_2025Q3,71.93,14410,172,5,1118.92
29/09/2025,Solmar Hotels,Meta Ads,ES_Social_Retargeting_2025Q3,57.54,11419,130,6,1990.0
29/09/2025,Solmar Hotels,Meta Ads,PT_Social_Prospecting_2025Q3,43.16,8495,93,2,525.73
30/09/2025,Solmar Hotels,Meta Ads,ES_Social_Prospecting_2025Q3,59.3,5564,65,0,0.0
30/09/2025,Solmar Hotels,Meta Ads,ES_Social_Retargeting_2025Q3,47.44,4280,42,1,200.34
30/09/2025,Solmar Hotels,Meta Ads,PT_Social_Prospecting_2025Q3,35.58,3280,31,0,0.0
01/10/2025,Solmar Hotels,Meta Ads,ES_Social_Prospecting_2025Q4,81.31,9001,93,2,616.76
01/10/2025,Solmar Hotels,Meta Ads,ES_Social_Retargeting_2025Q4,65.05,6978,71,1,371.05
02/10/2025,Solmar Hotels,Meta Ads,ES_Social_Prospecting_2025Q4,66.68,12961,222,5,2127.14
02/10/2025,Solmar Hotels,Meta Ads,ES_Social_Retargeting_2025Q4,53.34,10359,180,5,
03/10/2025,Solmar Hotels,Meta Ads,ES_Social_Prospecting_2025Q4,83.16,12413,187,6,1982.61
03/10/2025,Solmar Hotels,Meta Ads,ES_Social_Retargeting_2025Q4,66.53,9789,130,0,0.0
04/10/2025,Solmar Hotels,Meta Ads,ES_Social_Prospecting_2025Q4,88.04,17174,252,3,939.3
04/10/2025,Solmar Hotels,Meta Ads,ES_Social_Retargeting_2025Q4,70.43,13958,204,5,1781.15
05/10/2025,Solmar Hotels,Meta Ads,ES_Social_Prospecting_2025Q4,74.03,7604,63,1,240.93
05/10/2025,Solmar Hotels,Meta Ads,ES_Social_Retargeting_2025Q4,59.22,6050,49,1,430.91
06/10/2025,Solmar Hotels,Meta Ads,ES_Social_Prospecting_2025Q4,97.87,10151,143,4,887.4
06/10/2025,Solmar Hotels,Meta Ads,ES_Social_Retargeting_2025Q4,78.3,8213,103,0,0.0
07/10/2025,Solmar Hotels,Meta Ads,ES_Social_Prospecting_2025Q4,86.05,10462,150,2,481.96
07/10/2025,Solmar Hotels,Meta Ads,ES_Social_Retargeting_2025Q4,68.84,8121,132,4,557.71
08/10/2025,Solmar Hotels,Meta Ads,ES_Social_Prospecting_2025Q4,96.35,16298,310,2,686.07
08/10/2025,Solmar Hotels,Meta Ads,ES_Social_Retargeting_2025Q4,77.08,13070,214,0,0.0
09/10/2025,Solmar Hotels,Meta Ads,ES_Social_Prospecting_2025Q4,77.09,7362,132,6,1235.52
09/10/2025,Solmar Hotels,Meta Ads,ES_Social_Retargeting_2025Q4,61.68,5885,97,3,891.15
10/10/2025,Solmar Hotels,Meta Ads,ES_Social_Prospecting_2025Q4,73.2,10798,174,3,1175.59
10/10/2025,Solmar Hotels,Meta Ads,ES_Social_Retargeting_2025Q4,58.56,8540,146,3,986.56
11/10/2025,Solmar Hotels,Meta Ads,ES_Social_Prospecting_2025Q4,72.33,13507,188,3,640.77
11/10/2025,Solmar Hotels,Meta Ads,ES_Social_Retargeting_2025Q4,57.87,10497,146,3,540.94
12/10/2025,Solmar Hotels,Meta Ads,ES_Social_Prospecting_2025Q4,88.29,15947,305,5,1314.74
12/10/2025,Solmar Hotels,Meta Ads,ES_Social_Retargeting_2025Q4,70.63,12692,232,4,1297.8
13/10/2025,Solmar Hotels,Meta Ads,ES_Social_Prospecting_2025Q4,90.76,12207,236,4,1006.7
13/10/2025,Solmar Hotels,Meta Ads,ES_Social_Retargeting_2025Q4,72.61,9848,192,9,2532.19
14/10/2025,Solmar Hotels,Meta Ads,ES_Social_Prospecting_2025Q4,68.41,9552,164,2,526.28
14/10/2025,Solmar Hotels,Meta Ads,ES_Social_Retargeting_2025Q4,54.72,7684,122,3,835.26
15/10/2025,Solmar Hotels,Meta Ads,ES_Social_Prospecting_2025Q4,76.56,8780,74,1,374.48
15/10/2025,Solmar Hotels,Meta Ads,ES_Social_Retargeting_2025Q4,61.25,6817,72,2,467.42
16/10/2025,Solmar Hotels,Meta Ads,ES_Social_Prospecting_2025Q4,107.13,13138,218,2,550.64
16/10/2025,Solmar Hotels,Meta Ads,ES_Social_Retargeting_2025Q4,85.71,10604,211,3,953.15
17/10/2025,Solmar Hotels,Meta Ads,ES_Social_Prospecting_2025Q4,52.28,6170,130,1,180.3
17/10/2025,Solmar Hotels,Meta Ads,ES_Social_Retargeting_2025Q4,41.82,4882,105,2,410.34
18/10/2025,Solmar Hotels,Meta Ads,ES_Social_Prospecting_2025Q4,71.87,8706,122,1,229.86
18/10/2025,Solmar Hotels,Meta Ads,ES_Social_Retargeting_2025Q4,57.49,7082,94,2,488.25
19/10/2025,Solmar Hotels,Meta Ads,ES_Social_Prospecting_2025Q4,65.04,6586,100,6,1701.22
19/10/2025,Solmar Hotels,Meta Ads,ES_Social_Retargeting_2025Q4,52.03,5337,80,2,433.43
20/10/2025,Solmar Hotels,Meta Ads,ES_Social_Prospecting_2025Q4,66.61,6670,53,1,
20/10/2025,Solmar Hotels,Meta Ads,ES_Social_Retargeting_2025Q4,53.29,5392,53,0,0.0
21/10/2025,Solmar Hotels,Meta Ads,ES_Social_Prospecting_2025Q4,60.7,9663,111,1,505.25
21/10/2025,Solmar Hotels,Meta Ads,ES_Social_Retargeting_2025Q4,48.56,7692,83,1,237.21
22/10/2025,Solmar Hotels,Meta Ads,ES_Social_Prospecting_2025Q4,71.35,8197,118,0,0.0
22/10/2025,Solmar Hotels,Meta Ads,ES_Social_Retargeting_2025Q4,57.08,6612,86,2,468.63
23/10/2025,Solmar Hotels,Meta Ads,ES_Social_Prospecting_2025Q4,72.0,6755,60,1,214.69
23/10/2025,Solmar Hotels,Meta Ads,ES_Social_Retargeting_2025Q4,57.6,5509,48,0,0.0
24/10/2025,Solmar Hotels,Meta Ads,ES_Social_Prospecting_2025Q4,95.36,10293,103,2,487.05
24/10/2025,Solmar Hotels,Meta Ads,ES_Social_Retargeting_2025Q4,76.29,8123,60,5,2862.81
25/10/2025,Solmar Hotels,Meta Ads,ES_Social_Prospecting_2025Q4,87.53,10501,109,5,1558.86
25/10/2025,Solmar Hotels,Meta Ads,ES_Social_Retargeting_2025Q4,70.03,8502,94,5,1308.66
26/10/2025,Solmar Hotels,Meta Ads,ES_Social_Prospecting_2025Q4,66.06,6767,77,4,1170.95
26/10/2025,Solmar Hotels,Meta Ads,ES_Social_Retargeting_2025Q4,52.85,5372,69,1,309.04
27/10/2025,Solmar Hotels,Meta Ads,ES_Social_Prospecting_2025Q4,78.17,10461,180,0,0.0
27/10/2025,Solmar Hotels,Meta Ads,ES_Social_Retargeting_2025Q4,62.53,8243,149,5,797.25
28/10/2025,Solmar Hotels,Meta Ads,ES_Social_Prospecting_2025Q4,90.94,12225,120,1,223.2
28/10/2025,Solmar Hotels,Meta Ads,ES_Social_Retargeting_2025Q4,72.75,9904,112,4,1213.52
29/10/2025,Solmar Hotels,Meta Ads,ES_Social_Prospecting_2025Q4,76.55,10239,190,2,327.39
29/10/2025,Solmar Hotels,Meta Ads,ES_Social_Retargeting_2025Q4,61.24,8124,135,1,289.85
30/10/2025,Solmar Hotels,Meta Ads,ES_Social_Prospecting_2025Q4,93.02,12678,235,4,751.31
30/10/2025,Solmar Hotels,Meta Ads,ES_Social_Retargeting_2025Q4,74.42,9891,169,5,1193.12
31/10/2025,Solmar Hotels,Meta Ads,ES_Social_Prospecting_2025Q4,89.66,11240,190,2,603.95
31/10/2025,Solmar Hotels,Meta Ads,ES_Social_Retargeting_2025Q4,71.73,8848,156,2,747.93
01/11/2025,Solmar Hotels,Meta Ads,ES_Social_Prospecting_2025Q4,59.04,6251,82,2,460.07
01/11/2025,Solmar Hotels,Meta Ads,ES_Social_Retargeting_2025Q4,47.23,4995,54,2,495.33
02/11/2025,Solmar Hotels,Meta Ads,ES_Social_Prospecting_2025Q4,69.77,9760,156,1,220.22
02/11/2025,Solmar Hotels,Meta Ads,ES_Social_Retargeting_2025Q4,55.81,7928,130,1,229.31
03/11/2025,Solmar Hotels,Meta Ads,ES_Social_Prospecting_2025Q4,63.49,10375,205,6,1728.47
03/11/2025,Solmar Hotels,Meta Ads,ES_Social_Retargeting_2025Q4,50.79,8304,145,5,1318.71
04/11/2025,Solmar Hotels,Meta Ads,ES_Social_Prospecting_2025Q4,82.01,8590,146,1,
04/11/2025,Solmar Hotels,Meta Ads,ES_Social_Retargeting_2025Q4,65.61,7041,116,1,
05/11/2025,Solmar Hotels,Meta Ads,ES_Social_Prospecting_2025Q4,78.86,8939,186,3,591.86
05/11/2025,Solmar Hotels,Meta Ads,ES_Social_Retargeting_2025Q4,63.09,7207,127,1,228.01
06/11/2025,Solmar Hotels,Meta Ads,ES_Social_Prospecting_2025Q4,92.97,13280,184,1,236.31
06/11/2025,Solmar Hotels,Meta Ads,ES_Social_Retargeting_2025Q4,74.38,10759,134,4,980.68
07/11/2025,Solmar Hotels,Meta Ads,ES_Social_Prospecting_2025Q4,67.37,8893,135,4,1028.98
07/11/2025,Solmar Hotels,Meta Ads,ES_Social_Retargeting_2025Q4,53.89,7217,141,8,2960.72
08/11/2025,Solmar Hotels,Meta Ads,ES_Social_Prospecting_2025Q4,59.61,7224,132,4,1868.36
08/11/2025,Solmar Hotels,Meta Ads,ES_Social_Retargeting_2025Q4,47.69,5789,113,3,1149.62
09/11/2025,Solmar Hotels,Meta Ads,ES_Social_Prospecting_2025Q4,58.01,8537,83,3,1378.25
09/11/2025,Solmar Hotels,Meta Ads,ES_Social_Retargeting_2025Q4,46.41,6727,58,3,704.06
10/11/2025,Solmar Hotels,Meta Ads,ES_Social_Prospecting_2025Q4,69.97,8391,174,5,1499.23
10/11/2025,Solmar Hotels,Meta Ads,ES_Social_Retargeting_2025Q4,55.97,6714,139,4,1051.02
11/11/2025,Solmar Hotels,Meta Ads,ES_Social_Prospecting_2025Q4,52.45,6377,54,2,479.98
11/11/2025,Solmar Hotels,Meta Ads,ES_Social_Retargeting_2025Q4,41.96,5222,48,0,0.0
12/11/2025,Solmar Hotels,Meta Ads,ES_Social_Prospecting_2025Q4,83.46,8162,142,3,608.44
12/11/2025,Solmar Hotels,Meta Ads,ES_Social_Retargeting_2025Q4,66.77,6493,140,3,483.46
13/11/2025,Solmar Hotels,Meta Ads,ES_Social_Prospecting_2025Q4,81.73,10733,149,4,1143.62
13/11/2025,Solmar Hotels,Meta Ads,ES_Social_Retargeting_2025Q4,65.38,8528,105,1,289.92
14/11/2025,Solmar Hotels,Meta Ads,ES_Social_Prospecting_2025Q4,72.37,11323,146,3,992.31
14/11/2025,Solmar Hotels,Meta Ads,ES_Social_Retargeting_2025Q4,57.9,9120,135,5,1921.49
15/11/2025,Solmar Hotels,Meta Ads,ES_Social_Prospecting_2025Q4,60.9,6535,78,2,429.02
15/11/2025,Solmar Hotels,Meta Ads,ES_Social_Retargeting_2025Q4,48.72,5327,63,1,298.34
16/11/2025,Solmar Hotels,Meta Ads,ES_Social_Prospecting_2025Q4,71.12,6505,93,6,1344.46
16/11/2025,Solmar Hotels,Meta Ads,ES_Social_Retargeting_2025Q4,56.9,5192,75,0,0.0
17/11/2025,Solmar Hotels,Meta Ads,ES_Social_Prospecting_2025Q4,65.05,9862,166,1,307.2
17/11/2025,Solmar Hotels,Meta Ads,ES_Social_Retargeting_2025Q4,52.04,7795,165,6,2067.12
18/11/2025,Solmar Hotels,Meta Ads,ES_Social_Prospecting_2025Q4,81.61,8556,109,0,0.0
18/11/2025,Solmar Hotels,Meta Ads,ES_Social_Retargeting_2025Q4,65.28,6759,90,0,0.0
19/11/2025,Solmar Hotels,Meta Ads,ES_Social_Prospecting_2025Q4,71.52,7121,113,3,1343.44
19/11/2025,Solmar Hotels,Meta Ads,ES_Social_Retargeting_2025Q4,57.21,5659,90,0,0.0
20/11/2025,Solmar Hotels,Meta Ads,ES_Social_Prospecting_2025Q4,64.41,6376,61,1,197.96
20/11/2025,Solmar Hotels,Meta Ads,ES_Social_Retargeting_2025Q4,51.53,5261,47,2,479.35
21/11/2025,Solmar Hotels,Meta Ads,ES_Social_Prospecting_2025Q4,55.64,5303,94,3,806.37
21/11/2025,Solmar Hotels,Meta Ads,ES_Social_Retargeting_2025Q4,44.51,4406,89,1,252.52
22/11/2025,Solmar Hotels,Meta Ads,ES_Social_Prospecting_2025Q4,64.04,11775,135,4,789.76
22/11/2025,Solmar Hotels,Meta Ads,ES_Social_Retargeting_2025Q4,51.23,9122,122,4,914.13
23/11/2025,Solmar Hotels,Meta Ads,ES_Social_Prospecting_2025Q4,65.25,6101,63,0,0.0
23/11/2025,Solmar Hotels,Meta Ads,ES_Social_Retargeting_2025Q4,52.2,4943,55,1,268.7
24/11/2025,Solmar Hotels,Meta Ads,ES_Social_Prospecting_2025Q4,89.83,11536,145,1,209.42
24/11/2025,Solmar Hotels,Meta Ads,ES_Social_Retargeting_2025Q4,71.86,9142,124,2,745.26
25/11/2025,Solmar Hotels,Meta Ads,ES_Social_Prospecting_2025Q4,83.79,12960,124,2,
25/11/2025,Solmar Hotels,Meta Ads,ES_Social_Retargeting_2025Q4,67.03,10178,71,4,937.63
26/11/2025,Solmar Hotels,Meta Ads,ES_Social_Prospecting_2025Q4,70.44,10070,174,3,705.68
26/11/2025,Solmar Hotels,Meta Ads,ES_Social_Retargeting_2025Q4,56.35,8028,152,1,295.06
27/11/2025,Solmar Hotels,Meta Ads,ES_Social_Prospecting_2025Q4,95.51,15239,147,5,1176.07
27/11/2025,Solmar Hotels,Meta Ads,ES_Social_Retargeting_2025Q4,76.41,12188,106,1,377.73
28/11/2025,Solmar Hotels,Meta Ads,ES_Social_Prospecting_2025Q4,61.13,6252,75,3,601.27
28/11/2025,Solmar Hotels,Meta Ads,ES_Social_Retargeting_2025Q4,48.9,5020,59,2,547.58
29/11/2025,Solmar Hotels,Meta Ads,ES_Social_Prospecting_2025Q4,77.08,8165,85,0,0.0
29/11/2025,Solmar Hotels,Meta Ads,ES_Social_Retargeting_2025Q4,61.66,6487,57,1,312.24
30/11/2025,Solmar Hotels,Meta Ads,ES_Social_Prospecting_2025Q4,65.62,11175,137,3,977.13
30/11/2025,Solmar Hotels,Meta Ads,ES_Social_Retargeting_2025Q4,52.49,8915,116,3,620.2
01/12/2025,Solmar Hotels,Meta Ads,ES_Social_Prospecting_2025Q4,76.33,13120,108,1,397.26
01/12/2025,Solmar Hotels,Meta Ads,ES_Social_Retargeting_2025Q4,61.07,10579,98,3,969.11
02/12/2025,Solmar Hotels,Meta Ads,ES_Social_Prospecting_2025Q4,79.25,10055,148,1,426.9
02/12/2025,Solmar Hotels,Meta Ads,ES_Social_Retargeting_2025Q4,63.4,8117,122,4,1128.07
03/12/2025,Solmar Hotels,Meta Ads,ES_Social_Prospecting_2025Q4,74.76,14742,186,0,0.0
03/12/2025,Solmar Hotels,Meta Ads,ES_Social_Retargeting_2025Q4,59.81,11800,151,5,1737.55
04/12/2025,Solmar Hotels,Meta Ads,ES_Social_Prospecting_2025Q4,74.5,9258,159,2,454.69
04/12/2025,Solmar Hotels,Meta Ads,ES_Social_Retargeting_2025Q4,59.6,7321,107,4,
05/12/2025,Solmar Hotels,Meta Ads,ES_Social_Prospecting_2025Q4,61.71,11271,150,2,392.5
05/12/2025,Solmar Hotels,Meta Ads,ES_Social_Retargeting_2025Q4,49.37,9207,128,4,969.82
06/12/2025,Solmar Hotels,Meta Ads,ES_Social_Prospecting_2025Q4,59.66,6256,112,3,595.72
06/12/2025,Solmar Hotels,Meta Ads,ES_Social_Retargeting_2025Q4,47.73,4971,98,4,793.19
07/12/2025,Solmar Hotels,Meta Ads,ES_Social_Prospecting_2025Q4,80.98,13650,145,7,1597.15
07/12/2025,Solmar Hotels,Meta Ads,ES_Social_Retargeting_2025Q4,64.79,10925,122,4,1101.59
08/12/2025,Solmar Hotels,Meta Ads,ES_Social_Prospecting_2025Q4,71.87,10440,131,5,846.68
08/12/2025,Solmar Hotels,Meta Ads,ES_Social_Retargeting_2025Q4,57.5,8376,119,6,1536.45
09/12/2025,Solmar Hotels,Meta Ads,ES_Social_Prospecting_2025Q4,79.93,10828,122,0,0.0
09/12/2025,Solmar Hotels,Meta Ads,ES_Social_Retargeting_2025Q4,63.94,8750,81,2,606.2
10/12/2025,Solmar Hotels,Meta Ads,ES_Social_Prospecting_2025Q4,90.39,9714,142,5,1523.11
10/12/2025,Solmar Hotels,Meta Ads,ES_Social_Retargeting_2025Q4,72.31,7816,137,4,1280.55
11/12/2025,Solmar Hotels,Meta Ads,ES_Social_Prospecting_2025Q4,95.45,10978,105,2,515.74
11/12/2025,Solmar Hotels,Meta Ads,ES_Social_Retargeting_2025Q4,76.36,8653,94,2,458.9
12/12/2025,Solmar Hotels,Meta Ads,ES_Social_Prospecting_2025Q4,82.1,9553,141,4,800.51
12/12/2025,Solmar Hotels,Meta Ads,ES_Social_Retargeting_2025Q4,65.68,7719,109,0,0.0
13/12/2025,Solmar Hotels,Meta Ads,ES_Social_Prospecting_2025Q4,65.54,9356,123,0,0.0
13/12/2025,Solmar Hotels,Meta Ads,ES_Social_Retargeting_2025Q4,52.43,7606,105,2,986.05
14/12/2025,Solmar Hotels,Meta Ads,ES_Social_Prospecting_2025Q4,64.46,6789,107,5,1632.41
14/12/2025,Solmar Hotels,Meta Ads,ES_Social_Retargeting_2025Q4,51.56,5264,77,4,1268.84
15/12/2025,Solmar Hotels,Meta Ads,ES_Social_Prospecting_2025Q4,60.83,11892,182,5,940.28
15/12/2025,Solmar Hotels,Meta Ads,ES_Social_Retargeting_2025Q4,48.66,9627,126,3,825.62
16/12/2025,Solmar Hotels,Meta Ads,ES_Social_Prospecting_2025Q4,62.75,7229,142,1,168.1
16/12/2025,Solmar Hotels,Meta Ads,ES_Social_Retargeting_2025Q4,50.2,6021,112,2,428.57
17/12/2025,Solmar Hotels,Meta Ads,ES_Social_Prospecting_2025Q4,63.96,6066,99,1,227.29
17/12/2025,Solmar Hotels,Meta Ads,ES_Social_Retargeting_2025Q4,51.17,5006,86,4,
18/12/2025,Solmar Hotels,Meta Ads,ES_Social_Prospecting_2025Q4,75.22,7087,102,0,0.0
18/12/2025,Solmar Hotels,Meta Ads,ES_Social_Retargeting_2025Q4,60.18,5718,83,3,
19/12/2025,Solmar Hotels,Meta Ads,ES_Social_Prospecting_2025Q4,62.87,6692,95,0,0.0
19/12/2025,Solmar Hotels,Meta Ads,ES_Social_Retargeting_2025Q4,50.3,5434,80,1,303.57
20/12/2025,Solmar Hotels,Meta Ads,ES_Social_Prospecting_2025Q4,75.83,13389,193,4,1448.96
20/12/2025,Solmar Hotels,Meta Ads,ES_Social_Retargeting_2025Q4,60.66,10939,145,1,324.3
21/12/2025,Solmar Hotels,Meta Ads,ES_Social_Prospecting_2025Q4,77.28,7821,139,2,507.4
21/12/2025,Solmar Hotels,Meta Ads,ES_Social_Retargeting_2025Q4,61.83,6102,91,0,0.0
22/12/2025,Solmar Hotels,Meta Ads,ES_Social_Prospecting_2025Q4,89.02,9811,113,1,221.41
22/12/2025,Solmar Hotels,Meta Ads,ES_Social_Retargeting_2025Q4,71.21,7762,89,0,0.0
23/12/2025,Solmar Hotels,Meta Ads,ES_Social_Prospecting_2025Q4,89.12,8510,75,0,0.0
23/12/2025,Solmar Hotels,Meta Ads,ES_Social_Retargeting_2025Q4,71.3,6784,62,0,0.0
24/12/2025,Solmar Hotels,Meta Ads,ES_Social_Prospecting_2025Q4,66.72,10778,212,5,1125.9
24/12/2025,Solmar Hotels,Meta Ads,ES_Social_Retargeting_2025Q4,53.37,8494,168,3,485.58
25/12/2025,Solmar Hotels,Meta Ads,ES_Social_Prospecting_2025Q4,62.41,10169,73,2,799.98
25/12/2025,Solmar Hotels,Meta Ads,ES_Social_Retargeting_2025Q4,49.93,8386,69,1,350.12
26/12/2025,Solmar Hotels,Meta Ads,ES_Social_Prospecting_2025Q4,63.72,10824,115,2,506.53
26/12/2025,Solmar Hotels,Meta Ads,ES_Social_Retargeting_2025Q4,50.98,8723,99,4,602.86
27/12/2025,Solmar Hotels,Meta Ads,ES_Social_Prospecting_2025Q4,64.35,7444,145,2,682.15
27/12/2025,Solmar Hotels,Meta Ads,ES_Social_Retargeting_2025Q4,51.48,5907,101,2,404.86
28/12/2025,Solmar Hotels,Meta Ads,ES_Social_Prospecting_2025Q4,76.88,12450,211,2,440.81
28/12/2025,Solmar Hotels,Meta Ads,ES_Social_Retargeting_2025Q4,61.51,9822,160,4,1404.36
29/12/2025,Solmar Hotels,Meta Ads,ES_Social_Prospecting_2025Q4,93.61,13883,194,8,1332.23
29/12/2025,Solmar Hotels,Meta Ads,ES_Social_Retargeting_2025Q4,74.89,11151,135,5,1369.5
30/12/2025,Solmar Hotels,Meta Ads,ES_Social_Prospecting_2025Q4,71.95,12168,178,2,377.16
30/12/2025,Solmar Hotels,Meta Ads,ES_Social_Retargeting_2025Q4,57.56,9871,150,2,660.95
31/12/2025,Solmar Hotels,Meta Ads,ES_Social_Prospecting_2025Q4,99.28,13630,194,5,1060.98
31/12/2025,Solmar Hotels,Meta Ads,ES_Social_Retargeting_2025Q4,79.43,10877,146,2,741.01
01/01/2026,Solmar Hotels,Meta Ads,ES_Social_Prospecting_2026Q1,76.63,6943,118,4,
01/01/2026,Solmar Hotels,Meta Ads,ES_Social_Retargeting_2026Q1,61.31,5539,68,1,148.69
02/01/2026,Solmar Hotels,Meta Ads,ES_Social_Prospecting_2026Q1,63.55,6688,64,0,0.0
02/01/2026,Solmar Hotels,Meta Ads,ES_Social_Retargeting_2026Q1,50.84,5431,55,3,505.19
03/01/2026,Solmar Hotels,Meta Ads,ES_Social_Prospecting_2026Q1,72.06,10039,168,2,276.16
03/01/2026,Solmar Hotels,Meta Ads,ES_Social_Retargeting_2026Q1,57.65,7979,146,3,917.98
04/01/2026,Solmar Hotels,Meta Ads,ES_Social_Prospecting_2026Q1,60.55,9781,156,5,1588.05
04/01/2026,Solmar Hotels,Meta Ads,ES_Social_Retargeting_2026Q1,48.44,7609,115,3,671.82
05/01/2026,Solmar Hotels,Meta Ads,ES_Social_Prospecting_2026Q1,71.68,8639,124,2,397.8
05/01/2026,Solmar Hotels,Meta Ads,ES_Social_Retargeting_2026Q1,57.34,6824,89,1,187.59
06/01/2026,Solmar Hotels,Meta Ads,ES_Social_Prospecting_2026Q1,66.12,13013,250,5,1462.18
06/01/2026,Solmar Hotels,Meta Ads,ES_Social_Retargeting_2026Q1,52.9,10610,182,3,569.02
07/01/2026,Solmar Hotels,Meta Ads,ES_Social_Prospecting_2026Q1,75.24,8837,88,0,0.0
07/01/2026,Solmar Hotels,Meta Ads,ES_Social_Retargeting_2026Q1,60.19,6958,62,1,364.94
08/01/2026,Solmar Hotels,Meta Ads,ES_Social_Prospecting_2026Q1,58.97,6579,99,4,1149.44
08/01/2026,Solmar Hotels,Meta Ads,ES_Social_Retargeting_2026Q1,47.18,5319,72,0,0.0
09/01/2026,Solmar Hotels,Meta Ads,ES_Social_Prospecting_2026Q1,66.18,9639,176,2,403.54
09/01/2026,Solmar Hotels,Meta Ads,ES_Social_Retargeting_2026Q1,52.94,7742,117,2,720.75
10/01/2026,Solmar Hotels,Meta Ads,ES_Social_Prospecting_2026Q1,85.86,12423,163,4,1079.46
10/01/2026,Solmar Hotels,Meta Ads,ES_Social_Retargeting_2026Q1,68.69,10088,132,6,1045.9
11/01/2026,Solmar Hotels,Meta Ads,ES_Social_Prospecting_2026Q1,73.79,14474,209,6,2203.88
11/01/2026,Solmar Hotels,Meta Ads,ES_Social_Retargeting_2026Q1,59.03,11878,167,3,1066.69
12/01/2026,Solmar Hotels,Meta Ads,ES_Social_Prospecting_2026Q1,89.5,10689,98,0,0.0
12/01/2026,Solmar Hotels,Meta Ads,ES_Social_Retargeting_2026Q1,71.6,8573,77,2,457.31
13/01/2026,Solmar Hotels,Meta Ads,ES_Social_Prospecting_2026Q1,85.33,9423,135,3,651.88
13/01/2026,Solmar Hotels,Meta Ads,ES_Social_Retargeting_2026Q1,68.26,7450,104,2,389.23
14/01/2026,Solmar Hotels,Meta Ads,ES_Social_Prospecting_2026Q1,81.7,7590,66,1,280.86
14/01/2026,Solmar Hotels,Meta Ads,ES_Social_Retargeting_2026Q1,65.36,6082,44,1,425.56
15/01/2026,Solmar Hotels,Meta Ads,ES_Social_Prospecting_2026Q1,86.15,16490,284,4,1403.0
15/01/2026,Solmar Hotels,Meta Ads,ES_Social_Retargeting_2026Q1,68.92,13093,217,5,1438.85
16/01/2026,Solmar Hotels,Meta Ads,ES_Social_Prospecting_2026Q1,80.23,11980,111,3,675.47
16/01/2026,Solmar Hotels,Meta Ads,ES_Social_Retargeting_2026Q1,64.19,9651,84,1,367.2
17/01/2026,Solmar Hotels,Meta Ads,ES_Social_Prospecting_2026Q1,74.29,7811,84,2,616.79
17/01/2026,Solmar Hotels,Meta Ads,ES_Social_Retargeting_2026Q1,59.43,6306,56,2,636.48
18/01/2026,Solmar Hotels,Meta Ads,ES_Social_Prospecting_2026Q1,84.86,14529,237,7,1727.1
18/01/2026,Solmar Hotels,Meta Ads,ES_Social_Retargeting_2026Q1,67.89,11755,188,9,2399.4
19/01/2026,Solmar Hotels,Meta Ads,ES_Social_Prospecting_2026Q1,57.77,5430,82,0,0.0
19/01/2026,Solmar Hotels,Meta Ads,ES_Social_Retargeting_2026Q1,46.21,4221,60,0,0.0
20/01/2026,Solmar Hotels,Meta Ads,ES_Social_Prospecting_2026Q1,53.64,5715,45,0,0.0
20/01/2026,Solmar Hotels,Meta Ads,ES_Social_Retargeting_2026Q1,42.91,4505,36,1,186.12
21/01/2026,Solmar Hotels,Meta Ads,ES_Social_Prospecting_2026Q1,66.33,10051,148,5,1682.88
21/01/2026,Solmar Hotels,Meta Ads,ES_Social_Retargeting_2026Q1,53.06,8120,110,0,0.0
22/01/2026,Solmar Hotels,Meta Ads,ES_Social_Prospecting_2026Q1,65.23,5836,68,1,322.91
22/01/2026,Solmar Hotels,Meta Ads,ES_Social_Retargeting_2026Q1,52.18,4851,59,1,261.92
23/01/2026,Solmar Hotels,Meta Ads,ES_Social_Prospecting_2026Q1,65.26,10149,190,7,1052.09
23/01/2026,Solmar Hotels,Meta Ads,ES_Social_Retargeting_2026Q1,52.21,7909,148,4,1090.08
24/01/2026,Solmar Hotels,Meta Ads,ES_Social_Prospecting_2026Q1,71.97,7676,137,4,1540.2
24/01/2026,Solmar Hotels,Meta Ads,ES_Social_Retargeting_2026Q1,57.57,6261,113,1,386.35
25/01/2026,Solmar Hotels,Meta Ads,ES_Social_Prospecting_2026Q1,61.49,9447,107,0,0.0
25/01/2026,Solmar Hotels,Meta Ads,ES_Social_Retargeting_2026Q1,49.19,7647,108,4,954.98
26/01/2026,Solmar Hotels,Meta Ads,ES_Social_Prospecting_2026Q1,58.07,6129,90,3,978.3
26/01/2026,Solmar Hotels,Meta Ads,ES_Social_Retargeting_2026Q1,46.45,4992,84,2,588.33
27/01/2026,Solmar Hotels,Meta Ads,ES_Social_Prospecting_2026Q1,54.31,10835,101,0,0.0
27/01/2026,Solmar Hotels,Meta Ads,ES_Social_Retargeting_2026Q1,43.45,8713,76,1,160.33
28/01/2026,Solmar Hotels,Meta Ads,ES_Social_Prospecting_2026Q1,64.32,6741,130,4,923.02
28/01/2026,Solmar Hotels,Meta Ads,ES_Social_Retargeting_2026Q1,51.46,5484,91,3,738.6
29/01/2026,Solmar Hotels,Meta Ads,ES_Social_Prospecting_2026Q1,77.96,11290,140,3,836.68
29/01/2026,Solmar Hotels,Meta Ads,ES_Social_Retargeting_2026Q1,62.36,8988,107,4,963.28
30/01/2026,Solmar Hotels,Meta Ads,ES_Social_Prospecting_2026Q1,76.83,9189,162,4,1055.88
30/01/2026,Solmar Hotels,Meta Ads,ES_Social_Retargeting_2026Q1,61.46,7477,140,6,1055.49
31/01/2026,Solmar Hotels,Meta Ads,ES_Social_Prospecting_2026Q1,81.78,7664,178,6,1921.52
31/01/2026,Solmar Hotels,Meta Ads,ES_Social_Retargeting_2026Q1,65.42,6304,108,1,
01/02/2026,Solmar Hotels,Meta Ads,ES_Social_Prospecting_2026Q1,69.87,9971,133,5,1062.92
01/02/2026,Solmar Hotels,Meta Ads,ES_Social_Retargeting_2026Q1,55.9,7772,107,3,761.28
02/02/2026,Solmar Hotels,Meta Ads,ES_Social_Prospecting_2026Q1,69.98,7654,89,3,956.38
02/02/2026,Solmar Hotels,Meta Ads,ES_Social_Retargeting_2026Q1,55.99,6006,77,0,0.0
03/02/2026,Solmar Hotels,Meta Ads,ES_Social_Prospecting_2026Q1,81.85,7985,136,8,1449.34
03/02/2026,Solmar Hotels,Meta Ads,ES_Social_Retargeting_2026Q1,65.48,6401,93,2,
04/02/2026,Solmar Hotels,Meta Ads,ES_Social_Prospecting_2026Q1,76.11,10900,199,7,1353.46
04/02/2026,Solmar Hotels,Meta Ads,ES_Social_Retargeting_2026Q1,60.89,8914,145,4,2037.29
05/02/2026,Solmar Hotels,Meta Ads,ES_Social_Prospecting_2026Q1,86.98,9731,119,0,0.0
05/02/2026,Solmar Hotels,Meta Ads,ES_Social_Retargeting_2026Q1,69.59,7786,95,2,440.79
06/02/2026,Solmar Hotels,Meta Ads,ES_Social_Prospecting_2026Q1,56.06,6499,112,2,477.84
06/02/2026,Solmar Hotels,Meta Ads,ES_Social_Retargeting_2026Q1,44.85,5181,71,2,404.14
07/02/2026,Solmar Hotels,Meta Ads,ES_Social_Prospecting_2026Q1,69.07,8035,74,1,250.55
07/02/2026,Solmar Hotels,Meta Ads,ES_Social_Retargeting_2026Q1,55.26,6692,60,2,506.99
08/02/2026,Solmar Hotels,Meta Ads,ES_Social_Prospecting_2026Q1,57.77,10318,158,2,617.62
08/02/2026,Solmar Hotels,Meta Ads,ES_Social_Retargeting_2026Q1,46.21,8222,130,3,930.72
09/02/2026,Solmar Hotels,Meta Ads,ES_Social_Prospecting_2026Q1,68.48,10027,168,8,1926.54
09/02/2026,Solmar Hotels,Meta Ads,ES_Social_Retargeting_2026Q1,54.79,8028,136,1,296.43
10/02/2026,Solmar Hotels,Meta Ads,ES_Social_Prospecting_2026Q1,43.52,5786,117,5,1848.0
10/02/2026,Solmar Hotels,Meta Ads,ES_Social_Retargeting_2026Q1,34.82,4586,84,2,745.8
11/02/2026,Solmar Hotels,Meta Ads,ES_Social_Prospecting_2026Q1,84.12,9398,141,7,3118.7
11/02/2026,Solmar Hotels,Meta Ads,ES_Social_Retargeting_2026Q1,67.3,7713,153,2,551.74
12/02/2026,Solmar Hotels,Meta Ads,ES_Social_Prospecting_2026Q1,77.62,8449,166,1,230.98
12/02/2026,Solmar Hotels,Meta Ads,ES_Social_Retargeting_2026Q1,62.1,6759,126,0,0.0
13/02/2026,Solmar Hotels,Meta Ads,ES_Social_Prospecting_2026Q1,76.04,11371,160,4,846.45
13/02/2026,Solmar Hotels,Meta Ads,ES_Social_Retargeting_2026Q1,60.83,9079,143,2,625.11
14/02/2026,Solmar Hotels,Meta Ads,ES_Social_Prospecting_2026Q1,81.07,11748,220,3,714.27
14/02/2026,Solmar Hotels,Meta Ads,ES_Social_Retargeting_2026Q1,64.85,9544,139,0,0.0
15/02/2026,Solmar Hotels,Meta Ads,ES_Social_Prospecting_2026Q1,73.3,8531,100,1,250.11
15/02/2026,Solmar Hotels,Meta Ads,ES_Social_Retargeting_2026Q1,58.64,7120,78,1,201.09
16/02/2026,Solmar Hotels,Meta Ads,ES_Social_Prospecting_2026Q1,73.41,13570,202,3,955.6
16/02/2026,Solmar Hotels,Meta Ads,ES_Social_Retargeting_2026Q1,58.73,10911,181,0,0.0
17/02/2026,Solmar Hotels,Meta Ads,ES_Social_Prospecting_2026Q1,52.2,8190,99,1,230.3
17/02/2026,Solmar Hotels,Meta Ads,ES_Social_Retargeting_2026Q1,41.76,6432,60,1,322.91
18/02/2026,Solmar Hotels,Meta Ads,ES_Social_Prospecting_2026Q1,67.39,7112,115,1,225.56
18/02/2026,Solmar Hotels,Meta Ads,ES_Social_Retargeting_2026Q1,53.92,5624,83,1,342.09
19/02/2026,Solmar Hotels,Meta Ads,ES_Social_Prospecting_2026Q1,79.58,8269,72,0,0.0
19/02/2026,Solmar Hotels,Meta Ads,ES_Social_Retargeting_2026Q1,63.66,6620,40,2,291.62
20/02/2026,Solmar Hotels,Meta Ads,ES_Social_Prospecting_2026Q1,83.64,8473,65,0,0.0
20/02/2026,Solmar Hotels,Meta Ads,ES_Social_Retargeting_2026Q1,66.91,6866,55,2,405.48
21/02/2026,Solmar Hotels,Meta Ads,ES_Social_Prospecting_2026Q1,82.46,12498,104,4,954.57
21/02/2026,Solmar Hotels,Meta Ads,ES_Social_Retargeting_2026Q1,65.97,10142,80,1,154.11
22/02/2026,Solmar Hotels,Meta Ads,ES_Social_Prospecting_2026Q1,84.14,9138,76,1,535.38
22/02/2026,Solmar Hotels,Meta Ads,ES_Social_Retargeting_2026Q1,67.31,7432,67,1,262.51
23/02/2026,Solmar Hotels,Meta Ads,ES_Social_Prospecting_2026Q1,75.88,6945,130,5,1617.03
23/02/2026,Solmar Hotels,Meta Ads,ES_Social_Retargeting_2026Q1,60.71,5665,97,2,
24/02/2026,Solmar Hotels,Meta Ads,ES_Social_Prospecting_2026Q1,81.09,10567,144,1,360.38
24/02/2026,Solmar Hotels,Meta Ads,ES_Social_Retargeting_2026Q1,64.87,8316,90,0,0.0
25/02/2026,Solmar Hotels,Meta Ads,ES_Social_Prospecting_2026Q1,71.52,6974,126,4,1011.9
25/02/2026,Solmar Hotels,Meta Ads,ES_Social_Retargeting_2026Q1,57.21,5598,116,4,952.48
26/02/2026,Solmar Hotels,Meta Ads,ES_Social_Prospecting_2026Q1,74.13,12595,210,1,332.89
26/02/2026,Solmar Hotels,Meta Ads,ES_Social_Retargeting_2026Q1,59.3,10171,152,3,879.5
27/02/2026,Solmar Hotels,Meta Ads,ES_Social_Prospecting_2026Q1,63.46,6855,127,2,386.56
27/02/2026,Solmar Hotels,Meta Ads,ES_Social_Retargeting_2026Q1,50.77,5411,88,1,238.1
28/02/2026,Solmar Hotels,Meta Ads,ES_Social_Prospecting_2026Q1,63.4,9941,200,3,554.48
28/02/2026,Solmar Hotels,Meta Ads,ES_Social_Retargeting_2026Q1,50.72,7885,162,2,625.17
01/03/2026,Solmar Hotels,Meta Ads,ES_Social_Prospecting_2026Q1,53.66,5640,105,3,949.59
01/03/2026,Solmar Hotels,Meta Ads,ES_Social_Retargeting_2026Q1,42.93,4573,86,3,542.27
01/03/2026,Solmar Hotels,Meta Ads,PT_Social_Prospecting_2026Q1,32.2,3466,73,3,640.67
02/03/2026,Solmar Hotels,Meta Ads,ES_Social_Prospecting_2026Q1,62.13,5761,99,0,0.0
02/03/2026,Solmar Hotels,Meta Ads,ES_Social_Retargeting_2026Q1,49.7,4686,73,0,0.0
02/03/2026,Solmar Hotels,Meta Ads,PT_Social_Prospecting_2026Q1,37.28,3413,65,0,0.0
03/03/2026,Solmar Hotels,Meta Ads,ES_Social_Prospecting_2026Q1,48.08,5961,83,2,617.74
03/03/2026,Solmar Hotels,Meta Ads,ES_Social_Retargeting_2026Q1,38.47,4777,76,2,471.14
03/03/2026,Solmar Hotels,Meta Ads,PT_Social_Prospecting_2026Q1,28.85,3511,60,1,302.42
04/03/2026,Solmar Hotels,Meta Ads,ES_Social_Prospecting_2026Q1,62.74,8209,148,2,702.03
04/03/2026,Solmar Hotels,Meta Ads,ES_Social_Retargeting_2026Q1,50.19,6593,134,0,0.0
04/03/2026,Solmar Hotels,Meta Ads,PT_Social_Prospecting_2026Q1,37.65,5010,99,2,474.66
05/03/2026,Solmar Hotels,Meta Ads,ES_Social_Prospecting_2026Q1,61.07,7673,137,1,369.34
05/03/2026,Solmar Hotels,Meta Ads,ES_Social_Retargeting_2026Q1,48.86,6197,137,1,301.77
05/03/2026,Solmar Hotels,Meta Ads,PT_Social_Prospecting_2026Q1,36.64,4644,73,0,0.0
06/03/2026,Solmar Hotels,Meta Ads,ES_Social_Prospecting_2026Q1,51.32,4996,40,1,186.14
06/03/2026,Solmar Hotels,Meta Ads,ES_Social_Retargeting_2026Q1,41.05,4170,36,4,1738.72
06/03/2026,Solmar Hotels,Meta Ads,PT_Social_Prospecting_2026Q1,30.79,3074,40,0,0.0
07/03/2026,Solmar Hotels,Meta Ads,ES_Social_Prospecting_2026Q1,52.03,9945,79,2,627.67
07/03/2026,Solmar Hotels,Meta Ads,ES_Social_Retargeting_2026Q1,41.63,7827,67,2,433.62
07/03/2026,Solmar Hotels,Meta Ads,PT_Social_Prospecting_2026Q1,31.22,5896,59,4,1274.28
08/03/2026,Solmar Hotels,Meta Ads,ES_Social_Prospecting_2026Q1,61.46,6802,84,1,190.93
08/03/2026,Solmar Hotels,Meta Ads,ES_Social_Retargeting_2026Q1,49.17,5386,84,0,0.0
08/03/2026,Solmar Hotels,Meta Ads,PT_Social_Prospecting_2026Q1,36.88,4039,42,3,1019.29
09/03/2026,Solmar Hotels,Meta Ads,ES_Social_Prospecting_2026Q1,54.64,4929,55,2,505.98
09/03/2026,Solmar Hotels,Meta Ads,ES_Social_Retargeting_2026Q1,43.72,4139,44,1,432.53
09/03/2026,Solmar Hotels,Meta Ads,PT_Social_Prospecting_2026Q1,32.79,3030,28,1,210.88
10/03/2026,Solmar Hotels,Meta Ads,ES_Social_Prospecting_2026Q1,50.64,4890,60,0,0.0
10/03/2026,Solmar Hotels,Meta Ads,ES_Social_Retargeting_2026Q1,40.51,3923,50,1,260.95
10/03/2026,Solmar Hotels,Meta Ads,PT_Social_Prospecting_2026Q1,30.39,2926,39,0,0.0
11/03/2026,Solmar Hotels,Meta Ads,ES_Social_Prospecting_2026Q1,47.78,4442,68,0,0.0
11/03/2026,Solmar Hotels,Meta Ads,ES_Social_Retargeting_2026Q1,38.23,3593,68,1,234.65
11/03/2026,Solmar Hotels,Meta Ads,PT_Social_Prospecting_2026Q1,28.67,2658,46,0,0.0
12/03/2026,Solmar Hotels,Meta Ads,ES_Social_Prospecting_2026Q1,50.06,5479,79,0,0.0
12/03/2026,Solmar Hotels,Meta Ads,ES_Social_Retargeting_2026Q1,40.05,4314,53,2,514.44
12/03/2026,Solmar Hotels,Meta Ads,PT_Social_Prospecting_2026Q1,30.04,3200,45,1,254.52
13/03/2026,Solmar Hotels,Meta Ads,ES_Social_Prospecting_2026Q1,51.38,5291,83,1,359.41
13/03/2026,Solmar Hotels,Meta Ads,ES_Social_Retargeting_2026Q1,41.11,4253,77,1,366.1
13/03/2026,Solmar Hotels,Meta Ads,PT_Social_Prospecting_2026Q1,30.83,3063,47,0,0.0
14/03/2026,Solmar Hotels,Meta Ads,ES_Social_Prospecting_2026Q1,59.95,5750,60,1,190.74
14/03/2026,Solmar Hotels,Meta Ads,ES_Social_Retargeting_2026Q1,47.96,4507,46,0,0.0
14/03/2026,Solmar Hotels,Meta Ads,PT_Social_Prospecting_2026Q1,35.97,3388,44,0,0.0
15/03/2026,Solmar Hotels,Meta Ads,ES_Social_Prospecting_2026Q1,50.87,8702,96,2,602.13
15/03/2026,Solmar Hotels,Meta Ads,ES_Social_Retargeting_2026Q1,40.69,7101,92,2,526.57
15/03/2026,Solmar Hotels,Meta Ads,PT_Social_Prospecting_2026Q1,30.52,5276,61,0,0.0
16/03/2026,Solmar Hotels,Meta Ads,ES_Social_Prospecting_2026Q1,62.21,5702,68,2,578.64
16/03/2026,Solmar Hotels,Meta Ads,ES_Social_Retargeting_2026Q1,49.77,4472,48,1,155.77
16/03/2026,Solmar Hotels,Meta Ads,PT_Social_Prospecting_2026Q1,37.33,3373,33,2,494.06
17/03/2026,Solmar Hotels,Meta Ads,ES_Social_Prospecting_2026Q1,60.73,5832,113,0,0.0
17/03/2026,Solmar Hotels,Meta Ads,ES_Social_Retargeting_2026Q1,48.58,4630,76,1,288.59
17/03/2026,Solmar Hotels,Meta Ads,PT_Social_Prospecting_2026Q1,36.44,3500,62,2,844.48
18/03/2026,Solmar Hotels,Meta Ads,ES_Social_Prospecting_2026Q1,63.43,6068,105,2,750.4
18/03/2026,Solmar Hotels,Meta Ads,ES_Social_Retargeting_2026Q1,50.74,4766,63,1,205.51
18/03/2026,Solmar Hotels,Meta Ads,PT_Social_Prospecting_2026Q1,38.06,3772,54,0,0.0
19/03/2026,Solmar Hotels,Meta Ads,ES_Social_Prospecting_2026Q1,50.87,4621,63,1,252.81
19/03/2026,Solmar Hotels,Meta Ads,ES_Social_Retargeting_2026Q1,40.69,3823,40,1,270.45
19/03/2026,Solmar Hotels,Meta Ads,PT_Social_Prospecting_2026Q1,30.52,2890,46,0,0.0
20/03/2026,Solmar Hotels,Meta Ads,ES_Social_Prospecting_2026Q1,53.76,6491,110,0,0.0
20/03/2026,Solmar Hotels,Meta Ads,ES_Social_Retargeting_2026Q1,43.01,5280,70,1,298.98
20/03/2026,Solmar Hotels,Meta Ads,PT_Social_Prospecting_2026Q1,32.26,4059,68,0,0.0
21/03/2026,Solmar Hotels,Meta Ads,ES_Social_Prospecting_2026Q1,47.72,4553,47,1,252.87
21/03/2026,Solmar Hotels,Meta Ads,ES_Social_Retargeting_2026Q1,38.18,3637,48,2,976.17
21/03/2026,Solmar Hotels,Meta Ads,PT_Social_Prospecting_2026Q1,28.63,2707,27,2,525.06
22/03/2026,Solmar Hotels,Meta Ads,ES_Social_Prospecting_2026Q1,51.53,7119,85,3,970.7
22/03/2026,Solmar Hotels,Meta Ads,ES_Social_Retargeting_2026Q1,41.22,5651,88,1,158.46
22/03/2026,Solmar Hotels,Meta Ads,PT_Social_Prospecting_2026Q1,30.92,4205,47,1,284.9
23/03/2026,Solmar Hotels,Meta Ads,ES_Social_Prospecting_2026Q1,57.35,5570,107,3,996.36
23/03/2026,Solmar Hotels,Meta Ads,ES_Social_Retargeting_2026Q1,45.88,4237,80,1,296.85
23/03/2026,Solmar Hotels,Meta Ads,PT_Social_Prospecting_2026Q1,34.41,3234,51,1,171.77
24/03/2026,Solmar Hotels,Meta Ads,ES_Social_Prospecting_2026Q1,62.1,9578,159,2,627.72
24/03/2026,Solmar Hotels,Meta Ads,ES_Social_Retargeting_2026Q1,49.68,7672,138,3,951.7
24/03/2026,Solmar Hotels,Meta Ads,PT_Social_Prospecting_2026Q1,37.26,5659,107,6,2070.33
25/03/2026,Solmar Hotels,Meta Ads,ES_Social_Prospecting_2026Q1,58.94,5506,50,4,764.28
25/03/2026,Solmar Hotels,Meta Ads,ES_Social_Retargeting_2026Q1,47.15,4420,46,1,257.47
25/03/2026,Solmar Hotels,Meta Ads,PT_Social_Prospecting_2026Q1,35.36,3340,33,0,0.0
26/03/2026,Solmar Hotels,Meta Ads,ES_Social_Prospecting_2026Q1,54.73,5638,49,1,199.48
26/03/2026,Solmar Hotels,Meta Ads,ES_Social_Retargeting_2026Q1,43.78,4419,35,1,344.74
26/03/2026,Solmar Hotels,Meta Ads,PT_Social_Prospecting_2026Q1,32.84,3376,28,0,0.0
27/03/2026,Solmar Hotels,Meta Ads,ES_Social_Prospecting_2026Q1,58.43,8218,77,1,272.8
27/03/2026,Solmar Hotels,Meta Ads,ES_Social_Retargeting_2026Q1,46.74,6419,55,1,312.06
27/03/2026,Solmar Hotels,Meta Ads,PT_Social_Prospecting_2026Q1,35.06,4875,53,1,305.47
28/03/2026,Solmar Hotels,Meta Ads,ES_Social_Prospecting_2026Q1,53.83,10108,198,3,1263.89
28/03/2026,Solmar Hotels,Meta Ads,ES_Social_Retargeting_2026Q1,43.07,8156,168,4,774.32
28/03/2026,Solmar Hotels,Meta Ads,PT_Social_Prospecting_2026Q1,32.3,6027,115,6,1860.02
29/03/2026,Solmar Hotels,Meta Ads,ES_Social_Prospecting_2026Q1,63.16,9127,125,0,0.0
29/03/2026,Solmar Hotels,Meta Ads,ES_Social_Retargeting_2026Q1,50.53,7083,92,2,334.99
29/03/2026,Solmar Hotels,Meta Ads,PT_Social_Prospecting_2026Q1,37.9,5458,65,0,0.0
30/03/2026,Solmar Hotels,Meta Ads,ES_Social_Prospecting_2026Q1,34.99,3284,58,2,439.38
30/03/2026,Solmar Hotels,Meta Ads,ES_Social_Retargeting_2026Q1,27.99,2603,37,2,994.08
30/03/2026,Solmar Hotels,Meta Ads,PT_Social_Prospecting_2026Q1,20.99,2096,25,0,0.0
31/03/2026,Solmar Hotels,Meta Ads,ES_Social_Prospecting_2026Q1,57.33,6383,123,1,334.83
31/03/2026,Solmar Hotels,Meta Ads,ES_Social_Retargeting_2026Q1,45.86,5274,90,4,1002.4
31/03/2026,Solmar Hotels,Meta Ads,PT_Social_Prospecting_2026Q1,34.4,3780,76,4,1304.53
01/04/2026,Solmar Hotels,Meta Ads,ES_Social_Prospecting_2026Q2,50.44,4687,67,4,933.16
01/04/2026,Solmar Hotels,Meta Ads,ES_Social_Retargeting_2026Q2,40.35,3804,63,1,274.07
01/04/2026,Solmar Hotels,Meta Ads,PT_Social_Prospecting_2026Q2,30.26,2756,45,1,303.17
02/04/2026,Solmar Hotels,Meta Ads,ES_Social_Prospecting_2026Q2,58.2,8147,156,4,1398.26
02/04/2026,Solmar Hotels,Meta Ads,ES_Social_Retargeting_2026Q2,46.56,6518,126,1,270.44
02/04/2026,Solmar Hotels,Meta Ads,PT_Social_Prospecting_2026Q2,34.92,4759,94,0,0.0
03/04/2026,Solmar Hotels,Meta Ads,ES_Social_Prospecting_2026Q2,73.73,8548,102,5,1298.81
03/04/2026,Solmar Hotels,Meta Ads,ES_Social_Retargeting_2026Q2,58.98,6958,84,4,821.79
03/04/2026,Solmar Hotels,Meta Ads,PT_Social_Prospecting_2026Q2,44.24,5069,45,2,402.41
04/04/2026,Solmar Hotels,Meta Ads,ES_Social_Prospecting_2026Q2,62.33,6859,114,2,333.88
04/04/2026,Solmar Hotels,Meta Ads,ES_Social_Retargeting_2026Q2,49.86,5470,86,2,377.26
04/04/2026,Solmar Hotels,Meta Ads,PT_Social_Prospecting_2026Q2,37.4,4047,68,7,1531.06
05/04/2026,Solmar Hotels,Meta Ads,ES_Social_Prospecting_2026Q2,47.43,7896,147,6,1376.52
05/04/2026,Solmar Hotels,Meta Ads,ES_Social_Retargeting_2026Q2,37.95,6072,98,4,1073.1
05/04/2026,Solmar Hotels,Meta Ads,PT_Social_Prospecting_2026Q2,28.46,4495,79,1,225.92
06/04/2026,Solmar Hotels,Meta Ads,ES_Social_Prospecting_2026Q2,42.64,5822,126,3,666.32
06/04/2026,Solmar Hotels,Meta Ads,ES_Social_Retargeting_2026Q2,34.11,4757,112,0,0.0
06/04/2026,Solmar Hotels,Meta Ads,PT_Social_Prospecting_2026Q2,25.58,3511,69,2,
07/04/2026,Solmar Hotels,Meta Ads,ES_Social_Prospecting_2026Q2,59.37,8891,105,0,0.0
07/04/2026,Solmar Hotels,Meta Ads,ES_Social_Retargeting_2026Q2,47.5,6993,84,3,1172.17
07/04/2026,Solmar Hotels,Meta Ads,PT_Social_Prospecting_2026Q2,35.62,5201,70,0,0.0
08/04/2026,Solmar Hotels,Meta Ads,ES_Social_Prospecting_2026Q2,51.97,4733,51,2,568.62
08/04/2026,Solmar Hotels,Meta Ads,ES_Social_Retargeting_2026Q2,41.58,3826,38,1,265.75
08/04/2026,Solmar Hotels,Meta Ads,PT_Social_Prospecting_2026Q2,31.18,2866,30,0,0.0
09/04/2026,Solmar Hotels,Meta Ads,ES_Social_Prospecting_2026Q2,59.99,7099,72,1,259.46
09/04/2026,Solmar Hotels,Meta Ads,ES_Social_Retargeting_2026Q2,47.99,5598,67,0,0.0
09/04/2026,Solmar Hotels,Meta Ads,PT_Social_Prospecting_2026Q2,35.99,4261,45,0,0.0
10/04/2026,Solmar Hotels,Meta Ads,ES_Social_Prospecting_2026Q2,48.75,6224,106,1,193.17
10/04/2026,Solmar Hotels,Meta Ads,ES_Social_Retargeting_2026Q2,39.0,4982,67,1,171.61
10/04/2026,Solmar Hotels,Meta Ads,PT_Social_Prospecting_2026Q2,29.25,3671,51,3,649.15
11/04/2026,Solmar Hotels,Meta Ads,ES_Social_Prospecting_2026Q2,52.65,8693,171,5,
11/04/2026,Solmar Hotels,Meta Ads,ES_Social_Retargeting_2026Q2,42.12,7019,139,1,181.24
11/04/2026,Solmar Hotels,Meta Ads,PT_Social_Prospecting_2026Q2,31.59,5378,103,4,961.68
12/04/2026,Solmar Hotels,Meta Ads,ES_Social_Prospecting_2026Q2,65.57,9243,158,4,770.66
12/04/2026,Solmar Hotels,Meta Ads,ES_Social_Retargeting_2026Q2,52.45,7427,119,2,761.3
12/04/2026,Solmar Hotels,Meta Ads,PT_Social_Prospecting_2026Q2,39.34,5555,111,3,1026.55
13/04/2026,Solmar Hotels,Meta Ads,ES_Social_Prospecting_2026Q2,58.78,5352,89,1,380.44
13/04/2026,Solmar Hotels,Meta Ads,ES_Social_Retargeting_2026Q2,47.02,4371,84,3,933.93
13/04/2026,Solmar Hotels,Meta Ads,PT_Social_Prospecting_2026Q2,35.27,3260,57,2,474.31
14/04/2026,Solmar Hotels,Meta Ads,ES_Social_Prospecting_2026Q2,50.73,5525,72,0,0.0
14/04/2026,Solmar Hotels,Meta Ads,ES_Social_Retargeting_2026Q2,40.58,4390,52,1,150.64
14/04/2026,Solmar Hotels,Meta Ads,PT_Social_Prospecting_2026Q2,30.44,3258,32,1,310.62
15/04/2026,Solmar Hotels,Meta Ads,ES_Social_Prospecting_2026Q2,48.58,5801,82,2,533.16
15/04/2026,Solmar Hotels,Meta Ads,ES_Social_Retargeting_2026Q2,38.86,4641,56,2,429.57
15/04/2026,Solmar Hotels,Meta Ads,PT_Social_Prospecting_2026Q2,29.15,3506,44,0,0.0
16/04/2026,Solmar Hotels,Meta Ads,ES_Social_Prospecting_2026Q2,52.8,6827,92,1,269.04
16/04/2026,Solmar Hotels,Meta Ads,ES_Social_Retargeting_2026Q2,42.24,5595,77,1,232.5
16/04/2026,Solmar Hotels,Meta Ads,PT_Social_Prospecting_2026Q2,31.68,4167,59,1,354.89
17/04/2026,Solmar Hotels,Meta Ads,ES_Social_Prospecting_2026Q2,53.5,7687,115,2,677.06
17/04/2026,Solmar Hotels,Meta Ads,ES_Social_Retargeting_2026Q2,42.8,6228,71,0,0.0
17/04/2026,Solmar Hotels,Meta Ads,PT_Social_Prospecting_2026Q2,32.1,4519,60,0,0.0
18/04/2026,Solmar Hotels,Meta Ads,ES_Social_Prospecting_2026Q2,52.1,6630,92,1,323.58
18/04/2026,Solmar Hotels,Meta Ads,ES_Social_Retargeting_2026Q2,41.68,5405,71,0,0.0
18/04/2026,Solmar Hotels,Meta Ads,PT_Social_Prospecting_2026Q2,31.26,4015,42,1,221.3
19/04/2026,Solmar Hotels,Meta Ads,ES_Social_Prospecting_2026Q2,53.17,5377,59,2,262.55
19/04/2026,Solmar Hotels,Meta Ads,ES_Social_Retargeting_2026Q2,42.54,4266,57,0,0.0
19/04/2026,Solmar Hotels,Meta Ads,PT_Social_Prospecting_2026Q2,31.9,3230,38,0,0.0
20/04/2026,Solmar Hotels,Meta Ads,ES_Social_Prospecting_2026Q2,63.7,5773,63,1,310.51
20/04/2026,Solmar Hotels,Meta Ads,ES_Social_Retargeting_2026Q2,50.96,4717,45,1,283.57
20/04/2026,Solmar Hotels,Meta Ads,PT_Social_Prospecting_2026Q2,38.22,3562,57,2,486.48
21/04/2026,Solmar Hotels,Meta Ads,ES_Social_Prospecting_2026Q2,64.45,7447,60,3,1019.84
21/04/2026,Solmar Hotels,Meta Ads,ES_Social_Retargeting_2026Q2,51.56,6124,53,1,164.58
21/04/2026,Solmar Hotels,Meta Ads,PT_Social_Prospecting_2026Q2,38.67,4539,27,1,228.55
22/04/2026,Solmar Hotels,Meta Ads,ES_Social_Prospecting_2026Q2,56.97,5860,76,1,256.18
22/04/2026,Solmar Hotels,Meta Ads,ES_Social_Retargeting_2026Q2,45.58,4730,78,1,239.59
22/04/2026,Solmar Hotels,Meta Ads,PT_Social_Prospecting_2026Q2,34.18,3408,55,1,258.18
23/04/2026,Solmar Hotels,Meta Ads,ES_Social_Prospecting_2026Q2,68.54,9854,136,6,1788.71
23/04/2026,Solmar Hotels,Meta Ads,ES_Social_Retargeting_2026Q2,54.83,7901,103,3,857.96
23/04/2026,Solmar Hotels,Meta Ads,PT_Social_Prospecting_2026Q2,41.12,5908,84,1,196.24
24/04/2026,Solmar Hotels,Meta Ads,ES_Social_Prospecting_2026Q2,63.99,7629,80,0,0.0
24/04/2026,Solmar Hotels,Meta Ads,ES_Social_Retargeting_2026Q2,51.19,6135,66,2,611.75
24/04/2026,Solmar Hotels,Meta Ads,PT_Social_Prospecting_2026Q2,38.39,4569,29,0,0.0
25/04/2026,Solmar Hotels,Meta Ads,ES_Social_Prospecting_2026Q2,51.41,9423,106,1,232.57
25/04/2026,Solmar Hotels,Meta Ads,ES_Social_Retargeting_2026Q2,41.13,7342,70,1,263.02
25/04/2026,Solmar Hotels,Meta Ads,PT_Social_Prospecting_2026Q2,30.85,5586,58,2,473.19
26/04/2026,Solmar Hotels,Meta Ads,ES_Social_Prospecting_2026Q2,54.59,5853,84,0,0.0
26/04/2026,Solmar Hotels,Meta Ads,ES_Social_Retargeting_2026Q2,43.67,4773,42,0,0.0
26/04/2026,Solmar Hotels,Meta Ads,PT_Social_Prospecting_2026Q2,32.76,3522,52,0,0.0
27/04/2026,Solmar Hotels,Meta Ads,ES_Social_Prospecting_2026Q2,61.81,10138,142,5,2020.57
27/04/2026,Solmar Hotels,Meta Ads,ES_Social_Retargeting_2026Q2,49.45,8209,115,4,1191.5
27/04/2026,Solmar Hotels,Meta Ads,PT_Social_Prospecting_2026Q2,37.09,6156,95,4,1283.97
28/04/2026,Solmar Hotels,Meta Ads,ES_Social_Prospecting_2026Q2,55.17,5108,67,2,661.78
28/04/2026,Solmar Hotels,Meta Ads,ES_Social_Retargeting_2026Q2,44.14,4088,48,1,245.75
28/04/2026,Solmar Hotels,Meta Ads,PT_Social_Prospecting_2026Q2,33.1,3157,46,0,0.0
29/04/2026,Solmar Hotels,Meta Ads,ES_Social_Prospecting_2026Q2,64.2,7616,107,5,1697.65
29/04/2026,Solmar Hotels,Meta Ads,ES_Social_Retargeting_2026Q2,51.36,6191,90,1,325.12
29/04/2026,Solmar Hotels,Meta Ads,PT_Social_Prospecting_2026Q2,38.52,4669,69,3,955.56
30/04/2026,Solmar Hotels,Meta Ads,ES_Social_Prospecting_2026Q2,65.01,8855,82,1,243.8
30/04/2026,Solmar Hotels,Meta Ads,ES_Social_Retargeting_2026Q2,52.01,7127,66,3,735.44
30/04/2026,Solmar Hotels,Meta Ads,PT_Social_Prospecting_2026Q2,39.0,5338,62,2,673.95
01/05/2026,Solmar Hotels,Meta Ads,ES_Social_Prospecting_2026Q2,71.34,11289,180,5,988.09
01/05/2026,Solmar Hotels,Meta Ads,ES_Social_Retargeting_2026Q2,57.07,8939,166,1,261.11
01/05/2026,Solmar Hotels,Meta Ads,PT_Social_Prospecting_2026Q2,42.8,6752,105,3,1047.45
02/05/2026,Solmar Hotels,Meta Ads,ES_Social_Prospecting_2026Q2,84.37,14195,204,5,1145.22
02/05/2026,Solmar Hotels,Meta Ads,ES_Social_Retargeting_2026Q2,67.5,11469,201,2,838.96
02/05/2026,Solmar Hotels,Meta Ads,PT_Social_Prospecting_2026Q2,50.62,8607,122,5,927.33
03/05/2026,Solmar Hotels,Meta Ads,ES_Social_Prospecting_2026Q2,70.48,9589,140,2,601.33
03/05/2026,Solmar Hotels,Meta Ads,ES_Social_Retargeting_2026Q2,56.39,7809,120,4,1249.85
03/05/2026,Solmar Hotels,Meta Ads,PT_Social_Prospecting_2026Q2,42.29,5818,88,2,695.67
04/05/2026,Solmar Hotels,Meta Ads,ES_Social_Prospecting_2026Q2,64.18,9817,122,3,
04/05/2026,Solmar Hotels,Meta Ads,ES_Social_Retargeting_2026Q2,51.35,7791,99,2,545.07
04/05/2026,Solmar Hotels,Meta Ads,PT_Social_Prospecting_2026Q2,38.51,5902,61,4,821.37
05/05/2026,Solmar Hotels,Meta Ads,ES_Social_Prospecting_2026Q2,47.51,4973,76,1,278.2
05/05/2026,Solmar Hotels,Meta Ads,ES_Social_Retargeting_2026Q2,38.01,3885,70,0,0.0
05/05/2026,Solmar Hotels,Meta Ads,PT_Social_Prospecting_2026Q2,28.5,2972,47,0,0.0
06/05/2026,Solmar Hotels,Meta Ads,ES_Social_Prospecting_2026Q2,56.94,5339,81,2,565.87
06/05/2026,Solmar Hotels,Meta Ads,ES_Social_Retargeting_2026Q2,45.55,4180,58,2,798.09
06/05/2026,Solmar Hotels,Meta Ads,PT_Social_Prospecting_2026Q2,34.16,3172,34,0,0.0
07/05/2026,Solmar Hotels,Meta Ads,ES_Social_Prospecting_2026Q2,68.33,10418,155,2,397.19
07/05/2026,Solmar Hotels,Meta Ads,ES_Social_Retargeting_2026Q2,54.66,8188,156,4,1134.9
07/05/2026,Solmar Hotels,Meta Ads,PT_Social_Prospecting_2026Q2,41.0,6235,98,1,324.44
08/05/2026,Solmar Hotels,Meta Ads,ES_Social_Prospecting_2026Q2,70.28,9375,155,4,941.53
08/05/2026,Solmar Hotels,Meta Ads,ES_Social_Retargeting_2026Q2,56.22,7553,119,1,301.64
08/05/2026,Solmar Hotels,Meta Ads,PT_Social_Prospecting_2026Q2,42.17,5656,93,0,0.0
09/05/2026,Solmar Hotels,Meta Ads,ES_Social_Prospecting_2026Q2,74.21,8250,105,4,1085.45
09/05/2026,Solmar Hotels,Meta Ads,ES_Social_Retargeting_2026Q2,59.37,6575,71,2,399.19
09/05/2026,Solmar Hotels,Meta Ads,PT_Social_Prospecting_2026Q2,44.53,4936,59,1,
09/05/2026,Solmar Hotels,Meta Ads,ES_Social_Prospecting_2026Q2,74.21,8250,105,4,1085.45
09/05/2026,Solmar Hotels,Meta Ads,ES_Social_Retargeting_2026Q2,59.37,6575,71,2,399.19
09/05/2026,Solmar Hotels,Meta Ads,PT_Social_Prospecting_2026Q2,44.53,4936,59,1,
10/05/2026,Solmar Hotels,Meta Ads,ES_Social_Prospecting_2026Q2,83.58,8411,84,3,857.38
10/05/2026,Solmar Hotels,Meta Ads,ES_Social_Retargeting_2026Q2,66.86,6578,45,2,264.68
10/05/2026,Solmar Hotels,Meta Ads,PT_Social_Prospecting_2026Q2,50.15,4996,42,1,206.63
10/05/2026,Solmar Hotels,Meta Ads,ES_Social_Prospecting_2026Q2,83.58,8411,84,3,857.38
10/05/2026,Solmar Hotels,Meta Ads,ES_Social_Retargeting_2026Q2,66.86,6578,45,2,264.68
10/05/2026,Solmar Hotels,Meta Ads,PT_Social_Prospecting_2026Q2,50.15,4996,42,1,206.63
11/05/2026,Solmar Hotels,Meta Ads,ES_Social_Prospecting_2026Q2,59.27,8192,110,1,282.39
11/05/2026,Solmar Hotels,Meta Ads,ES_Social_Retargeting_2026Q2,47.42,6729,102,4,962.24
11/05/2026,Solmar Hotels,Meta Ads,PT_Social_Prospecting_2026Q2,35.56,4977,79,2,279.24
11/05/2026,Solmar Hotels,Meta Ads,ES_Social_Prospecting_2026Q2,59.27,8192,110,1,282.39
11/05/2026,Solmar Hotels,Meta Ads,ES_Social_Retargeting_2026Q2,47.42,6729,102,4,962.24
11/05/2026,Solmar Hotels,Meta Ads,PT_Social_Prospecting_2026Q2,35.56,4977,79,2,279.24
12/05/2026,Solmar Hotels,Meta Ads,ES_Social_Prospecting_2026Q2,80.02,9473,137,1,185.93
12/05/2026,Solmar Hotels,Meta Ads,ES_Social_Retargeting_2026Q2,64.02,7619,97,1,281.41
12/05/2026,Solmar Hotels,Meta Ads,PT_Social_Prospecting_2026Q2,48.01,5616,81,3,508.36
12/05/2026,Solmar Hotels,Meta Ads,ES_Social_Prospecting_2026Q2,80.02,9473,137,1,185.93
12/05/2026,Solmar Hotels,Meta Ads,ES_Social_Retargeting_2026Q2,64.02,7619,97,1,281.41
12/05/2026,Solmar Hotels,Meta Ads,PT_Social_Prospecting_2026Q2,48.01,5616,81,3,508.36
13/05/2026,Solmar Hotels,Meta Ads,ES_Social_Prospecting_2026Q2,67.62,6675,115,3,826.71
13/05/2026,Solmar Hotels,Meta Ads,ES_Social_Retargeting_2026Q2,54.1,5251,125,4,1038.35
13/05/2026,Solmar Hotels,Meta Ads,PT_Social_Prospecting_2026Q2,40.57,4076,87,2,381.53
13/05/2026,Solmar Hotels,Meta Ads,ES_Social_Prospecting_2026Q2,67.62,6675,115,3,826.71
13/05/2026,Solmar Hotels,Meta Ads,ES_Social_Retargeting_2026Q2,54.1,5251,125,4,1038.35
13/05/2026,Solmar Hotels,Meta Ads,PT_Social_Prospecting_2026Q2,40.57,4076,87,2,381.53
14/05/2026,Solmar Hotels,Meta Ads,ES_Social_Prospecting_2026Q2,61.53,6068,42,2,402.37
14/05/2026,Solmar Hotels,Meta Ads,ES_Social_Retargeting_2026Q2,49.23,4891,35,0,0.0
14/05/2026,Solmar Hotels,Meta Ads,PT_Social_Prospecting_2026Q2,36.92,3541,42,1,188.25
14/05/2026,Solmar Hotels,Meta Ads,ES_Social_Prospecting_2026Q2,61.53,6068,42,2,402.37
14/05/2026,Solmar Hotels,Meta Ads,ES_Social_Retargeting_2026Q2,49.23,4891,35,0,0.0
14/05/2026,Solmar Hotels,Meta Ads,PT_Social_Prospecting_2026Q2,36.92,3541,42,1,188.25
15/05/2026,Solmar Hotels,Meta Ads,ES_Social_Prospecting_2026Q2,56.03,7315,79,1,265.99
15/05/2026,Solmar Hotels,Meta Ads,ES_Social_Retargeting_2026Q2,44.83,5978,75,1,231.17
15/05/2026,Solmar Hotels,Meta Ads,PT_Social_Prospecting_2026Q2,33.62,4631,43,1,284.01
15/05/2026,Solmar Hotels,Meta Ads,ES_Social_Prospecting_2026Q2,56.03,7315,79,1,265.99
15/05/2026,Solmar Hotels,Meta Ads,ES_Social_Retargeting_2026Q2,44.83,5978,75,1,231.17
15/05/2026,Solmar Hotels,Meta Ads,PT_Social_Prospecting_2026Q2,33.62,4631,43,1,284.01
16/05/2026,Solmar Hotels,Meta Ads,ES_Social_Prospecting_2026Q2,58.93,6987,118,3,742.89
16/05/2026,Solmar Hotels,Meta Ads,ES_Social_Retargeting_2026Q2,47.14,5632,83,3,798.35
16/05/2026,Solmar Hotels,Meta Ads,PT_Social_Prospecting_2026Q2,35.36,4336,81,6,1430.67
16/05/2026,Solmar Hotels,Meta Ads,ES_Social_Prospecting_2026Q2,58.93,6987,118,3,742.89
16/05/2026,Solmar Hotels,Meta Ads,ES_Social_Retargeting_2026Q2,47.14,5632,83,3,798.35
16/05/2026,Solmar Hotels,Meta Ads,PT_Social_Prospecting_2026Q2,35.36,4336,81,6,1430.67
17/05/2026,Solmar Hotels,Meta Ads,ES_Social_Prospecting_2026Q2,62.81,10355,119,1,234.33
17/05/2026,Solmar Hotels,Meta Ads,ES_Social_Retargeting_2026Q2,50.25,8547,111,1,356.02
17/05/2026,Solmar Hotels,Meta Ads,PT_Social_Prospecting_2026Q2,37.69,6369,99,4,1286.2
17/05/2026,Solmar Hotels,Meta Ads,ES_Social_Prospecting_2026Q2,62.81,10355,119,1,234.33
17/05/2026,Solmar Hotels,Meta Ads,ES_Social_Retargeting_2026Q2,50.25,8547,111,1,356.02
17/05/2026,Solmar Hotels,Meta Ads,PT_Social_Prospecting_2026Q2,37.69,6369,99,4,1286.2
18/05/2026,Solmar Hotels,Meta Ads,ES_Social_Prospecting_2026Q2,72.95,7623,121,2,541.99
18/05/2026,Solmar Hotels,Meta Ads,ES_Social_Retargeting_2026Q2,58.36,6174,103,3,892.16
18/05/2026,Solmar Hotels,Meta Ads,PT_Social_Prospecting_2026Q2,43.77,4730,76,0,0.0
18/05/2026,Solmar Hotels,Meta Ads,ES_Social_Prospecting_2026Q2,72.95,7623,121,2,541.99
18/05/2026,Solmar Hotels,Meta Ads,ES_Social_Retargeting_2026Q2,58.36,6174,103,3,892.16
18/05/2026,Solmar Hotels,Meta Ads,PT_Social_Prospecting_2026Q2,43.77,4730,76,0,0.0
19/05/2026,Solmar Hotels,Meta Ads,ES_Social_Prospecting_2026Q2,54.54,5691,59,2,476.64
19/05/2026,Solmar Hotels,Meta Ads,ES_Social_Retargeting_2026Q2,43.63,4627,59,2,656.47
19/05/2026,Solmar Hotels,Meta Ads,PT_Social_Prospecting_2026Q2,32.72,3408,34,0,0.0
20/05/2026,Solmar Hotels,Meta Ads,ES_Social_Prospecting_2026Q2,72.56,6842,126,1,260.71
20/05/2026,Solmar Hotels,Meta Ads,ES_Social_Retargeting_2026Q2,58.05,5478,106,1,247.19
20/05/2026,Solmar Hotels,Meta Ads,PT_Social_Prospecting_2026Q2,43.54,4044,65,1,276.45
21/05/2026,Solmar Hotels,Meta Ads,ES_Social_Prospecting_2026Q2,67.74,10565,112,2,503.37
21/05/2026,Solmar Hotels,Meta Ads,ES_Social_Retargeting_2026Q2,54.19,8358,97,4,1220.0
21/05/2026,Solmar Hotels,Meta Ads,PT_Social_Prospecting_2026Q2,40.65,6139,58,1,336.85
22/05/2026,Solmar Hotels,Meta Ads,ES_Social_Prospecting_2026Q2,72.61,6746,91,0,0.0
22/05/2026,Solmar Hotels,Meta Ads,ES_Social_Retargeting_2026Q2,58.09,5233,69,0,0.0
22/05/2026,Solmar Hotels,Meta Ads,PT_Social_Prospecting_2026Q2,43.57,4143,53,0,0.0
23/05/2026,Solmar Hotels,Meta Ads,ES_Social_Prospecting_2026Q2,83.3,13042,180,4,810.07
23/05/2026,Solmar Hotels,Meta Ads,ES_Social_Retargeting_2026Q2,66.64,10340,131,2,577.1
23/05/2026,Solmar Hotels,Meta Ads,PT_Social_Prospecting_2026Q2,49.98,7685,98,1,179.58
24/05/2026,Solmar Hotels,Meta Ads,ES_Social_Prospecting_2026Q2,103.83,18124,302,3,448.5
24/05/2026,Solmar Hotels,Meta Ads,ES_Social_Retargeting_2026Q2,83.07,14488,228,2,400.43
24/05/2026,Solmar Hotels,Meta Ads,PT_Social_Prospecting_2026Q2,62.3,10953,171,0,0.0
25/05/2026,Solmar Hotels,Meta Ads,ES_Social_Prospecting_2026Q2,105.76,10731,139,1,272.53
25/05/2026,Solmar Hotels,Meta Ads,ES_Social_Retargeting_2026Q2,84.61,8631,124,1,
25/05/2026,Solmar Hotels,Meta Ads,PT_Social_Prospecting_2026Q2,63.46,6620,94,0,0.0
26/05/2026,Solmar Hotels,Meta Ads,ES_Social_Prospecting_2026Q2,68.24,12545,159,2,282.93
26/05/2026,Solmar Hotels,Meta Ads,ES_Social_Retargeting_2026Q2,54.59,10147,142,3,857.39
26/05/2026,Solmar Hotels,Meta Ads,PT_Social_Prospecting_2026Q2,40.94,7437,98,2,341.36
27/05/2026,Solmar Hotels,Meta Ads,ES_Social_Prospecting_2026Q2,88.87,8630,87,2,495.32
27/05/2026,Solmar Hotels,Meta Ads,ES_Social_Retargeting_2026Q2,71.1,6903,76,0,0.0
27/05/2026,Solmar Hotels,Meta Ads,PT_Social_Prospecting_2026Q2,53.32,5261,64,1,218.83
28/05/2026,Solmar Hotels,Meta Ads,ES_Social_Prospecting_2026Q2,105.94,15592,280,9,2048.99
28/05/2026,Solmar Hotels,Meta Ads,ES_Social_Retargeting_2026Q2,84.75,12731,229,8,3047.63
28/05/2026,Solmar Hotels,Meta Ads,PT_Social_Prospecting_2026Q2,63.56,9530,183,4,1396.39
29/05/2026,Solmar Hotels,Meta Ads,ES_Social_Prospecting_2026Q2,101.24,10306,144,2,677.54
29/05/2026,Solmar Hotels,Meta Ads,ES_Social_Retargeting_2026Q2,80.99,8075,124,1,364.11
29/05/2026,Solmar Hotels,Meta Ads,PT_Social_Prospecting_2026Q2,60.74,5996,89,3,974.81
30/05/2026,Solmar Hotels,Meta Ads,ES_Social_Prospecting_2026Q2,116.45,11196,136,5,1480.48
30/05/2026,Solmar Hotels,Meta Ads,ES_Social_Retargeting_2026Q2,93.16,8822,102,3,814.1
30/05/2026,Solmar Hotels,Meta Ads,PT_Social_Prospecting_2026Q2,69.87,6695,73,4,1576.58
31/05/2026,Solmar Hotels,Meta Ads,ES_Social_Prospecting_2026Q2,111.16,10072,139,2,486.44
31/05/2026,Solmar Hotels,Meta Ads,ES_Social_Retargeting_2026Q2,88.93,8350,133,2,470.88
31/05/2026,Solmar Hotels,Meta Ads,PT_Social_Prospecting_2026Q2,66.7,6078,103,3,871.14
01/06/2026,Solmar Hotels,Meta Ads,ES_Social_Prospecting_2026Q2,84.8,16990,154,3,745.09
01/06/2026,Solmar Hotels,Meta Ads,ES_Social_Retargeting_2026Q2,67.84,13641,136,2,635.74
01/06/2026,Solmar Hotels,Meta Ads,PT_Social_Prospecting_2026Q2,50.88,10130,97,2,568.0
02/06/2026,Solmar Hotels,Meta Ads,ES_Social_Prospecting_2026Q2,99.85,17159,280,8,1812.9
02/06/2026,Solmar Hotels,Meta Ads,ES_Social_Retargeting_2026Q2,79.88,13463,221,7,1683.08
02/06/2026,Solmar Hotels,Meta Ads,PT_Social_Prospecting_2026Q2,59.91,10502,162,5,1033.75
03/06/2026,Solmar Hotels,Meta Ads,ES_Social_Prospecting_2026Q2,98.86,10865,94,1,219.06
03/06/2026,Solmar Hotels,Meta Ads,ES_Social_Retargeting_2026Q2,79.09,8739,79,2,716.43
03/06/2026,Solmar Hotels,Meta Ads,PT_Social_Prospecting_2026Q2,59.32,6698,77,1,297.51
04/06/2026,Solmar Hotels,Meta Ads,ES_Social_Prospecting_2026Q2,142.16,17719,344,8,2447.97
04/06/2026,Solmar Hotels,Meta Ads,ES_Social_Retargeting_2026Q2,113.73,13983,275,11,4005.96
04/06/2026,Solmar Hotels,Meta Ads,PT_Social_Prospecting_2026Q2,85.3,10673,238,9,2189.82
05/06/2026,Solmar Hotels,Meta Ads,ES_Social_Prospecting_2026Q2,110.22,15102,217,7,1407.4
05/06/2026,Solmar Hotels,Meta Ads,ES_Social_Retargeting_2026Q2,88.18,12264,161,6,1413.14
05/06/2026,Solmar Hotels,Meta Ads,PT_Social_Prospecting_2026Q2,66.13,9185,122,3,725.04
06/06/2026,Solmar Hotels,Meta Ads,ES_Social_Prospecting_2026Q2,102.45,18974,409,14,5716.04
06/06/2026,Solmar Hotels,Meta Ads,ES_Social_Retargeting_2026Q2,81.96,15028,267,8,1529.73
06/06/2026,Solmar Hotels,Meta Ads,PT_Social_Prospecting_2026Q2,61.47,11275,207,15,2089.84
07/06/2026,Solmar Hotels,Meta Ads,ES_Social_Prospecting_2026Q2,112.88,12370,175,4,
07/06/2026,Solmar Hotels,Meta Ads,ES_Social_Retargeting_2026Q2,90.3,9894,146,6,1221.69
07/06/2026,Solmar Hotels,Meta Ads,PT_Social_Prospecting_2026Q2,67.73,7554,84,3,835.74
08/06/2026,Solmar Hotels,Meta Ads,ES_Social_Prospecting_2026Q2,124.51,17616,322,10,2652.32
08/06/2026,Solmar Hotels,Meta Ads,ES_Social_Retargeting_2026Q2,99.61,14312,266,4,
08/06/2026,Solmar Hotels,Meta Ads,PT_Social_Prospecting_2026Q2,74.71,10759,193,4,950.71
09/06/2026,Solmar Hotels,Meta Ads,ES_Social_Prospecting_2026Q2,116.34,15633,280,6,1063.95
09/06/2026,Solmar Hotels,Meta Ads,ES_Social_Retargeting_2026Q2,93.07,12192,246,7,1961.36
09/06/2026,Solmar Hotels,Meta Ads,PT_Social_Prospecting_2026Q2,69.81,9484,160,1,202.88
10/06/2026,Solmar Hotels,Meta Ads,ES_Social_Prospecting_2026Q2,109.27,12936,129,3,815.36
10/06/2026,Solmar Hotels,Meta Ads,ES_Social_Retargeting_2026Q2,87.42,10400,125,4,
10/06/2026,Solmar Hotels,Meta Ads,PT_Social_Prospecting_2026Q2,65.56,7868,92,0,0.0
11/06/2026,Solmar Hotels,Meta Ads,ES_Social_Prospecting_2026Q2,140.84,18826,197,3,1053.81
11/06/2026,Solmar Hotels,Meta Ads,ES_Social_Retargeting_2026Q2,112.67,15145,166,2,532.04
11/06/2026,Solmar Hotels,Meta Ads,PT_Social_Prospecting_2026Q2,84.51,10974,98,2,423.47
12/06/2026,Solmar Hotels,Meta Ads,ES_Social_Prospecting_2026Q2,116.53,18186,208,0,0.0
12/06/2026,Solmar Hotels,Meta Ads,ES_Social_Retargeting_2026Q2,93.22,14688,184,3,
12/06/2026,Solmar Hotels,Meta Ads,PT_Social_Prospecting_2026Q2,69.92,11065,143,5,1739.51
13/06/2026,Solmar Hotels,Meta Ads,ES_Social_Prospecting_2026Q2,139.27,23928,331,4,1078.89
13/06/2026,Solmar Hotels,Meta Ads,ES_Social_Retargeting_2026Q2,111.42,19213,274,3,803.08
13/06/2026,Solmar Hotels,Meta Ads,PT_Social_Prospecting_2026Q2,83.56,14549,217,3,893.03
14/06/2026,Solmar Hotels,Meta Ads,ES_Social_Prospecting_2026Q2,127.54,13954,116,4,700.77
14/06/2026,Solmar Hotels,Meta Ads,ES_Social_Retargeting_2026Q2,102.03,11085,94,3,761.04
14/06/2026,Solmar Hotels,Meta Ads,PT_Social_Prospecting_2026Q2,76.52,8423,73,4,950.83
15/06/2026,Solmar Hotels,Meta Ads,ES_Social_Prospecting_2026Q2,150.25,18916,216,10,2404.88
15/06/2026,Solmar Hotels,Meta Ads,ES_Social_Retargeting_2026Q2,120.2,15012,168,4,1415.54
15/06/2026,Solmar Hotels,Meta Ads,PT_Social_Prospecting_2026Q2,90.15,11257,106,2,475.81
16/06/2026,Solmar Hotels,Meta Ads,ES_Social_Prospecting_2026Q2,129.96,13616,273,5,1136.05
16/06/2026,Solmar Hotels,Meta Ads,ES_Social_Retargeting_2026Q2,103.97,10837,226,5,1174.16
16/06/2026,Solmar Hotels,Meta Ads,PT_Social_Prospecting_2026Q2,77.98,8058,184,3,879.04
17/06/2026,Solmar Hotels,Meta Ads,ES_Social_Prospecting_2026Q2,140.04,16063,149,2,548.75
17/06/2026,Solmar Hotels,Meta Ads,ES_Social_Retargeting_2026Q2,112.03,12930,122,4,876.7
17/06/2026,Solmar Hotels,Meta Ads,PT_Social_Prospecting_2026Q2,84.02,9795,95,2,426.84
18/06/2026,Solmar Hotels,Meta Ads,ES_Social_Prospecting_2026Q2,149.55,20887,304,2,541.97
18/06/2026,Solmar Hotels,Meta Ads,ES_Social_Retargeting_2026Q2,119.64,16937,247,3,772.97
18/06/2026,Solmar Hotels,Meta Ads,PT_Social_Prospecting_2026Q2,89.73,12552,143,1,246.38
19/06/2026,Solmar Hotels,Meta Ads,ES_Social_Prospecting_2026Q2,122.5,16186,319,9,2891.64
19/06/2026,Solmar Hotels,Meta Ads,ES_Social_Retargeting_2026Q2,98.0,12880,230,8,1913.64
19/06/2026,Solmar Hotels,Meta Ads,PT_Social_Prospecting_2026Q2,73.5,9612,177,4,1062.04
20/06/2026,Solmar Hotels,Meta Ads,ES_Social_Prospecting_2026Q2,125.65,12725,168,1,292.3
20/06/2026,Solmar Hotels,Meta Ads,ES_Social_Retargeting_2026Q2,100.52,9902,129,3,958.66
20/06/2026,Solmar Hotels,Meta Ads,PT_Social_Prospecting_2026Q2,75.39,7428,107,4,909.96
21/06/2026,Solmar Hotels,Meta Ads,ES_Social_Prospecting_2026Q2,159.75,21690,311,4,1359.83
21/06/2026,Solmar Hotels,Meta Ads,ES_Social_Retargeting_2026Q2,127.8,17357,266,2,552.3
21/06/2026,Solmar Hotels,Meta Ads,PT_Social_Prospecting_2026Q2,95.85,13190,179,3,725.83
22/06/2026,Solmar Hotels,Meta Ads,ES_Social_Prospecting_2026Q2,149.78,24386,468,12,3294.13
22/06/2026,Solmar Hotels,Meta Ads,ES_Social_Retargeting_2026Q2,119.83,19453,359,11,4190.07
22/06/2026,Solmar Hotels,Meta Ads,PT_Social_Prospecting_2026Q2,89.87,14621,283,4,1109.04
23/06/2026,Solmar Hotels,Meta Ads,ES_Social_Prospecting_2026Q2,123.45,16935,297,7,3074.64
23/06/2026,Solmar Hotels,Meta Ads,ES_Social_Retargeting_2026Q2,98.76,13638,239,3,1129.86
23/06/2026,Solmar Hotels,Meta Ads,PT_Social_Prospecting_2026Q2,74.07,10184,168,1,237.46
24/06/2026,Solmar Hotels,Meta Ads,ES_Social_Prospecting_2026Q2,161.78,15360,203,5,1115.54
24/06/2026,Solmar Hotels,Meta Ads,ES_Social_Retargeting_2026Q2,129.43,12253,187,6,1769.7
24/06/2026,Solmar Hotels,Meta Ads,PT_Social_Prospecting_2026Q2,97.07,9178,107,2,306.95
25/06/2026,Solmar Hotels,Meta Ads,ES_Social_Prospecting_2026Q2,167.92,17024,332,2,506.44
25/06/2026,Solmar Hotels,Meta Ads,ES_Social_Retargeting_2026Q2,134.34,13525,291,6,1348.25
25/06/2026,Solmar Hotels,Meta Ads,PT_Social_Prospecting_2026Q2,100.75,10216,198,4,1110.48
26/06/2026,Solmar Hotels,Meta Ads,ES_Social_Prospecting_2026Q2,164.91,29314,413,7,
26/06/2026,Solmar Hotels,Meta Ads,ES_Social_Retargeting_2026Q2,131.93,23618,308,7,1658.88
26/06/2026,Solmar Hotels,Meta Ads,PT_Social_Prospecting_2026Q2,98.94,17510,256,3,944.09
27/06/2026,Solmar Hotels,Meta Ads,ES_Social_Prospecting_2026Q2,213.25,31479,487,4,1142.78
27/06/2026,Solmar Hotels,Meta Ads,ES_Social_Retargeting_2026Q2,170.6,24909,389,6,1844.36
27/06/2026,Solmar Hotels,Meta Ads,PT_Social_Prospecting_2026Q2,127.95,18439,312,9,1917.52
28/06/2026,Solmar Hotels,Meta Ads,ES_Social_Prospecting_2026Q2,195.46,21695,367,9,2733.07
28/06/2026,Solmar Hotels,Meta Ads,ES_Social_Retargeting_2026Q2,156.37,17234,293,10,2639.6
28/06/2026,Solmar Hotels,Meta Ads,PT_Social_Prospecting_2026Q2,117.28,12920,199,5,2074.55
29/06/2026,Solmar Hotels,Meta Ads,ES_Social_Prospecting_2026Q2,172.95,19088,332,12,2088.69
29/06/2026,Solmar Hotels,Meta Ads,ES_Social_Retargeting_2026Q2,138.36,15229,271,8,2487.3
29/06/2026,Solmar Hotels,Meta Ads,PT_Social_Prospecting_2026Q2,103.77,11233,192,3,786.13
30/06/2026,Solmar Hotels,Meta Ads,ES_Social_Prospecting_2026Q2,174.18,22406,288,3,928.53
30/06/2026,Solmar Hotels,Meta Ads,ES_Social_Retargeting_2026Q2,139.34,18227,227,3,974.43
30/06/2026,Solmar Hotels,Meta Ads,PT_Social_Prospecting_2026Q2,104.51,13534,174,5,912.89
01/07/2026,Solmar Hotels,Meta Ads,ES_Social_Prospecting_2026Q3,200.97,19141,170,1,216.42
01/07/2026,Solmar Hotels,Meta Ads,ES_Social_Retargeting_2026Q3,160.78,15486,174,3,906.65
01/07/2026,Solmar Hotels,Meta Ads,PT_Social_Prospecting_2026Q3,120.58,11565,121,0,0.0
02/07/2026,Solmar Hotels,Meta Ads,ES_Social_Prospecting_2026Q3,208.0,39285,283,2,821.6
02/07/2026,Solmar Hotels,Meta Ads,ES_Social_Retargeting_2026Q3,166.4,31625,261,4,1144.47
02/07/2026,Solmar Hotels,Meta Ads,PT_Social_Prospecting_2026Q3,124.8,23620,209,2,607.72
03/07/2026,Solmar Hotels,Meta Ads,ES_Social_Prospecting_2026Q3,211.71,25668,392,6,1636.41
03/07/2026,Solmar Hotels,Meta Ads,ES_Social_Retargeting_2026Q3,169.36,20259,313,8,3104.19
03/07/2026,Solmar Hotels,Meta Ads,PT_Social_Prospecting_2026Q3,127.02,15555,215,4,710.24
04/07/2026,Solmar Hotels,Meta Ads,ES_Social_Prospecting_2026Q3,174.99,26666,432,4,1729.22
04/07/2026,Solmar Hotels,Meta Ads,ES_Social_Retargeting_2026Q3,139.99,21410,386,2,456.12
04/07/2026,Solmar Hotels,Meta Ads,PT_Social_Prospecting_2026Q3,105.0,16033,291,5,871.85
05/07/2026,Solmar Hotels,Meta Ads,ES_Social_Prospecting_2026Q3,197.34,24927,259,4,862.92
05/07/2026,Solmar Hotels,Meta Ads,ES_Social_Retargeting_2026Q3,157.87,19946,225,3,852.95
05/07/2026,Solmar Hotels,Meta Ads,PT_Social_Prospecting_2026Q3,118.4,14931,174,1,207.93
06/07/2026,Solmar Hotels,Meta Ads,ES_Social_Prospecting_2026Q3,227.96,28812,312,11,1421.36
06/07/2026,Solmar Hotels,Meta Ads,ES_Social_Retargeting_2026Q3,182.37,23148,267,7,1810.99
06/07/2026,Solmar Hotels,Meta Ads,PT_Social_Prospecting_2026Q3,136.78,17370,192,7,1229.01
07/07/2026,Solmar Hotels,Meta Ads,ES_Social_Prospecting_2026Q3,179.14,34535,556,23,4120.4
07/07/2026,Solmar Hotels,Meta Ads,ES_Social_Retargeting_2026Q3,143.31,27737,420,10,1797.33
07/07/2026,Solmar Hotels,Meta Ads,PT_Social_Prospecting_2026Q3,107.48,20249,303,9,2275.32
08/07/2026,Solmar Hotels,Meta Ads,ES_Social_Prospecting_2026Q3,174.29,18486,233,2,559.73
08/07/2026,Solmar Hotels,Meta Ads,ES_Social_Retargeting_2026Q3,139.43,14874,211,0,0.0
08/07/2026,Solmar Hotels,Meta Ads,PT_Social_Prospecting_2026Q3,104.57,10936,144,2,410.85
09/07/2026,Solmar Hotels,Meta Ads,ES_Social_Prospecting_2026Q3,189.21,17662,306,5,992.79
09/07/2026,Solmar Hotels,Meta Ads,ES_Social_Retargeting_2026Q3,151.37,14109,265,5,1287.28
09/07/2026,Solmar Hotels,Meta Ads,PT_Social_Prospecting_2026Q3,113.53,10687,210,3,1418.28
10/07/2026,Solmar Hotels,Meta Ads,ES_Social_Prospecting_2026Q3,180.87,31389,530,10,2533.91
10/07/2026,Solmar Hotels,Meta Ads,ES_Social_Retargeting_2026Q3,144.7,25204,398,8,2060.76
10/07/2026,Solmar Hotels,Meta Ads,PT_Social_Prospecting_2026Q3,108.52,18967,302,5,1145.52
11/07/2026,Solmar Hotels,Meta Ads,ES_Social_Prospecting_2026Q3,186.61,25344,322,0,0.0
11/07/2026,Solmar Hotels,Meta Ads,ES_Social_Retargeting_2026Q3,149.29,20457,268,6,1472.67
11/07/2026,Solmar Hotels,Meta Ads,PT_Social_Prospecting_2026Q3,111.97,15476,190,6,828.97
12/07/2026,Solmar Hotels,Meta Ads,ES_Social_Prospecting_2026Q3,216.83,30938,549,20,4839.68
12/07/2026,Solmar Hotels,Meta Ads,ES_Social_Retargeting_2026Q3,173.46,24771,469,7,1403.15
12/07/2026,Solmar Hotels,Meta Ads,PT_Social_Prospecting_2026Q3,130.1,18511,334,9,2263.3
13/07/2026,Solmar Hotels,Meta Ads,ES_Social_Prospecting_2026Q3,178.17,17808,280,4,1251.63
13/07/2026,Solmar Hotels,Meta Ads,ES_Social_Retargeting_2026Q3,142.53,14264,224,8,1854.46
13/07/2026,Solmar Hotels,Meta Ads,PT_Social_Prospecting_2026Q3,106.9,10688,163,2,
14/07/2026,Solmar Hotels,Meta Ads,ES_Social_Prospecting_2026Q3,176.67,29186,442,15,3974.47
14/07/2026,Solmar Hotels,Meta Ads,ES_Social_Retargeting_2026Q3,141.33,23453,376,13,3482.65
14/07/2026,Solmar Hotels,Meta Ads,PT_Social_Prospecting_2026Q3,106.0,17773,306,12,3550.74
15/07/2026,Solmar Hotels,Meta Ads,ES_Social_Prospecting_2026Q3,235.56,45936,692,10,2842.26
15/07/2026,Solmar Hotels,Meta Ads,ES_Social_Retargeting_2026Q3,188.45,36550,543,7,2481.98
15/07/2026,Solmar Hotels,Meta Ads,PT_Social_Prospecting_2026Q3,141.34,27857,412,3,1007.33
16/07/2026,Solmar Hotels,Meta Ads,ES_Social_Prospecting_2026Q3,234.94,23464,246,3,889.14
16/07/2026,Solmar Hotels,Meta Ads,ES_Social_Retargeting_2026Q3,187.95,18644,195,5,1467.62
16/07/2026,Solmar Hotels,Meta Ads,PT_Social_Prospecting_2026Q3,140.96,14047,151,7,2753.65
17/07/2026,Solmar Hotels,Meta Ads,ES_Social_Prospecting_2026Q3,224.89,34654,318,4,1232.45
17/07/2026,Solmar Hotels,Meta Ads,ES_Social_Retargeting_2026Q3,179.91,27706,257,3,646.96
17/07/2026,Solmar Hotels,Meta Ads,PT_Social_Prospecting_2026Q3,134.93,20729,192,1,303.74
18/07/2026,Solmar Hotels,Meta Ads,ES_Social_Prospecting_2026Q3,153.07,20460,279,12,2687.2
18/07/2026,Solmar Hotels,Meta Ads,ES_Social_Retargeting_2026Q3,122.45,16541,202,3,758.62
18/07/2026,Solmar Hotels,Meta Ads,PT_Social_Prospecting_2026Q3,91.84,12518,143,5,1342.14
19/07/2026,Solmar Hotels,Meta Ads,ES_Social_Prospecting_2026Q3,188.03,32313,631,2,730.64
19/07/2026,Solmar Hotels,Meta Ads,ES_Social_Retargeting_2026Q3,150.43,26004,518,10,
19/07/2026,Solmar Hotels,Meta Ads,PT_Social_Prospecting_2026Q3,112.82,19720,376,1,377.18
20/07/2026,Solmar Hotels,Meta Ads,ES_Social_Prospecting_2026Q3,234.69,30404,410,10,2385.89
20/07/2026,Solmar Hotels,Meta Ads,ES_Social_Retargeting_2026Q3,187.75,24477,292,2,590.44
20/07/2026,Solmar Hotels,Meta Ads,PT_Social_Prospecting_2026Q3,140.82,18161,251,3,770.37
21/07/2026,Solmar Hotels,Meta Ads,ES_Social_Prospecting_2026Q3,191.01,28789,425,11,3074.79
21/07/2026,Solmar Hotels,Meta Ads,ES_Social_Retargeting_2026Q3,152.81,23291,329,5,2429.54
21/07/2026,Solmar Hotels,Meta Ads,PT_Social_Prospecting_2026Q3,114.61,17441,254,4,1024.61
22/07/2026,Solmar Hotels,Meta Ads,ES_Social_Prospecting_2026Q3,216.51,41193,564,8,1520.29
22/07/2026,Solmar Hotels,Meta Ads,ES_Social_Retargeting_2026Q3,173.21,32704,456,3,859.23
22/07/2026,Solmar Hotels,Meta Ads,PT_Social_Prospecting_2026Q3,129.91,24345,356,3,586.79
23/07/2026,Solmar Hotels,Meta Ads,ES_Social_Prospecting_2026Q3,171.31,20992,320,5,2369.76
23/07/2026,Solmar Hotels,Meta Ads,ES_Social_Retargeting_2026Q3,137.05,16911,258,6,1235.27
23/07/2026,Solmar Hotels,Meta Ads,PT_Social_Prospecting_2026Q3,102.79,12593,178,5,966.32
24/07/2026,Solmar Hotels,Meta Ads,ES_Social_Prospecting_2026Q3,223.95,33565,579,11,2422.39
24/07/2026,Solmar Hotels,Meta Ads,ES_Social_Retargeting_2026Q3,179.16,26983,458,6,1627.96
24/07/2026,Solmar Hotels,Meta Ads,PT_Social_Prospecting_2026Q3,134.37,20175,336,6,1770.01
25/07/2026,Solmar Hotels,Meta Ads,ES_Social_Prospecting_2026Q3,145.51,17083,156,3,860.44
25/07/2026,Solmar Hotels,Meta Ads,ES_Social_Retargeting_2026Q3,116.41,13791,148,3,1042.58
25/07/2026,Solmar Hotels,Meta Ads,PT_Social_Prospecting_2026Q3,87.31,10382,98,4,1024.73
26/07/2026,Solmar Hotels,Meta Ads,ES_Social_Prospecting_2026Q3,169.11,21892,211,3,
26/07/2026,Solmar Hotels,Meta Ads,ES_Social_Retargeting_2026Q3,135.29,17460,155,2,560.16
26/07/2026,Solmar Hotels,Meta Ads,PT_Social_Prospecting_2026Q3,101.47,13281,124,0,0.0
27/07/2026,Solmar Hotels,Meta Ads,ES_Social_Prospecting_2026Q3,188.67,20251,409,4,1214.69
27/07/2026,Solmar Hotels,Meta Ads,ES_Social_Retargeting_2026Q3,150.94,16136,294,2,625.83
27/07/2026,Solmar Hotels,Meta Ads,PT_Social_Prospecting_2026Q3,113.2,12113,213,1,
28/07/2026,Solmar Hotels,Meta Ads,ES_Social_Prospecting_2026Q3,195.58,19908,235,1,327.79
28/07/2026,Solmar Hotels,Meta Ads,ES_Social_Retargeting_2026Q3,156.46,15883,178,2,378.83
28/07/2026,Solmar Hotels,Meta Ads,PT_Social_Prospecting_2026Q3,117.35,11772,142,1,351.79
29/07/2026,Solmar Hotels,Meta Ads,ES_Social_Prospecting_2026Q3,187.4,22210,239,1,234.34
29/07/2026,Solmar Hotels,Meta Ads,ES_Social_Retargeting_2026Q3,149.92,17999,196,6,1966.21
29/07/2026,Solmar Hotels,Meta Ads,PT_Social_Prospecting_2026Q3,112.44,13642,155,4,1021.27
30/07/2026,Solmar Hotels,Meta Ads,ES_Social_Prospecting_2026Q3,217.04,32692,540,11,
30/07/2026,Solmar Hotels,Meta Ads,ES_Social_Retargeting_2026Q3,173.63,25935,422,9,2174.54
30/07/2026,Solmar Hotels,Meta Ads,PT_Social_Prospecting_2026Q3,130.22,19384,308,6,1676.75
31/07/2026,Solmar Hotels,Meta Ads,ES_Social_Prospecting_2026Q3,188.64,20171,389,6,2333.54
31/07/2026,Solmar Hotels,Meta Ads,ES_Social_Retargeting_2026Q3,150.91,16574,342,3,1151.61
31/07/2026,Solmar Hotels,Meta Ads,PT_Social_Prospecting_2026Q3,113.18,12046,222,5,1046.05
