date,client,channel,campaign_name,spend,impressions,clicks,conversions,conversion_value
2025-02-01,Clinica Vantia,Organic Search,Organic Search,0.0,223,5,0,0.0
2025-02-02,Clinica Vantia,Organic Search,Organic Search,0.0,206,6,0,0.0
2025-02-03,Clinica Vantia,Organic Search,Organic Search,0.0,287,10,0,0.0
2025-02-04,Clinica Vantia,Organic Search,Organic Search,0.0,302,6,0,0.0
2025-02-05,Clinica Vantia,Organic Search,Organic Search,0.0,281,10,0,0.0
2025-02-06,Clinica Vantia,Organic Search,Organic Search,0.0,241,7,0,0.0
2025-02-07,Clinica Vantia,Organic Search,Organic Search,0.0,314,6,0,0.0
2025-02-08,Clinica Vantia,Organic Search,Organic Search,0.0,275,5,0,0.0
2025-02-09,Clinica Vantia,Organic Search,Organic Search,0.0,269,10,0,0.0
2025-02-10,Clinica Vantia,Organic Search,Organic Search,0.0,265,12,0,0.0
2025-02-11,Clinica Vantia,Organic Search,Organic Search,0.0,292,7,0,0.0
2025-02-12,Clinica Vantia,Organic Search,Organic Search,0.0,321,9,0,0.0
2025-02-13,Clinica Vantia,Organic Search,Organic Search,0.0,273,2,0,0.0
2025-02-14,Clinica Vantia,Organic Search,Organic Search,0.0,311,6,0,0.0
2025-02-15,Clinica Vantia,Organic Search,Organic Search,0.0,284,8,0,0.0
2025-02-16,Clinica Vantia,Organic Search,Organic Search,0.0,318,9,0,0.0
2025-02-17,Clinica Vantia,Organic Search,Organic Search,0.0,280,12,0,0.0
2025-02-18,Clinica Vantia,Organic Search,Organic Search,0.0,232,10,0,0.0
2025-02-19,Clinica Vantia,Organic Search,Organic Search,0.0,246,7,0,0.0
2025-02-20,Clinica Vantia,Organic Search,Organic Search,0.0,259,13,1,714.91
2025-02-21,Clinica Vantia,Organic Search,Organic Search,0.0,215,12,0,0.0
2025-02-22,Clinica Vantia,Organic Search,Organic Search,0.0,314,10,1,967.95
2025-02-23,Clinica Vantia,Organic Search,Organic Search,0.0,244,2,0,0.0
2025-02-24,Clinica Vantia,Organic Search,Organic Search,0.0,240,3,0,0.0
2025-02-25,Clinica Vantia,Organic Search,Organic Search,0.0,262,12,1,731.71
2025-02-26,Clinica Vantia,Organic Search,Organic Search,0.0,330,12,0,0.0
2025-02-27,Clinica Vantia,Organic Search,Organic Search,0.0,280,14,1,1297.19
2025-02-28,Clinica Vantia,Organic Search,Organic Search,0.0,282,5,0,0.0
2025-03-01,Clinica Vantia,Organic Search,Organic Search,0.0,251,14,0,0.0
2025-03-02,Clinica Vantia,Organic Search,Organic Search,0.0,237,6,0,0.0
2025-03-03,Clinica Vantia,Organic Search,Organic Search,0.0,259,9,0,0.0
2025-03-04,Clinica Vantia,Organic Search,Organic Search,0.0,277,14,1,511.18
2025-03-05,Clinica Vantia,Organic Search,Organic Search,0.0,242,6,0,0.0
2025-03-06,Clinica Vantia,Organic Search,Organic Search,0.0,209,4,1,509.26
2025-03-07,Clinica Vantia,Organic Search,Organic Search,0.0,239,9,0,0.0
2025-03-08,Clinica Vantia,Organic Search,Organic Search,0.0,227,7,0,0.0
2025-03-09,Clinica Vantia,Organic Search,Organic Search,0.0,264,10,0,0.0
2025-03-10,Clinica Vantia,Organic Search,Organic Search,0.0,245,4,0,0.0
2025-03-11,Clinica Vantia,Organic Search,Organic Search,0.0,254,10,0,0.0
2025-03-12,Clinica Vantia,Organic Search,Organic Search,0.0,238,9,0,0.0
2025-03-13,Clinica Vantia,Organic Search,Organic Search,0.0,253,9,1,1043.2
2025-03-14,Clinica Vantia,Organic Search,Organic Search,0.0,222,3,0,0.0
2025-03-15,Clinica Vantia,Organic Search,Organic Search,0.0,259,11,0,0.0
2025-03-16,Clinica Vantia,Organic Search,Organic Search,0.0,260,4,1,1579.42
2025-03-17,Clinica Vantia,Organic Search,Organic Search,0.0,259,8,0,0.0
2025-03-18,Clinica Vantia,Organic Search,Organic Search,0.0,235,10,0,0.0
2025-03-19,Clinica Vantia,Organic Search,Organic Search,0.0,238,16,1,504.91
2025-03-20,Clinica Vantia,Organic Search,Organic Search,0.0,297,9,1,723.98
2025-03-21,Clinica Vantia,Organic Search,Organic Search,0.0,244,6,0,0.0
2025-03-22,Clinica Vantia,Organic Search,Organic Search,0.0,252,7,0,0.0
2025-03-23,Clinica Vantia,Organic Search,Organic Search,0.0,244,7,0,0.0
2025-03-24,Clinica Vantia,Organic Search,Organic Search,0.0,262,10,1,611.6
2025-03-25,Clinica Vantia,Organic Search,Organic Search,0.0,267,7,1,977.1
2025-03-26,Clinica Vantia,Organic Search,Organic Search,0.0,300,12,0,0.0
2025-03-27,Clinica Vantia,Organic Search,Organic Search,0.0,262,8,1,943.48
2025-03-28,Clinica Vantia,Organic Search,Organic Search,0.0,248,3,0,0.0
2025-03-29,Clinica Vantia,Organic Search,Organic Search,0.0,268,6,0,0.0
2025-03-30,Clinica Vantia,Organic Search,Organic Search,0.0,284,9,0,0.0
2025-03-31,Clinica Vantia,Organic Search,Organic Search,0.0,296,9,0,0.0
2025-04-01,Clinica Vantia,Organic Search,Organic Search,0.0,275,9,0,0.0
2025-04-02,Clinica Vantia,Organic Search,Organic Search,0.0,231,5,0,0.0
2025-04-03,Clinica Vantia,Organic Search,Organic Search,0.0,215,11,0,0.0
2025-04-04,Clinica Vantia,Organic Search,Organic Search,0.0,222,11,0,0.0
2025-04-05,Clinica Vantia,Organic Search,Organic Search,0.0,275,9,0,0.0
2025-04-06,Clinica Vantia,Organic Search,Organic Search,0.0,268,12,0,0.0
2025-04-07,Clinica Vantia,Organic Search,Organic Search,0.0,273,3,0,0.0
2025-04-08,Clinica Vantia,Organic Search,Organic Search,0.0,234,9,0,0.0
2025-04-09,Clinica Vantia,Organic Search,Organic Search,0.0,253,8,0,0.0
2025-04-10,Clinica Vantia,Organic Search,Organic Search,0.0,295,7,1,1335.16
2025-04-11,Clinica Vantia,Organic Search,Organic Search,0.0,273,11,0,0.0
2025-04-12,Clinica Vantia,Organic Search,Organic Search,0.0,231,14,1,565.45
2025-04-13,Clinica Vantia,Organic Search,Organic Search,0.0,270,9,1,605.96
2025-04-14,Clinica Vantia,Organic Search,Organic Search,0.0,213,3,0,0.0
2025-04-15,Clinica Vantia,Organic Search,Organic Search,0.0,223,12,0,0.0
2025-04-16,Clinica Vantia,Organic Search,Organic Search,0.0,246,2,0,0.0
2025-04-17,Clinica Vantia,Organic Search,Organic Search,0.0,257,6,0,0.0
2025-04-18,Clinica Vantia,Organic Search,Organic Search,0.0,251,11,0,0.0
2025-04-19,Clinica Vantia,Organic Search,Organic Search,0.0,330,12,0,0.0
2025-04-20,Clinica Vantia,Organic Search,Organic Search,0.0,280,10,0,0.0
2025-04-21,Clinica Vantia,Organic Search,Organic Search,0.0,200,7,0,0.0
2025-04-22,Clinica Vantia,Organic Search,Organic Search,0.0,221,8,1,599.23
2025-04-23,Clinica Vantia,Organic Search,Organic Search,0.0,270,4,0,0.0
2025-04-24,Clinica Vantia,Organic Search,Organic Search,0.0,282,8,0,0.0
2025-04-25,Clinica Vantia,Organic Search,Organic Search,0.0,254,5,0,0.0
2025-04-26,Clinica Vantia,Organic Search,Organic Search,0.0,274,11,0,0.0
2025-04-27,Clinica Vantia,Organic Search,Organic Search,0.0,290,11,0,0.0
2025-04-28,Clinica Vantia,Organic Search,Organic Search,0.0,284,12,1,615.24
2025-04-29,Clinica Vantia,Organic Search,Organic Search,0.0,304,14,1,797.02
2025-04-30,Clinica Vantia,Organic Search,Organic Search,0.0,285,4,0,0.0
2025-05-01,Clinica Vantia,Organic Search,Organic Search,0.0,224,5,0,0.0
2025-05-02,Clinica Vantia,Organic Search,Organic Search,0.0,280,11,0,0.0
2025-05-03,Clinica Vantia,Organic Search,Organic Search,0.0,237,6,0,0.0
2025-05-04,Clinica Vantia,Organic Search,Organic Search,0.0,291,15,0,0.0
2025-05-05,Clinica Vantia,Organic Search,Organic Search,0.0,240,8,0,0.0
2025-05-06,Clinica Vantia,Organic Search,Organic Search,0.0,268,17,0,0.0
2025-05-07,Clinica Vantia,Organic Search,Organic Search,0.0,293,12,1,
2025-05-08,Clinica Vantia,Organic Search,Organic Search,0.0,204,10,0,0.0
2025-05-09,Clinica Vantia,Organic Search,Organic Search,0.0,281,10,1,630.88
2025-05-10,Clinica Vantia,Organic Search,Organic Search,0.0,338,6,0,0.0
2025-05-11,Clinica Vantia,Organic Search,Organic Search,0.0,234,4,0,0.0
2025-05-12,Clinica Vantia,Organic Search,Organic Search,0.0,262,11,0,0.0
2025-05-13,Clinica Vantia,Organic Search,Organic Search,0.0,262,8,0,0.0
2025-05-14,Clinica Vantia,Organic Search,Organic Search,0.0,281,5,1,647.36
2025-05-15,Clinica Vantia,Organic Search,Organic Search,0.0,304,8,0,0.0
2025-05-16,Clinica Vantia,Organic Search,Organic Search,0.0,249,4,0,0.0
2025-05-17,Clinica Vantia,Organic Search,Organic Search,0.0,292,8,0,0.0
2025-05-18,Clinica Vantia,Organic Search,Organic Search,0.0,284,11,2,1367.14
2025-05-19,Clinica Vantia,Organic Search,Organic Search,0.0,270,5,0,0.0
2025-05-20,Clinica Vantia,Organic Search,Organic Search,0.0,300,4,0,0.0
2025-05-21,Clinica Vantia,Organic Search,Organic Search,0.0,279,10,1,635.71
2025-05-22,Clinica Vantia,Organic Search,Organic Search,0.0,260,4,0,0.0
2025-05-23,Clinica Vantia,Organic Search,Organic Search,0.0,271,8,0,0.0
2025-05-24,Clinica Vantia,Organic Search,Organic Search,0.0,252,11,0,0.0
2025-05-25,Clinica Vantia,Organic Search,Organic Search,0.0,302,8,1,823.45
2025-05-26,Clinica Vantia,Organic Search,Organic Search,0.0,239,10,0,0.0
2025-05-27,Clinica Vantia,Organic Search,Organic Search,0.0,260,9,0,0.0
2025-05-28,Clinica Vantia,Organic Search,Organic Search,0.0,242,5,0,0.0
2025-05-29,Clinica Vantia,Organic Search,Organic Search,0.0,283,8,0,0.0
2025-05-30,Clinica Vantia,Organic Search,Organic Search,0.0,226,7,0,0.0
2025-05-31,Clinica Vantia,Organic Search,Organic Search,0.0,253,3,0,0.0
2025-06-01,Clinica Vantia,Organic Search,Organic Search,0.0,306,7,0,0.0
2025-06-02,Clinica Vantia,Organic Search,Organic Search,0.0,290,12,0,0.0
2025-06-03,Clinica Vantia,Organic Search,Organic Search,0.0,268,9,0,0.0
2025-06-04,Clinica Vantia,Organic Search,Organic Search,0.0,285,15,0,0.0
2025-06-05,Clinica Vantia,Organic Search,Organic Search,0.0,289,9,0,0.0
2025-06-06,Clinica Vantia,Organic Search,Organic Search,0.0,224,8,0,0.0
2025-06-07,Clinica Vantia,Organic Search,Organic Search,0.0,323,14,0,0.0
2025-06-08,Clinica Vantia,Organic Search,Organic Search,0.0,274,8,0,0.0
2025-06-09,Clinica Vantia,Organic Search,Organic Search,0.0,194,5,0,0.0
2025-06-10,Clinica Vantia,Organic Search,Organic Search,0.0,256,14,1,612.67
2025-06-10,Clinica Vantia,Organic Search,Organic Search,0.0,256,14,1,612.67
2025-06-11,Clinica Vantia,Organic Search,Organic Search,0.0,279,2,0,0.0
2025-06-11,Clinica Vantia,Organic Search,Organic Search,0.0,279,2,0,0.0
2025-06-12,Clinica Vantia,Organic Search,Organic Search,0.0,336,8,0,0.0
2025-06-12,Clinica Vantia,Organic Search,Organic Search,0.0,336,8,0,0.0
2025-06-13,Clinica Vantia,Organic Search,Organic Search,0.0,278,5,0,0.0
2025-06-13,Clinica Vantia,Organic Search,Organic Search,0.0,278,5,0,0.0
2025-06-14,Clinica Vantia,Organic Search,Organic Search,0.0,317,10,0,0.0
2025-06-14,Clinica Vantia,Organic Search,Organic Search,0.0,317,10,0,0.0
2025-06-15,Clinica Vantia,Organic Search,Organic Search,0.0,267,6,0,0.0
2025-06-15,Clinica Vantia,Organic Search,Organic Search,0.0,267,6,0,0.0
2025-06-16,Clinica Vantia,Organic Search,Organic Search,0.0,262,14,0,0.0
2025-06-16,Clinica Vantia,Organic Search,Organic Search,0.0,262,14,0,0.0
2025-06-17,Clinica Vantia,Organic Search,Organic Search,0.0,343,9,0,0.0
2025-06-17,Clinica Vantia,Organic Search,Organic Search,0.0,343,9,0,0.0
2025-06-18,Clinica Vantia,Organic Search,Organic Search,0.0,271,5,0,0.0
2025-06-18,Clinica Vantia,Organic Search,Organic Search,0.0,271,5,0,0.0
2025-06-19,Clinica Vantia,Organic Search,Organic Search,0.0,214,7,0,0.0
2025-06-19,Clinica Vantia,Organic Search,Organic Search,0.0,214,7,0,0.0
2025-06-20,Clinica Vantia,Organic Search,Organic Search,0.0,288,6,0,0.0
2025-06-21,Clinica Vantia,Organic Search,Organic Search,0.0,260,7,0,0.0
2025-06-22,Clinica Vantia,Organic Search,Organic Search,0.0,263,13,1,1413.96
2025-06-23,Clinica Vantia,Organic Search,Organic Search,0.0,290,17,1,638.3
2025-06-24,Clinica Vantia,Organic Search,Organic Search,0.0,218,11,0,0.0
2025-06-25,Clinica Vantia,Organic Search,Organic Search,0.0,263,6,0,0.0
2025-06-26,Clinica Vantia,Organic Search,Organic Search,0.0,264,4,1,1298.19
2025-06-27,Clinica Vantia,Organic Search,Organic Search,0.0,306,10,1,1235.39
2025-06-28,Clinica Vantia,Organic Search,Organic Search,0.0,271,7,0,0.0
2025-06-29,Clinica Vantia,Organic Search,Organic Search,0.0,255,6,0,0.0
2025-06-30,Clinica Vantia,Organic Search,Organic Search,0.0,307,14,1,739.16
2025-07-01,Clinica Vantia,Organic Search,Organic Search,0.0,306,5,0,0.0
2025-07-02,Clinica Vantia,Organic Search,Organic Search,0.0,343,5,0,0.0
2025-07-03,Clinica Vantia,Organic Search,Organic Search,0.0,324,9,0,0.0
2025-07-04,Clinica Vantia,Organic Search,Organic Search,0.0,313,4,0,0.0
2025-07-05,Clinica Vantia,Organic Search,Organic Search,0.0,247,14,1,792.74
2025-07-06,Clinica Vantia,Organic Search,Organic Search,0.0,269,7,0,0.0
2025-07-07,Clinica Vantia,Organic Search,Organic Search,0.0,231,12,0,0.0
2025-07-08,Clinica Vantia,Organic Search,Organic Search,0.0,252,4,0,0.0
2025-07-09,Clinica Vantia,Organic Search,Organic Search,0.0,301,10,0,0.0
2025-07-10,Clinica Vantia,Organic Search,Organic Search,0.0,321,11,0,0.0
2025-07-11,Clinica Vantia,Organic Search,Organic Search,0.0,310,17,0,0.0
2025-07-12,Clinica Vantia,Organic Search,Organic Search,0.0,334,13,1,1065.01
2025-07-13,Clinica Vantia,Organic Search,Organic Search,0.0,258,12,0,0.0
2025-07-14,Clinica Vantia,Organic Search,Organic Search,0.0,267,16,0,0.0
2025-07-15,Clinica Vantia,Organic Search,Organic Search,0.0,290,7,0,0.0
2025-07-16,Clinica Vantia,Organic Search,Organic Search,0.0,210,6,0,0.0
2025-07-17,Clinica Vantia,Organic Search,Organic Search,0.0,276,6,0,0.0
2025-07-18,Clinica Vantia,Organic Search,Organic Search,0.0,289,7,0,0.0
2025-07-19,Clinica Vantia,Organic Search,Organic Search,0.0,279,9,0,0.0
2025-07-20,Clinica Vantia,Organic Search,Organic Search,0.0,270,8,0,0.0
2025-07-21,Clinica Vantia,Organic Search,Organic Search,0.0,250,4,0,0.0
2025-07-22,Clinica Vantia,Organic Search,Organic Search,0.0,255,12,0,0.0
2025-07-23,Clinica Vantia,Organic Search,Organic Search,0.0,251,1,0,0.0
2025-07-24,Clinica Vantia,Organic Search,Organic Search,0.0,326,12,0,0.0
2025-07-25,Clinica Vantia,Organic Search,Organic Search,0.0,270,9,0,0.0
2025-07-26,Clinica Vantia,Organic Search,Organic Search,0.0,302,11,1,921.66
2025-07-27,Clinica Vantia,Organic Search,Organic Search,0.0,250,5,1,1154.83
2025-07-28,Clinica Vantia,Organic Search,Organic Search,0.0,254,8,0,0.0
2025-07-29,Clinica Vantia,Organic Search,Organic Search,0.0,276,6,0,0.0
2025-07-30,Clinica Vantia,Organic Search,Organic Search,0.0,277,6,0,0.0
2025-07-31,Clinica Vantia,Organic Search,Organic Search,0.0,270,8,0,0.0
2025-08-01,Clinica Vantia,Organic Search,Organic Search,0.0,249,13,0,0.0
2025-08-02,Clinica Vantia,Organic Search,Organic Search,0.0,264,8,0,0.0
2025-08-03,Clinica Vantia,Organic Search,Organic Search,0.0,296,6,0,0.0
2025-08-04,Clinica Vantia,Organic Search,Organic Search,0.0,251,4,0,0.0
2025-08-05,Clinica Vantia,Organic Search,Organic Search,0.0,277,16,1,981.84
2025-08-06,Clinica Vantia,Organic Search,Organic Search,0.0,287,4,0,0.0
2025-08-07,Clinica Vantia,Organic Search,Organic Search,0.0,354,17,1,779.09
2025-08-08,Clinica Vantia,Organic Search,Organic Search,0.0,340,10,0,0.0
2025-08-09,Clinica Vantia,Organic Search,Organic Search,0.0,271,2,0,0.0
2025-08-10,Clinica Vantia,Organic Search,Organic Search,0.0,287,9,0,0.0
2025-08-11,Clinica Vantia,Organic Search,Organic Search,0.0,255,5,1,1020.08
2025-08-12,Clinica Vantia,Organic Search,Organic Search,0.0,312,10,1,1483.51
2025-08-13,Clinica Vantia,Organic Search,Organic Search,0.0,275,12,0,0.0
2025-08-14,Clinica Vantia,Organic Search,Organic Search,0.0,333,10,0,0.0
2025-08-15,Clinica Vantia,Organic Search,Organic Search,0.0,232,5,0,0.0
2025-08-16,Clinica Vantia,Organic Search,Organic Search,0.0,329,9,0,0.0
2025-08-17,Clinica Vantia,Organic Search,Organic Search,0.0,235,8,0,0.0
2025-08-18,Clinica Vantia,Organic Search,Organic Search,0.0,351,12,0,0.0
2025-08-19,Clinica Vantia,Organic Search,Organic Search,0.0,225,8,1,1057.9
2025-08-20,Clinica Vantia,Organic Search,Organic Search,0.0,259,7,0,0.0
2025-08-21,Clinica Vantia,Organic Search,Organic Search,0.0,316,12,0,0.0
2025-08-22,Clinica Vantia,Organic Search,Organic Search,0.0,276,16,0,0.0
2025-08-23,Clinica Vantia,Organic Search,Organic Search,0.0,307,12,0,0.0
2025-08-24,Clinica Vantia,Organic Search,Organic Search,0.0,252,4,1,1014.28
2025-08-25,Clinica Vantia,Organic Search,Organic Search,0.0,333,9,0,0.0
2025-08-26,Clinica Vantia,Organic Search,Organic Search,0.0,290,12,0,0.0
2025-08-27,Clinica Vantia,Organic Search,Organic Search,0.0,299,6,0,0.0
2025-08-28,Clinica Vantia,Organic Search,Organic Search,0.0,227,10,0,0.0
2025-08-29,Clinica Vantia,Organic Search,Organic Search,0.0,269,5,0,0.0
2025-08-30,Clinica Vantia,Organic Search,Organic Search,0.0,348,12,0,0.0
2025-08-31,Clinica Vantia,Organic Search,Organic Search,0.0,298,6,0,0.0
2025-09-01,Clinica Vantia,Organic Search,Organic Search,0.0,451,14,1,1027.04
2025-09-02,Clinica Vantia,Organic Search,Organic Search,0.0,423,31,0,0.0
2025-09-03,Clinica Vantia,Organic Search,Organic Search,0.0,412,15,1,723.74
2025-09-04,Clinica Vantia,Organic Search,Organic Search,0.0,358,13,0,0.0
2025-09-05,Clinica Vantia,Organic Search,Organic Search,0.0,361,13,1,1380.26
2025-09-06,Clinica Vantia,Organic Search,Organic Search,0.0,357,13,0,0.0
2025-09-07,Clinica Vantia,Organic Search,Organic Search,0.0,473,15,0,0.0
2025-09-08,Clinica Vantia,Organic Search,Organic Search,0.0,423,11,0,0.0
2025-09-09,Clinica Vantia,Organic Search,Organic Search,0.0,389,12,0,0.0
2025-09-10,Clinica Vantia,Organic Search,Organic Search,0.0,384,5,1,703.45
2025-09-11,Clinica Vantia,Organic Search,Organic Search,0.0,388,5,0,0.0
2025-09-12,Clinica Vantia,Organic Search,Organic Search,0.0,338,5,0,0.0
2025-09-13,Clinica Vantia,Organic Search,Organic Search,0.0,459,9,1,
2025-09-14,Clinica Vantia,Organic Search,Organic Search,0.0,380,13,1,744.09
2025-09-15,Clinica Vantia,Organic Search,Organic Search,0.0,382,4,1,881.32
2025-09-16,Clinica Vantia,Organic Search,Organic Search,0.0,416,10,0,0.0
2025-09-17,Clinica Vantia,Organic Search,Organic Search,0.0,435,22,0,0.0
2025-09-18,Clinica Vantia,Organic Search,Organic Search,0.0,452,22,0,0.0
2025-09-19,Clinica Vantia,Organic Search,Organic Search,0.0,359,12,1,912.67
2025-09-20,Clinica Vantia,Organic Search,Organic Search,0.0,388,14,1,793.03
2025-09-21,Clinica Vantia,Organic Search,Organic Search,0.0,359,10,0,0.0
2025-09-22,Clinica Vantia,Organic Search,Organic Search,0.0,419,11,1,944.48
2025-09-23,Clinica Vantia,Organic Search,Organic Search,0.0,514,22,0,0.0
2025-09-24,Clinica Vantia,Organic Search,Organic Search,0.0,393,11,0,0.0
2025-09-25,Clinica Vantia,Organic Search,Organic Search,0.0,384,9,1,827.99
2025-09-26,Clinica Vantia,Organic Search,Organic Search,0.0,415,19,0,0.0
2025-09-27,Clinica Vantia,Organic Search,Organic Search,0.0,433,9,0,0.0
2025-09-28,Clinica Vantia,Organic Search,Organic Search,0.0,409,6,0,0.0
2025-09-29,Clinica Vantia,Organic Search,Organic Search,0.0,397,10,0,0.0
2025-09-30,Clinica Vantia,Organic Search,Organic Search,0.0,389,5,0,0.0
2025-10-01,Clinica Vantia,Organic Search,Organic Search,0.0,279,6,0,0.0
2025-10-02,Clinica Vantia,Organic Search,Organic Search,0.0,266,7,0,0.0
2025-10-03,Clinica Vantia,Organic Search,Organic Search,0.0,293,7,0,0.0
2025-10-04,Clinica Vantia,Organic Search,Organic Search,0.0,265,12,0,0.0
2025-10-05,Clinica Vantia,Organic Search,Organic Search,0.0,335,13,1,600.32
2025-10-06,Clinica Vantia,Organic Search,Organic Search,0.0,258,4,0,0.0
2025-10-07,Clinica Vantia,Organic Search,Organic Search,0.0,332,17,1,1142.32
2025-10-08,Clinica Vantia,Organic Search,Organic Search,0.0,289,14,2,2145.79
2025-10-09,Clinica Vantia,Organic Search,Organic Search,0.0,274,13,2,1490.3
2025-10-10,Clinica Vantia,Organic Search,Organic Search,0.0,299,11,0,0.0
2025-10-11,Clinica Vantia,Organic Search,Organic Search,0.0,278,17,0,0.0
2025-10-12,Clinica Vantia,Organic Search,Organic Search,0.0,281,9,0,0.0
2025-10-13,Clinica Vantia,Organic Search,Organic Search,0.0,347,12,0,0.0
2025-10-14,Clinica Vantia,Organic Search,Organic Search,0.0,284,5,0,0.0
2025-10-15,Clinica Vantia,Organic Search,Organic Search,0.0,299,8,0,0.0
2025-10-16,Clinica Vantia,Organic Search,Organic Search,0.0,284,11,0,0.0
2025-10-17,Clinica Vantia,Organic Search,Organic Search,0.0,239,9,0,0.0
2025-10-18,Clinica Vantia,Organic Search,Organic Search,0.0,317,7,0,0.0
2025-10-19,Clinica Vantia,Organic Search,Organic Search,0.0,241,8,0,0.0
2025-10-20,Clinica Vantia,Organic Search,Organic Search,0.0,240,8,0,0.0
2025-10-21,Clinica Vantia,Organic Search,Organic Search,0.0,277,6,0,0.0
2025-10-22,Clinica Vantia,Organic Search,Organic Search,0.0,267,5,0,0.0
2025-10-23,Clinica Vantia,Organic Search,Organic Search,0.0,305,8,0,0.0
2025-10-24,Clinica Vantia,Organic Search,Organic Search,0.0,288,12,0,0.0
2025-10-25,Clinica Vantia,Organic Search,Organic Search,0.0,330,8,1,1168.85
2025-10-26,Clinica Vantia,Organic Search,Organic Search,0.0,231,10,0,0.0
2025-10-27,Clinica Vantia,Organic Search,Organic Search,0.0,321,7,0,0.0
2025-10-28,Clinica Vantia,Organic Search,Organic Search,0.0,226,8,0,0.0
2025-10-29,Clinica Vantia,Organic Search,Organic Search,0.0,298,7,0,0.0
2025-10-30,Clinica Vantia,Organic Search,Organic Search,0.0,255,10,0,0.0
2025-10-31,Clinica Vantia,Organic Search,Organic Search,0.0,274,14,0,0.0
2025-11-01,Clinica Vantia,Organic Search,Organic Search,0.0,245,6,0,0.0
2025-11-02,Clinica Vantia,Organic Search,Organic Search,0.0,342,3,0,0.0
2025-11-03,Clinica Vantia,Organic Search,Organic Search,0.0,320,14,0,0.0
2025-11-04,Clinica Vantia,Organic Search,Organic Search,0.0,296,6,1,1279.17
2025-11-05,Clinica Vantia,Organic Search,Organic Search,0.0,259,7,0,0.0
2025-11-06,Clinica Vantia,Organic Search,Organic Search,0.0,318,11,0,0.0
2025-11-07,Clinica Vantia,Organic Search,Organic Search,0.0,272,14,0,0.0
2025-11-08,Clinica Vantia,Organic Search,Organic Search,0.0,332,10,1,1557.11
2025-11-09,Clinica Vantia,Organic Search,Organic Search,0.0,324,12,0,0.0
2025-11-10,Clinica Vantia,Organic Search,Organic Search,0.0,290,11,1,542.64
2025-11-11,Clinica Vantia,Organic Search,Organic Search,0.0,330,7,1,979.32
2025-11-12,Clinica Vantia,Organic Search,Organic Search,0.0,311,8,0,0.0
2025-11-13,Clinica Vantia,Organic Search,Organic Search,0.0,261,5,0,0.0
2025-11-14,Clinica Vantia,Organic Search,Organic Search,0.0,307,8,0,0.0
2025-11-15,Clinica Vantia,Organic Search,Organic Search,0.0,381,9,0,0.0
2025-11-16,Clinica Vantia,Organic Search,Organic Search,0.0,278,11,0,0.0
2025-11-17,Clinica Vantia,Organic Search,Organic Search,0.0,314,13,0,0.0
2025-11-18,Clinica Vantia,Organic Search,Organic Search,0.0,247,17,0,0.0
2025-11-19,Clinica Vantia,Organic Search,Organic Search,0.0,307,3,0,0.0
2025-11-20,Clinica Vantia,Organic Search,Organic Search,0.0,331,15,3,2560.46
2025-11-21,Clinica Vantia,Organic Search,Organic Search,0.0,323,8,0,0.0
2025-11-22,Clinica Vantia,Organic Search,Organic Search,0.0,287,16,1,1428.23
2025-11-23,Clinica Vantia,Organic Search,Organic Search,0.0,278,14,1,665.41
2025-11-24,Clinica Vantia,Organic Search,Organic Search,0.0,341,12,1,1018.45
2025-11-25,Clinica Vantia,Organic Search,Organic Search,0.0,286,10,3,3402.25
2025-11-26,Clinica Vantia,Organic Search,Organic Search,0.0,281,17,1,713.09
2025-11-27,Clinica Vantia,Organic Search,Organic Search,0.0,304,14,1,895.36
2025-11-28,Clinica Vantia,Organic Search,Organic Search,0.0,266,8,1,1083.11
2025-11-29,Clinica Vantia,Organic Search,Organic Search,0.0,350,11,0,0.0
2025-11-30,Clinica Vantia,Organic Search,Organic Search,0.0,275,10,1,1222.87
2025-12-01,Clinica Vantia,Organic Search,Organic Search,0.0,314,8,1,730.68
2025-12-02,Clinica Vantia,Organic Search,Organic Search,0.0,264,4,0,0.0
2025-12-03,Clinica Vantia,Organic Search,Organic Search,0.0,298,4,0,0.0
2025-12-04,Clinica Vantia,Organic Search,Organic Search,0.0,315,10,0,0.0
2025-12-05,Clinica Vantia,Organic Search,Organic Search,0.0,299,3,1,1020.58
2025-12-06,Clinica Vantia,Organic Search,Organic Search,0.0,313,9,0,0.0
2025-12-07,Clinica Vantia,Organic Search,Organic Search,0.0,265,15,0,0.0
2025-12-08,Clinica Vantia,Organic Search,Organic Search,0.0,273,2,0,0.0
2025-12-09,Clinica Vantia,Organic Search,Organic Search,0.0,276,10,0,0.0
2025-12-10,Clinica Vantia,Organic Search,Organic Search,0.0,349,9,0,0.0
2025-12-11,Clinica Vantia,Organic Search,Organic Search,0.0,305,11,0,0.0
2025-12-12,Clinica Vantia,Organic Search,Organic Search,0.0,335,4,0,0.0
2025-12-13,Clinica Vantia,Organic Search,Organic Search,0.0,286,10,2,1631.7
2025-12-14,Clinica Vantia,Organic Search,Organic Search,0.0,343,16,0,0.0
2025-12-15,Clinica Vantia,Organic Search,Organic Search,0.0,294,14,0,0.0
2025-12-16,Clinica Vantia,Organic Search,Organic Search,0.0,339,11,0,0.0
2025-12-17,Clinica Vantia,Organic Search,Organic Search,0.0,312,9,0,0.0
2025-12-18,Clinica Vantia,Organic Search,Organic Search,0.0,286,6,1,1225.03
2025-12-19,Clinica Vantia,Organic Search,Organic Search,0.0,349,7,0,0.0
2025-12-20,Clinica Vantia,Organic Search,Organic Search,0.0,384,5,0,0.0
2025-12-21,Clinica Vantia,Organic Search,Organic Search,0.0,277,8,0,0.0
2025-12-22,Clinica Vantia,Organic Search,Organic Search,0.0,264,7,1,1077.37
2025-12-23,Clinica Vantia,Organic Search,Organic Search,0.0,270,15,1,1061.07
2025-12-24,Clinica Vantia,Organic Search,Organic Search,0.0,339,14,0,0.0
2025-12-25,Clinica Vantia,Organic Search,Organic Search,0.0,355,8,0,0.0
2025-12-26,Clinica Vantia,Organic Search,Organic Search,0.0,284,11,0,0.0
2025-12-27,Clinica Vantia,Organic Search,Organic Search,0.0,336,17,1,943.96
2025-12-28,Clinica Vantia,Organic Search,Organic Search,0.0,305,6,0,0.0
2025-12-29,Clinica Vantia,Organic Search,Organic Search,0.0,304,8,0,0.0
2025-12-30,Clinica Vantia,Organic Search,Organic Search,0.0,271,5,0,0.0
2025-12-31,Clinica Vantia,Organic Search,Organic Search,0.0,243,12,0,0.0
2026-01-01,Clinica Vantia,Organic Search,Organic Search,0.0,303,6,0,0.0
2026-01-02,Clinica Vantia,Organic Search,Organic Search,0.0,235,4,0,0.0
2026-01-03,Clinica Vantia,Organic Search,Organic Search,0.0,348,16,0,0.0
2026-01-04,Clinica Vantia,Organic Search,Organic Search,0.0,285,14,0,0.0
2026-01-05,Clinica Vantia,Organic Search,Organic Search,0.0,296,5,0,0.0
2026-01-06,Clinica Vantia,Organic Search,Organic Search,0.0,210,6,1,777.59
2026-01-07,Clinica Vantia,Organic Search,Organic Search,0.0,260,9,0,0.0
2026-01-08,Clinica Vantia,Organic Search,Organic Search,0.0,261,9,0,0.0
2026-01-09,Clinica Vantia,Organic Search,Organic Search,0.0,322,21,0,0.0
2026-01-10,Clinica Vantia,Organic Search,Organic Search,0.0,271,10,0,0.0
2026-01-11,Clinica Vantia,Organic Search,Organic Search,0.0,322,3,0,0.0
2026-01-12,Clinica Vantia,Organic Search,Organic Search,0.0,304,15,1,1003.53
2026-01-13,Clinica Vantia,Organic Search,Organic Search,0.0,281,15,0,0.0
2026-01-14,Clinica Vantia,Organic Search,Organic Search,0.0,283,9,0,0.0
2026-01-15,Clinica Vantia,Organic Search,Organic Search,0.0,298,10,1,1283.28
2026-01-16,Clinica Vantia,Organic Search,Organic Search,0.0,318,16,0,0.0
2026-01-17,Clinica Vantia,Organic Search,Organic Search,0.0,365,11,0,0.0
2026-01-18,Clinica Vantia,Organic Search,Organic Search,0.0,317,8,0,0.0
2026-01-19,Clinica Vantia,Organic Search,Organic Search,0.0,383,10,0,0.0
2026-01-20,Clinica Vantia,Organic Search,Organic Search,0.0,340,15,0,0.0
2026-01-21,Clinica Vantia,Organic Search,Organic Search,0.0,309,5,0,0.0
2026-01-22,Clinica Vantia,Organic Search,Organic Search,0.0,328,17,1,963.88
2026-01-23,Clinica Vantia,Organic Search,Organic Search,0.0,274,7,1,1300.25
2026-01-24,Clinica Vantia,Organic Search,Organic Search,0.0,290,14,0,0.0
2026-01-25,Clinica Vantia,Organic Search,Organic Search,0.0,278,13,0,0.0
2026-01-26,Clinica Vantia,Organic Search,Organic Search,0.0,287,7,0,0.0
2026-01-27,Clinica Vantia,Organic Search,Organic Search,0.0,311,4,0,0.0
2026-01-28,Clinica Vantia,Organic Search,Organic Search,0.0,291,5,0,0.0
2026-01-29,Clinica Vantia,Organic Search,Organic Search,0.0,246,7,0,0.0
2026-01-30,Clinica Vantia,Organic Search,Organic Search,0.0,328,21,0,0.0
2026-01-31,Clinica Vantia,Organic Search,Organic Search,0.0,294,5,0,0.0
2026-02-01,Clinica Vantia,Organic Search,Organic Search,0.0,338,7,0,0.0
2026-02-02,Clinica Vantia,Organic Search,Organic Search,0.0,286,13,0,0.0
2026-02-03,Clinica Vantia,Organic Search,Organic Search,0.0,358,13,0,0.0
2026-02-04,Clinica Vantia,Organic Search,Organic Search,0.0,270,14,0,0.0
2026-02-05,Clinica Vantia,Organic Search,Organic Search,0.0,308,8,2,1305.14
2026-02-06,Clinica Vantia,Organic Search,Organic Search,0.0,309,10,0,0.0
2026-02-07,Clinica Vantia,Organic Search,Organic Search,0.0,332,11,1,726.04
2026-02-08,Clinica Vantia,Organic Search,Organic Search,0.0,315,12,0,0.0
2026-02-09,Clinica Vantia,Organic Search,Organic Search,0.0,335,8,0,0.0
2026-02-10,Clinica Vantia,Organic Search,Organic Search,0.0,297,12,0,0.0
2026-02-11,Clinica Vantia,Organic Search,Organic Search,0.0,300,2,0,0.0
2026-02-12,Clinica Vantia,Organic Search,Organic Search,0.0,290,7,1,769.91
2026-02-13,Clinica Vantia,Organic Search,Organic Search,0.0,258,4,0,0.0
2026-02-14,Clinica Vantia,Organic Search,Organic Search,0.0,277,12,1,1191.45
2026-02-15,Clinica Vantia,Organic Search,Organic Search,0.0,326,20,2,1633.61
2026-02-16,Clinica Vantia,Organic Search,Organic Search,0.0,326,10,0,0.0
2026-02-17,Clinica Vantia,Organic Search,Organic Search,0.0,215,5,0,0.0
2026-02-18,Clinica Vantia,Organic Search,Organic Search,0.0,330,11,0,0.0
2026-02-19,Clinica Vantia,Organic Search,Organic Search,0.0,381,22,0,0.0
2026-02-20,Clinica Vantia,Organic Search,Organic Search,0.0,275,11,0,0.0
2026-02-21,Clinica Vantia,Organic Search,Organic Search,0.0,318,8,0,0.0
2026-02-22,Clinica Vantia,Organic Search,Organic Search,0.0,316,15,0,0.0
2026-02-23,Clinica Vantia,Organic Search,Organic Search,0.0,322,12,0,0.0
2026-02-24,Clinica Vantia,Organic Search,Organic Search,0.0,345,6,0,0.0
2026-02-25,Clinica Vantia,Organic Search,Organic Search,0.0,275,8,0,0.0
2026-02-26,Clinica Vantia,Organic Search,Organic Search,0.0,290,3,1,1240.85
2026-02-27,Clinica Vantia,Organic Search,Organic Search,0.0,282,16,0,0.0
2026-02-28,Clinica Vantia,Organic Search,Organic Search,0.0,320,16,0,0.0
2026-03-01,Clinica Vantia,Organic Search,Organic Search,0.0,234,8,0,0.0
2026-03-02,Clinica Vantia,Organic Search,Organic Search,0.0,291,10,0,0.0
2026-03-03,Clinica Vantia,Organic Search,Organic Search,0.0,304,7,0,0.0
2026-03-04,Clinica Vantia,Organic Search,Organic Search,0.0,323,9,0,0.0
2026-03-05,Clinica Vantia,Organic Search,Organic Search,0.0,285,5,0,0.0
2026-03-06,Clinica Vantia,Organic Search,Organic Search,0.0,330,10,0,0.0
2026-03-07,Clinica Vantia,Organic Search,Organic Search,0.0,351,16,1,930.66
2026-03-08,Clinica Vantia,Organic Search,Organic Search,0.0,353,12,1,933.71
2026-03-09,Clinica Vantia,Organic Search,Organic Search,0.0,320,14,0,0.0
2026-03-10,Clinica Vantia,Organic Search,Organic Search,0.0,304,13,1,847.33
2026-03-11,Clinica Vantia,Organic Search,Organic Search,0.0,287,15,1,1078.98
2026-03-12,Clinica Vantia,Organic Search,Organic Search,0.0,337,10,0,0.0
2026-03-13,Clinica Vantia,Organic Search,Organic Search,0.0,246,4,0,0.0
2026-03-14,Clinica Vantia,Organic Search,Organic Search,0.0,378,15,1,850.71
2026-03-15,Clinica Vantia,Organic Search,Organic Search,0.0,307,14,1,859.13
2026-03-16,Clinica Vantia,Organic Search,Organic Search,0.0,277,14,1,618.65
2026-03-17,Clinica Vantia,Organic Search,Organic Search,0.0,278,4,0,0.0
2026-03-18,Clinica Vantia,Organic Search,Organic Search,0.0,363,13,1,676.62
2026-03-19,Clinica Vantia,Organic Search,Organic Search,0.0,338,8,0,0.0
2026-03-20,Clinica Vantia,Organic Search,Organic Search,0.0,279,7,1,814.36
2026-03-21,Clinica Vantia,Organic Search,Organic Search,0.0,271,7,0,0.0
2026-03-22,Clinica Vantia,Organic Search,Organic Search,0.0,277,4,0,0.0
2026-03-23,Clinica Vantia,Organic Search,Organic Search,0.0,340,9,1,1035.66
2026-03-24,Clinica Vantia,Organic Search,Organic Search,0.0,313,5,0,0.0
2026-03-25,Clinica Vantia,Organic Search,Organic Search,0.0,304,9,2,2393.93
2026-03-26,Clinica Vantia,Organic Search,Organic Search,0.0,369,13,2,1314.3
2026-03-27,Clinica Vantia,Organic Search,Organic Search,0.0,292,9,0,0.0
2026-03-28,Clinica Vantia,Organic Search,Organic Search,0.0,262,9,2,2349.49
2026-03-29,Clinica Vantia,Organic Search,Organic Search,0.0,308,6,0,0.0
2026-03-30,Clinica Vantia,Organic Search,Organic Search,0.0,374,18,0,0.0
2026-03-31,Clinica Vantia,Organic Search,Organic Search,0.0,320,14,0,0.0
2026-04-01,Clinica Vantia,Organic Search,Organic Search,0.0,311,15,1,1300.87
2026-04-02,Clinica Vantia,Organic Search,Organic Search,0.0,357,10,1,988.28
2026-04-03,Clinica Vantia,Organic Search,Organic Search,0.0,286,10,0,0.0
2026-04-04,Clinica Vantia,Organic Search,Organic Search,0.0,284,8,0,0.0
2026-04-05,Clinica Vantia,Organic Search,Organic Search,0.0,347,10,0,0.0
2026-04-06,Clinica Vantia,Organic Search,Organic Search,0.0,286,9,1,998.38
2026-04-07,Clinica Vantia,Organic Search,Organic Search,0.0,328,8,0,0.0
2026-04-08,Clinica Vantia,Organic Search,Organic Search,0.0,300,10,0,0.0
2026-04-09,Clinica Vantia,Organic Search,Organic Search,0.0,233,9,0,0.0
2026-04-10,Clinica Vantia,Organic Search,Organic Search,0.0,349,14,0,0.0
2026-04-11,Clinica Vantia,Organic Search,Organic Search,0.0,284,7,0,0.0
2026-04-12,Clinica Vantia,Organic Search,Organic Search,0.0,311,9,1,820.56
2026-04-13,Clinica Vantia,Organic Search,Organic Search,0.0,304,2,0,0.0
2026-04-14,Clinica Vantia,Organic Search,Organic Search,0.0,267,12,0,0.0
2026-04-15,Clinica Vantia,Organic Search,Organic Search,0.0,313,10,0,0.0
2026-04-16,Clinica Vantia,Organic Search,Organic Search,0.0,386,7,0,0.0
2026-04-17,Clinica Vantia,Organic Search,Organic Search,0.0,290,10,1,
2026-04-18,Clinica Vantia,Organic Search,Organic Search,0.0,294,12,0,0.0
2026-04-19,Clinica Vantia,Organic Search,Organic Search,0.0,382,13,1,847.64
2026-04-20,Clinica Vantia,Organic Search,Organic Search,0.0,331,9,0,0.0
2026-04-21,Clinica Vantia,Organic Search,Organic Search,0.0,300,14,0,0.0
2026-04-22,Clinica Vantia,Organic Search,Organic Search,0.0,294,4,0,0.0
2026-04-23,Clinica Vantia,Organic Search,Organic Search,0.0,340,12,0,0.0
2026-04-24,Clinica Vantia,Organic Search,Organic Search,0.0,383,12,0,0.0
2026-04-25,Clinica Vantia,Organic Search,Organic Search,0.0,324,13,1,836.26
2026-04-26,Clinica Vantia,Organic Search,Organic Search,0.0,327,7,0,0.0
2026-04-27,Clinica Vantia,Organic Search,Organic Search,0.0,361,6,0,0.0
2026-04-28,Clinica Vantia,Organic Search,Organic Search,0.0,307,10,2,1911.23
2026-04-29,Clinica Vantia,Organic Search,Organic Search,0.0,294,18,1,804.82
2026-04-30,Clinica Vantia,Organic Search,Organic Search,0.0,334,11,0,0.0
2026-05-01,Clinica Vantia,Organic Search,Organic Search,0.0,332,11,0,0.0
2026-05-02,Clinica Vantia,Organic Search,Organic Search,0.0,331,14,0,0.0
2026-05-03,Clinica Vantia,Organic Search,Organic Search,0.0,382,18,1,417.93
2026-05-04,Clinica Vantia,Organic Search,Organic Search,0.0,341,9,1,1222.19
2026-05-05,Clinica Vantia,Organic Search,Organic Search,0.0,315,20,1,656.35
2026-05-06,Clinica Vantia,Organic Search,Organic Search,0.0,356,17,1,558.07
2026-05-07,Clinica Vantia,Organic Search,Organic Search,0.0,330,10,0,0.0
2026-05-08,Clinica Vantia,Organic Search,Organic Search,0.0,311,11,1,704.68
2026-05-09,Clinica Vantia,Organic Search,Organic Search,0.0,351,11,0,0.0
2026-05-10,Clinica Vantia,Organic Search,Organic Search,0.0,362,9,0,0.0
2026-05-11,Clinica Vantia,Organic Search,Organic Search,0.0,285,13,0,0.0
2026-05-12,Clinica Vantia,Organic Search,Organic Search,0.0,305,8,0,0.0
2026-05-13,Clinica Vantia,Organic Search,Organic Search,0.0,363,4,0,0.0
2026-05-14,Clinica Vantia,Organic Search,Organic Search,0.0,352,12,0,0.0
2026-05-15,Clinica Vantia,Organic Search,Organic Search,0.0,308,12,0,0.0
2026-05-16,Clinica Vantia,Organic Search,Organic Search,0.0,390,10,0,0.0
2026-05-17,Clinica Vantia,Organic Search,Organic Search,0.0,301,14,1,768.08
2026-05-18,Clinica Vantia,Organic Search,Organic Search,0.0,275,8,0,0.0
2026-05-19,Clinica Vantia,Organic Search,Organic Search,0.0,264,8,2,1807.61
2026-05-20,Clinica Vantia,Organic Search,Organic Search,0.0,369,12,0,0.0
2026-05-21,Clinica Vantia,Organic Search,Organic Search,0.0,312,11,0,0.0
2026-05-22,Clinica Vantia,Organic Search,Organic Search,0.0,348,21,0,0.0
2026-05-23,Clinica Vantia,Organic Search,Organic Search,0.0,316,11,0,0.0
2026-05-24,Clinica Vantia,Organic Search,Organic Search,0.0,395,10,0,0.0
2026-05-25,Clinica Vantia,Organic Search,Organic Search,0.0,251,13,1,
2026-05-26,Clinica Vantia,Organic Search,Organic Search,0.0,374,7,0,0.0
2026-05-27,Clinica Vantia,Organic Search,Organic Search,0.0,334,8,0,0.0
2026-05-28,Clinica Vantia,Organic Search,Organic Search,0.0,319,7,0,0.0
2026-05-29,Clinica Vantia,Organic Search,Organic Search,0.0,373,12,0,0.0
2026-05-30,Clinica Vantia,Organic Search,Organic Search,0.0,300,9,0,0.0
2026-05-31,Clinica Vantia,Organic Search,Organic Search,0.0,350,7,0,0.0
2026-06-01,Clinica Vantia,Organic Search,Organic Search,0.0,285,10,0,0.0
2026-06-02,Clinica Vantia,Organic Search,Organic Search,0.0,330,14,0,0.0
2026-06-03,Clinica Vantia,Organic Search,Organic Search,0.0,369,11,1,978.47
2026-06-04,Clinica Vantia,Organic Search,Organic Search,0.0,331,13,0,0.0
2026-06-05,Clinica Vantia,Organic Search,Organic Search,0.0,303,6,1,642.72
2026-06-06,Clinica Vantia,Organic Search,Organic Search,0.0,344,11,2,957.91
2026-06-07,Clinica Vantia,Organic Search,Organic Search,0.0,301,19,1,718.36
2026-06-08,Clinica Vantia,Organic Search,Organic Search,0.0,329,11,0,0.0
2026-06-09,Clinica Vantia,Organic Search,Organic Search,0.0,326,12,2,1598.29
2026-06-10,Clinica Vantia,Organic Search,Organic Search,0.0,354,14,0,0.0
2026-06-11,Clinica Vantia,Organic Search,Organic Search,0.0,363,9,0,0.0
2026-06-12,Clinica Vantia,Organic Search,Organic Search,0.0,274,9,0,0.0
2026-06-13,Clinica Vantia,Organic Search,Organic Search,0.0,335,13,0,0.0
2026-06-14,Clinica Vantia,Organic Search,Organic Search,0.0,360,15,1,554.25
2026-06-15,Clinica Vantia,Organic Search,Organic Search,0.0,308,12,0,0.0
2026-06-16,Clinica Vantia,Organic Search,Organic Search,0.0,363,7,0,0.0
2026-06-17,Clinica Vantia,Organic Search,Organic Search,0.0,407,12,0,0.0
2026-06-18,Clinica Vantia,Organic Search,Organic Search,0.0,301,14,1,589.13
2026-06-19,Clinica Vantia,Organic Search,Organic Search,0.0,321,10,1,806.61
2026-06-20,Clinica Vantia,Organic Search,Organic Search,0.0,311,16,2,1180.69
2026-06-21,Clinica Vantia,Organic Search,Organic Search,0.0,309,11,2,1654.41
2026-06-22,Clinica Vantia,Organic Search,Organic Search,0.0,334,15,1,866.47
2026-06-23,Clinica Vantia,Organic Search,Organic Search,0.0,382,10,0,0.0
2026-06-24,Clinica Vantia,Organic Search,Organic Search,0.0,276,8,0,0.0
2026-06-25,Clinica Vantia,Organic Search,Organic Search,0.0,329,9,2,1253.28
2026-06-26,Clinica Vantia,Organic Search,Organic Search,0.0,316,9,0,0.0
2026-06-27,Clinica Vantia,Organic Search,Organic Search,0.0,281,6,1,1190.93
2026-06-28,Clinica Vantia,Organic Search,Organic Search,0.0,355,7,0,0.0
2026-06-29,Clinica Vantia,Organic Search,Organic Search,0.0,320,12,0,0.0
2026-06-30,Clinica Vantia,Organic Search,Organic Search,0.0,323,8,0,0.0
2026-07-01,Clinica Vantia,Organic Search,Organic Search,0.0,390,13,0,0.0
2026-07-02,Clinica Vantia,Organic Search,Organic Search,0.0,382,10,0,0.0
2026-07-03,Clinica Vantia,Organic Search,Organic Search,0.0,296,11,1,823.78
2026-07-04,Clinica Vantia,Organic Search,Organic Search,0.0,288,10,1,1026.19
2026-07-05,Clinica Vantia,Organic Search,Organic Search,0.0,325,9,0,0.0
2026-07-06,Clinica Vantia,Organic Search,Organic Search,0.0,315,6,0,0.0
2026-07-07,Clinica Vantia,Organic Search,Organic Search,0.0,373,10,0,0.0
2026-07-08,Clinica Vantia,Organic Search,Organic Search,0.0,341,5,0,0.0
2026-07-09,Clinica Vantia,Organic Search,Organic Search,0.0,329,14,0,0.0
2026-07-10,Clinica Vantia,Organic Search,Organic Search,0.0,354,10,1,1095.2
2026-07-11,Clinica Vantia,Organic Search,Organic Search,0.0,393,9,0,0.0
2026-07-12,Clinica Vantia,Organic Search,Organic Search,0.0,385,10,1,1076.31
2026-07-13,Clinica Vantia,Organic Search,Organic Search,0.0,398,11,1,1131.91
2026-07-14,Clinica Vantia,Organic Search,Organic Search,0.0,374,13,0,0.0
2026-07-15,Clinica Vantia,Organic Search,Organic Search,0.0,333,6,1,903.89
2026-07-16,Clinica Vantia,Organic Search,Organic Search,0.0,304,13,0,0.0
2026-07-17,Clinica Vantia,Organic Search,Organic Search,0.0,351,16,1,603.91
2026-07-18,Clinica Vantia,Organic Search,Organic Search,0.0,395,8,1,930.1
2026-07-19,Clinica Vantia,Organic Search,Organic Search,0.0,325,12,1,927.33
2026-07-20,Clinica Vantia,Organic Search,Organic Search,0.0,365,18,0,0.0
2026-07-21,Clinica Vantia,Organic Search,Organic Search,0.0,308,7,0,0.0
2026-07-22,Clinica Vantia,Organic Search,Organic Search,0.0,327,10,0,0.0
2026-07-23,Clinica Vantia,Organic Search,Organic Search,0.0,395,12,1,1111.11
2026-07-24,Clinica Vantia,Organic Search,Organic Search,0.0,337,4,0,0.0
2026-07-25,Clinica Vantia,Organic Search,Organic Search,0.0,297,14,0,0.0
2026-07-26,Clinica Vantia,Organic Search,Organic Search,0.0,325,5,0,0.0
2026-07-27,Clinica Vantia,Organic Search,Organic Search,0.0,361,9,1,871.89
2026-07-28,Clinica Vantia,Organic Search,Organic Search,0.0,338,13,1,707.04
2026-07-29,Clinica Vantia,Organic Search,Organic Search,0.0,311,5,1,1301.76
2026-07-30,Clinica Vantia,Organic Search,Organic Search,0.0,317,4,0,0.0
2026-07-31,Clinica Vantia,Organic Search,Organic Search,0.0,335,8,1,816.89
2025-02-01,Nordfit Equipment,Organic Search,Organic Search,0.0,1405,45,2,176.9
2025-02-02,Nordfit Equipment,Organic Search,Organic Search,0.0,1466,59,4,332.28
2025-02-03,Nordfit Equipment,Organic Search,Organic Search,0.0,1580,41,1,46.84
2025-02-04,Nordfit Equipment,Organic Search,Organic Search,0.0,1753,60,2,117.77
2025-02-05,Nordfit Equipment,Organic Search,Organic Search,0.0,1513,39,1,101.98
2025-02-06,Nordfit Equipment,Organic Search,Organic Search,0.0,1264,46,1,48.7
2025-02-07,Nordfit Equipment,Organic Search,Organic Search,0.0,1323,53,1,88.91
2025-02-08,Nordfit Equipment,Organic Search,Organic Search,0.0,1288,49,3,231.25
2025-02-09,Nordfit Equipment,Organic Search,Organic Search,0.0,1146,31,1,68.22
2025-02-10,Nordfit Equipment,Organic Search,Organic Search,0.0,1212,28,2,112.35
2025-02-11,Nordfit Equipment,Organic Search,Organic Search,0.0,1325,22,0,0.0
2025-02-12,Nordfit Equipment,Organic Search,Organic Search,0.0,1266,32,0,0.0
2025-02-13,Nordfit Equipment,Organic Search,Organic Search,0.0,1654,44,3,
2025-02-14,Nordfit Equipment,Organic Search,Organic Search,0.0,1473,49,1,74.85
2025-02-15,Nordfit Equipment,Organic Search,Organic Search,0.0,1154,30,0,0.0
2025-02-16,Nordfit Equipment,Organic Search,Organic Search,0.0,1640,62,2,112.97
2025-02-17,Nordfit Equipment,Organic Search,Organic Search,0.0,1459,42,1,59.45
2025-02-18,Nordfit Equipment,Organic Search,Organic Search,0.0,1491,67,3,195.91
2025-02-19,Nordfit Equipment,Organic Search,Organic Search,0.0,1217,33,1,60.28
2025-02-20,Nordfit Equipment,Organic Search,Organic Search,0.0,1423,34,1,64.01
2025-02-21,Nordfit Equipment,Organic Search,Organic Search,0.0,1275,32,0,0.0
2025-02-22,Nordfit Equipment,Organic Search,Organic Search,0.0,1608,48,0,0.0
2025-02-23,Nordfit Equipment,Organic Search,Organic Search,0.0,1654,76,0,0.0
2025-02-24,Nordfit Equipment,Organic Search,Organic Search,0.0,1563,36,3,274.89
2025-02-25,Nordfit Equipment,Organic Search,Organic Search,0.0,1375,36,2,172.12
2025-02-26,Nordfit Equipment,Organic Search,Organic Search,0.0,1528,29,2,150.79
2025-02-27,Nordfit Equipment,Organic Search,Organic Search,0.0,1421,34,1,88.1
2025-02-28,Nordfit Equipment,Organic Search,Organic Search,0.0,1509,31,0,0.0
2025-03-01,Nordfit Equipment,Organic Search,Organic Search,0.0,1409,56,2,127.98
2025-03-02,Nordfit Equipment,Organic Search,Organic Search,0.0,1562,53,2,162.01
2025-03-03,Nordfit Equipment,Organic Search,Organic Search,0.0,1325,47,2,151.76
2025-03-04,Nordfit Equipment,Organic Search,Organic Search,0.0,1595,55,5,310.96
2025-03-05,Nordfit Equipment,Organic Search,Organic Search,0.0,1498,43,0,0.0
2025-03-06,Nordfit Equipment,Organic Search,Organic Search,0.0,1677,56,3,225.04
2025-03-07,Nordfit Equipment,Organic Search,Organic Search,0.0,1540,31,3,193.87
2025-03-08,Nordfit Equipment,Organic Search,Organic Search,0.0,1500,28,2,59.52
2025-03-09,Nordfit Equipment,Organic Search,Organic Search,0.0,1459,32,0,0.0
2025-03-10,Nordfit Equipment,Organic Search,Organic Search,0.0,1603,66,1,67.38
2025-03-11,Nordfit Equipment,Organic Search,Organic Search,0.0,1573,52,3,235.52
2025-03-12,Nordfit Equipment,Organic Search,Organic Search,0.0,1539,51,1,60.0
2025-03-13,Nordfit Equipment,Organic Search,Organic Search,0.0,1450,25,0,0.0
2025-03-14,Nordfit Equipment,Organic Search,Organic Search,0.0,1334,46,2,101.56
2025-03-15,Nordfit Equipment,Organic Search,Organic Search,0.0,1457,57,2,
2025-03-16,Nordfit Equipment,Organic Search,Organic Search,0.0,1648,61,1,103.78
2025-03-17,Nordfit Equipment,Organic Search,Organic Search,0.0,1388,35,2,145.6
2025-03-18,Nordfit Equipment,Organic Search,Organic Search,0.0,1485,54,1,95.77
2025-03-19,Nordfit Equipment,Organic Search,Organic Search,0.0,1353,31,0,0.0
2025-03-20,Nordfit Equipment,Organic Search,Organic Search,0.0,1453,69,1,73.6
2025-03-21,Nordfit Equipment,Organic Search,Organic Search,0.0,1429,28,1,36.3
2025-03-22,Nordfit Equipment,Organic Search,Organic Search,0.0,1634,69,2,110.57
2025-03-23,Nordfit Equipment,Organic Search,Organic Search,0.0,1716,47,2,112.77
2025-03-24,Nordfit Equipment,Organic Search,Organic Search,0.0,1362,37,1,98.71
2025-03-25,Nordfit Equipment,Organic Search,Organic Search,0.0,1637,62,2,137.01
2025-03-26,Nordfit Equipment,Organic Search,Organic Search,0.0,1298,40,2,155.12
2025-03-27,Nordfit Equipment,Organic Search,Organic Search,0.0,1492,51,4,281.88
2025-03-28,Nordfit Equipment,Organic Search,Organic Search,0.0,1585,42,2,235.58
2025-03-29,Nordfit Equipment,Organic Search,Organic Search,0.0,1326,35,3,217.19
2025-03-30,Nordfit Equipment,Organic Search,Organic Search,0.0,1237,21,0,0.0
2025-03-31,Nordfit Equipment,Organic Search,Organic Search,0.0,1483,69,1,59.53
2025-04-01,Nordfit Equipment,Organic Search,Organic Search,0.0,1580,52,3,150.87
2025-04-02,Nordfit Equipment,Organic Search,Organic Search,0.0,1484,66,1,105.06
2025-04-03,Nordfit Equipment,Organic Search,Organic Search,0.0,1431,59,3,180.97
2025-04-04,Nordfit Equipment,Organic Search,Organic Search,0.0,1203,51,2,96.05
2025-04-05,Nordfit Equipment,Organic Search,Organic Search,0.0,1373,48,1,68.66
2025-04-06,Nordfit Equipment,Organic Search,Organic Search,0.0,1468,36,1,78.31
2025-04-07,Nordfit Equipment,Organic Search,Organic Search,0.0,1299,47,2,128.56
2025-04-08,Nordfit Equipment,Organic Search,Organic Search,0.0,1290,27,1,60.79
2025-04-09,Nordfit Equipment,Organic Search,Organic Search,0.0,1411,49,0,0.0
2025-04-10,Nordfit Equipment,Organic Search,Organic Search,0.0,1334,25,0,0.0
2025-04-11,Nordfit Equipment,Organic Search,Organic Search,0.0,1406,62,0,0.0
2025-04-12,Nordfit Equipment,Organic Search,Organic Search,0.0,1226,34,3,311.75
2025-04-13,Nordfit Equipment,Organic Search,Organic Search,0.0,1563,49,1,62.85
2025-04-14,Nordfit Equipment,Organic Search,Organic Search,0.0,1816,81,2,129.88
2025-04-15,Nordfit Equipment,Organic Search,Organic Search,0.0,1417,52,1,99.78
2025-04-16,Nordfit Equipment,Organic Search,Organic Search,0.0,1297,53,0,0.0
2025-04-17,Nordfit Equipment,Organic Search,Organic Search,0.0,2156,96,1,52.95
2025-04-18,Nordfit Equipment,Organic Search,Organic Search,0.0,1506,77,3,192.05
2025-04-19,Nordfit Equipment,Organic Search,Organic Search,0.0,1572,50,1,61.27
2025-04-20,Nordfit Equipment,Organic Search,Organic Search,0.0,1342,59,1,61.38
2025-04-21,Nordfit Equipment,Organic Search,Organic Search,0.0,1473,27,1,52.86
2025-04-22,Nordfit Equipment,Organic Search,Organic Search,0.0,1501,40,3,212.12
2025-04-23,Nordfit Equipment,Organic Search,Organic Search,0.0,1579,37,0,0.0
2025-04-24,Nordfit Equipment,Organic Search,Organic Search,0.0,1531,44,0,0.0
2025-04-25,Nordfit Equipment,Organic Search,Organic Search,0.0,1511,84,3,223.38
2025-04-26,Nordfit Equipment,Organic Search,Organic Search,0.0,1283,61,1,69.71
2025-04-27,Nordfit Equipment,Organic Search,Organic Search,0.0,1584,41,2,124.56
2025-04-28,Nordfit Equipment,Organic Search,Organic Search,0.0,1301,41,0,0.0
2025-04-29,Nordfit Equipment,Organic Search,Organic Search,0.0,1571,69,0,0.0
2025-04-30,Nordfit Equipment,Organic Search,Organic Search,0.0,1509,56,1,52.02
2025-05-01,Nordfit Equipment,Organic Search,Organic Search,0.0,1647,45,2,88.57
2025-05-02,Nordfit Equipment,Organic Search,Organic Search,0.0,1474,38,0,0.0
2025-05-03,Nordfit Equipment,Organic Search,Organic Search,0.0,1544,62,3,224.97
2025-05-04,Nordfit Equipment,Organic Search,Organic Search,0.0,1649,48,4,365.01
2025-05-05,Nordfit Equipment,Organic Search,Organic Search,0.0,1501,45,0,0.0
2025-05-06,Nordfit Equipment,Organic Search,Organic Search,0.0,1347,56,3,210.2
2025-05-07,Nordfit Equipment,Organic Search,Organic Search,0.0,1266,40,3,237.91
2025-05-08,Nordfit Equipment,Organic Search,Organic Search,0.0,1358,62,3,
2025-05-09,Nordfit Equipment,Organic Search,Organic Search,0.0,1751,49,2,164.51
2025-05-10,Nordfit Equipment,Organic Search,Organic Search,0.0,1679,48,5,426.49
2025-05-11,Nordfit Equipment,Organic Search,Organic Search,0.0,1541,57,1,102.82
2025-05-12,Nordfit Equipment,Organic Search,Organic Search,0.0,1514,28,1,57.65
2025-05-13,Nordfit Equipment,Organic Search,Organic Search,0.0,1399,41,1,59.8
2025-05-14,Nordfit Equipment,Organic Search,Organic Search,0.0,1598,42,1,62.88
2025-05-15,Nordfit Equipment,Organic Search,Organic Search,0.0,1811,36,1,104.46
2025-05-16,Nordfit Equipment,Organic Search,Organic Search,0.0,1637,62,4,320.99
2025-05-17,Nordfit Equipment,Organic Search,Organic Search,0.0,1369,53,3,199.79
2025-05-18,Nordfit Equipment,Organic Search,Organic Search,0.0,1602,43,0,0.0
2025-05-19,Nordfit Equipment,Organic Search,Organic Search,0.0,1375,41,0,0.0
2025-05-20,Nordfit Equipment,Organic Search,Organic Search,0.0,1434,35,3,387.61
2025-05-21,Nordfit Equipment,Organic Search,Organic Search,0.0,1391,64,1,107.99
2025-05-22,Nordfit Equipment,Organic Search,Organic Search,0.0,1649,36,0,0.0
2025-05-23,Nordfit Equipment,Organic Search,Organic Search,0.0,1536,57,0,0.0
2025-05-24,Nordfit Equipment,Organic Search,Organic Search,0.0,1406,21,3,168.44
2025-05-25,Nordfit Equipment,Organic Search,Organic Search,0.0,1723,48,1,62.1
2025-05-26,Nordfit Equipment,Organic Search,Organic Search,0.0,1424,44,1,91.62
2025-05-27,Nordfit Equipment,Organic Search,Organic Search,0.0,1404,25,2,170.18
2025-05-28,Nordfit Equipment,Organic Search,Organic Search,0.0,1750,67,3,324.2
2025-05-29,Nordfit Equipment,Organic Search,Organic Search,0.0,1473,55,3,233.11
2025-05-30,Nordfit Equipment,Organic Search,Organic Search,0.0,1476,31,2,124.41
2025-05-31,Nordfit Equipment,Organic Search,Organic Search,0.0,1507,33,0,0.0
2025-06-01,Nordfit Equipment,Organic Search,Organic Search,0.0,1439,43,1,51.88
2025-06-02,Nordfit Equipment,Organic Search,Organic Search,0.0,1614,41,4,254.59
2025-06-03,Nordfit Equipment,Organic Search,Organic Search,0.0,1523,71,1,128.94
2025-06-04,Nordfit Equipment,Organic Search,Organic Search,0.0,1605,50,2,
2025-06-05,Nordfit Equipment,Organic Search,Organic Search,0.0,1421,43,3,274.61
2025-06-06,Nordfit Equipment,Organic Search,Organic Search,0.0,1653,61,1,74.06
2025-06-07,Nordfit Equipment,Organic Search,Organic Search,0.0,1859,53,2,128.05
2025-06-08,Nordfit Equipment,Organic Search,Organic Search,0.0,1558,52,4,353.76
2025-06-09,Nordfit Equipment,Organic Search,Organic Search,0.0,1487,68,0,0.0
2025-06-10,Nordfit Equipment,Organic Search,Organic Search,0.0,1650,70,2,93.78
2025-06-11,Nordfit Equipment,Organic Search,Organic Search,0.0,1629,39,2,132.25
2025-06-12,Nordfit Equipment,Organic Search,Organic Search,0.0,1586,44,0,0.0
2025-06-13,Nordfit Equipment,Organic Search,Organic Search,0.0,1687,39,1,69.76
2025-06-14,Nordfit Equipment,Organic Search,Organic Search,0.0,1419,42,1,50.03
2025-06-15,Nordfit Equipment,Organic Search,Organic Search,0.0,1659,48,3,178.58
2025-06-16,Nordfit Equipment,Organic Search,Organic Search,0.0,1475,36,1,67.58
2025-06-17,Nordfit Equipment,Organic Search,Organic Search,0.0,1328,36,0,0.0
2025-06-18,Nordfit Equipment,Organic Search,Organic Search,0.0,1337,55,4,327.91
2025-06-19,Nordfit Equipment,Organic Search,Organic Search,0.0,1384,52,1,74.08
2025-06-20,Nordfit Equipment,Organic Search,Organic Search,0.0,1861,48,0,0.0
2025-06-21,Nordfit Equipment,Organic Search,Organic Search,0.0,1325,39,0,0.0
2025-06-22,Nordfit Equipment,Organic Search,Organic Search,0.0,1719,59,2,126.67
2025-06-23,Nordfit Equipment,Organic Search,Organic Search,0.0,1484,58,1,81.68
2025-06-24,Nordfit Equipment,Organic Search,Organic Search,0.0,1574,57,3,146.67
2025-06-25,Nordfit Equipment,Organic Search,Organic Search,0.0,1715,66,0,0.0
2025-06-26,Nordfit Equipment,Organic Search,Organic Search,0.0,1204,40,0,0.0
2025-06-27,Nordfit Equipment,Organic Search,Organic Search,0.0,1668,69,1,51.77
2025-06-28,Nordfit Equipment,Organic Search,Organic Search,0.0,1530,56,0,0.0
2025-06-29,Nordfit Equipment,Organic Search,Organic Search,0.0,1723,35,0,0.0
2025-06-30,Nordfit Equipment,Organic Search,Organic Search,0.0,1296,64,1,50.2
2025-07-01,Nordfit Equipment,Organic Search,Organic Search,0.0,1446,63,2,229.07
2025-07-02,Nordfit Equipment,Organic Search,Organic Search,0.0,1597,54,2,114.97
2025-07-03,Nordfit Equipment,Organic Search,Organic Search,0.0,1563,60,5,202.38
2025-07-04,Nordfit Equipment,Organic Search,Organic Search,0.0,1471,68,2,117.02
2025-07-05,Nordfit Equipment,Organic Search,Organic Search,0.0,1592,68,6,270.21
2025-07-06,Nordfit Equipment,Organic Search,Organic Search,0.0,1451,34,1,57.0
2025-07-07,Nordfit Equipment,Organic Search,Organic Search,0.0,1235,28,0,0.0
2025-07-08,Nordfit Equipment,Organic Search,Organic Search,0.0,1747,54,1,57.53
2025-07-09,Nordfit Equipment,Organic Search,Organic Search,0.0,1598,81,2,117.03
2025-07-10,Nordfit Equipment,Organic Search,Organic Search,0.0,1521,67,2,121.31
2025-07-11,Nordfit Equipment,Organic Search,Organic Search,0.0,1461,40,1,98.61
2025-07-12,Nordfit Equipment,Organic Search,Organic Search,0.0,1402,62,3,397.42
2025-07-13,Nordfit Equipment,Organic Search,Organic Search,0.0,1429,47,0,0.0
2025-07-14,Nordfit Equipment,Organic Search,Organic Search,0.0,1428,35,2,149.97
2025-07-15,Nordfit Equipment,Organic Search,Organic Search,0.0,1739,80,2,
2025-07-16,Nordfit Equipment,Organic Search,Organic Search,0.0,1583,48,2,66.38
2025-07-17,Nordfit Equipment,Organic Search,Organic Search,0.0,1513,41,2,119.72
2025-07-18,Nordfit Equipment,Organic Search,Organic Search,0.0,1736,44,1,76.27
2025-07-19,Nordfit Equipment,Organic Search,Organic Search,0.0,1787,47,3,163.17
2025-07-20,Nordfit Equipment,Organic Search,Organic Search,0.0,1534,65,0,0.0
2025-07-21,Nordfit Equipment,Organic Search,Organic Search,0.0,1555,40,1,88.66
2025-07-22,Nordfit Equipment,Organic Search,Organic Search,0.0,1665,77,3,294.38
2025-07-23,Nordfit Equipment,Organic Search,Organic Search,0.0,1375,55,4,260.89
2025-07-24,Nordfit Equipment,Organic Search,Organic Search,0.0,1987,62,2,167.48
2025-07-25,Nordfit Equipment,Organic Search,Organic Search,0.0,1411,32,2,173.31
2025-07-26,Nordfit Equipment,Organic Search,Organic Search,0.0,1395,37,1,107.98
2025-07-27,Nordfit Equipment,Organic Search,Organic Search,0.0,1411,50,1,63.23
2025-07-28,Nordfit Equipment,Organic Search,Organic Search,0.0,1483,41,0,0.0
2025-07-29,Nordfit Equipment,Organic Search,Organic Search,0.0,1634,54,2,86.87
2025-07-30,Nordfit Equipment,Organic Search,Organic Search,0.0,1907,49,2,197.9
2025-07-31,Nordfit Equipment,Organic Search,Organic Search,0.0,1731,43,0,0.0
2025-08-01,Nordfit Equipment,Organic Search,Organic Search,0.0,1273,39,3,256.21
2025-08-02,Nordfit Equipment,Organic Search,Organic Search,0.0,1389,21,0,0.0
2025-08-03,Nordfit Equipment,Organic Search,Organic Search,0.0,1555,31,3,157.44
2025-08-04,Nordfit Equipment,Organic Search,Organic Search,0.0,1471,53,1,60.14
2025-08-05,Nordfit Equipment,Organic Search,Organic Search,0.0,1689,40,2,91.56
2025-08-06,Nordfit Equipment,Organic Search,Organic Search,0.0,1620,67,0,0.0
2025-08-07,Nordfit Equipment,Organic Search,Organic Search,0.0,1425,56,0,0.0
2025-08-08,Nordfit Equipment,Organic Search,Organic Search,0.0,1610,53,1,47.99
2025-08-09,Nordfit Equipment,Organic Search,Organic Search,0.0,1396,60,0,0.0
2025-08-10,Nordfit Equipment,Organic Search,Organic Search,0.0,1367,55,1,86.9
2025-08-11,Nordfit Equipment,Organic Search,Organic Search,0.0,1413,70,3,209.94
2025-08-12,Nordfit Equipment,Organic Search,Organic Search,0.0,1925,94,0,0.0
2025-08-13,Nordfit Equipment,Organic Search,Organic Search,0.0,1405,30,4,183.28
2025-08-14,Nordfit Equipment,Organic Search,Organic Search,0.0,1505,61,4,236.64
2025-08-15,Nordfit Equipment,Organic Search,Organic Search,0.0,1493,67,3,301.66
2025-08-16,Nordfit Equipment,Organic Search,Organic Search,0.0,1661,75,2,77.21
2025-08-17,Nordfit Equipment,Organic Search,Organic Search,0.0,1561,62,2,170.36
2025-08-18,Nordfit Equipment,Organic Search,Organic Search,0.0,1631,36,0,0.0
2025-08-19,Nordfit Equipment,Organic Search,Organic Search,0.0,1736,39,1,75.12
2025-08-20,Nordfit Equipment,Organic Search,Organic Search,0.0,1600,61,3,223.3
2025-08-21,Nordfit Equipment,Organic Search,Organic Search,0.0,1422,63,1,57.57
2025-08-22,Nordfit Equipment,Organic Search,Organic Search,0.0,1508,67,3,242.87
2025-08-23,Nordfit Equipment,Organic Search,Organic Search,0.0,1796,54,2,148.9
2025-08-24,Nordfit Equipment,Organic Search,Organic Search,0.0,1560,58,3,182.47
2025-08-25,Nordfit Equipment,Organic Search,Organic Search,0.0,1550,45,3,328.92
2025-08-26,Nordfit Equipment,Organic Search,Organic Search,0.0,1283,71,1,92.95
2025-08-27,Nordfit Equipment,Organic Search,Organic Search,0.0,1601,56,0,0.0
2025-08-28,Nordfit Equipment,Organic Search,Organic Search,0.0,1483,47,2,299.63
2025-08-29,Nordfit Equipment,Organic Search,Organic Search,0.0,1849,47,2,153.53
2025-08-30,Nordfit Equipment,Organic Search,Organic Search,0.0,1678,65,6,374.35
2025-08-31,Nordfit Equipment,Organic Search,Organic Search,0.0,1593,44,5,320.15
2025-09-01,Nordfit Equipment,Organic Search,Organic Search,0.0,1677,67,1,91.71
2025-09-02,Nordfit Equipment,Organic Search,Organic Search,0.0,1649,63,2,245.59
2025-09-03,Nordfit Equipment,Organic Search,Organic Search,0.0,1646,77,2,181.51
2025-09-04,Nordfit Equipment,Organic Search,Organic Search,0.0,1467,50,3,258.47
2025-09-05,Nordfit Equipment,Organic Search,Organic Search,0.0,1832,52,3,170.22
2025-09-06,Nordfit Equipment,Organic Search,Organic Search,0.0,1507,63,5,264.55
2025-09-07,Nordfit Equipment,Organic Search,Organic Search,0.0,1479,44,5,
2025-09-08,Nordfit Equipment,Organic Search,Organic Search,0.0,1639,50,5,214.84
2025-09-09,Nordfit Equipment,Organic Search,Organic Search,0.0,2158,86,4,284.21
2025-09-10,Nordfit Equipment,Organic Search,Organic Search,0.0,1703,46,2,264.9
2025-09-11,Nordfit Equipment,Organic Search,Organic Search,0.0,1638,58,2,119.31
2025-09-12,Nordfit Equipment,Organic Search,Organic Search,0.0,1364,41,2,123.86
2025-09-13,Nordfit Equipment,Organic Search,Organic Search,0.0,1484,36,1,66.51
2025-09-14,Nordfit Equipment,Organic Search,Organic Search,0.0,1635,73,1,66.98
2025-09-15,Nordfit Equipment,Organic Search,Organic Search,0.0,1315,55,1,64.0
2025-09-16,Nordfit Equipment,Organic Search,Organic Search,0.0,1389,21,1,66.78
2025-09-17,Nordfit Equipment,Organic Search,Organic Search,0.0,1702,64,2,132.08
2025-09-18,Nordfit Equipment,Organic Search,Organic Search,0.0,1512,57,0,0.0
2025-09-19,Nordfit Equipment,Organic Search,Organic Search,0.0,1253,60,1,48.4
2025-09-20,Nordfit Equipment,Organic Search,Organic Search,0.0,1631,73,2,73.85
2025-09-21,Nordfit Equipment,Organic Search,Organic Search,0.0,1591,22,0,0.0
2025-09-22,Nordfit Equipment,Organic Search,Organic Search,0.0,1539,45,2,231.46
2025-09-23,Nordfit Equipment,Organic Search,Organic Search,0.0,1225,45,1,51.65
2025-09-24,Nordfit Equipment,Organic Search,Organic Search,0.0,1719,65,2,108.6
2025-09-25,Nordfit Equipment,Organic Search,Organic Search,0.0,1535,64,0,0.0
2025-09-26,Nordfit Equipment,Organic Search,Organic Search,0.0,1589,38,1,79.29
2025-09-27,Nordfit Equipment,Organic Search,Organic Search,0.0,1634,56,2,119.67
2025-09-28,Nordfit Equipment,Organic Search,Organic Search,0.0,1428,31,0,0.0
2025-09-29,Nordfit Equipment,Organic Search,Organic Search,0.0,1750,79,1,59.13
2025-09-30,Nordfit Equipment,Organic Search,Organic Search,0.0,1589,47,3,328.38
2025-10-01,Nordfit Equipment,Organic Search,Organic Search,0.0,1471,50,3,235.12
2025-10-02,Nordfit Equipment,Organic Search,Organic Search,0.0,1472,46,3,154.43
2025-10-03,Nordfit Equipment,Organic Search,Organic Search,0.0,1443,52,2,144.42
2025-10-04,Nordfit Equipment,Organic Search,Organic Search,0.0,1946,57,2,183.16
2025-10-05,Nordfit Equipment,Organic Search,Organic Search,0.0,1733,57,1,80.05
2025-10-06,Nordfit Equipment,Organic Search,Organic Search,0.0,1515,63,3,
2025-10-07,Nordfit Equipment,Organic Search,Organic Search,0.0,2107,100,4,428.65
2025-10-08,Nordfit Equipment,Organic Search,Organic Search,0.0,1685,70,0,0.0
2025-10-09,Nordfit Equipment,Organic Search,Organic Search,0.0,1539,38,1,61.75
2025-10-10,Nordfit Equipment,Organic Search,Organic Search,0.0,1305,45,0,0.0
2025-10-11,Nordfit Equipment,Organic Search,Organic Search,0.0,1793,78,0,0.0
2025-10-12,Nordfit Equipment,Organic Search,Organic Search,0.0,1419,61,2,121.14
2025-10-13,Nordfit Equipment,Organic Search,Organic Search,0.0,1963,88,3,152.25
2025-10-14,Nordfit Equipment,Organic Search,Organic Search,0.0,1784,42,1,70.97
2025-10-15,Nordfit Equipment,Organic Search,Organic Search,0.0,1401,57,2,135.36
2025-10-16,Nordfit Equipment,Organic Search,Organic Search,0.0,1483,74,2,121.09
2025-10-17,Nordfit Equipment,Organic Search,Organic Search,0.0,2306,61,2,151.23
2025-10-18,Nordfit Equipment,Organic Search,Organic Search,0.0,1647,34,2,123.84
2025-10-19,Nordfit Equipment,Organic Search,Organic Search,0.0,1813,39,4,382.23
2025-10-20,Nordfit Equipment,Organic Search,Organic Search,0.0,1325,50,1,69.18
2025-10-21,Nordfit Equipment,Organic Search,Organic Search,0.0,1647,42,1,55.85
2025-10-22,Nordfit Equipment,Organic Search,Organic Search,0.0,1846,42,0,0.0
2025-10-23,Nordfit Equipment,Organic Search,Organic Search,0.0,1674,65,2,133.93
2025-10-24,Nordfit Equipment,Organic Search,Organic Search,0.0,1750,54,2,154.33
2025-10-25,Nordfit Equipment,Organic Search,Organic Search,0.0,1343,58,2,171.94
2025-10-26,Nordfit Equipment,Organic Search,Organic Search,0.0,1877,43,1,52.16
2025-10-27,Nordfit Equipment,Organic Search,Organic Search,0.0,1604,60,1,61.01
2025-10-28,Nordfit Equipment,Organic Search,Organic Search,0.0,1728,73,1,46.68
2025-10-29,Nordfit Equipment,Organic Search,Organic Search,0.0,1708,60,1,78.75
2025-10-30,Nordfit Equipment,Organic Search,Organic Search,0.0,1528,54,0,0.0
2025-10-31,Nordfit Equipment,Organic Search,Organic Search,0.0,2116,96,6,394.05
2025-11-01,Nordfit Equipment,Organic Search,Organic Search,0.0,1529,49,2,154.28
2025-11-02,Nordfit Equipment,Organic Search,Organic Search,0.0,1774,56,2,109.32
2025-11-03,Nordfit Equipment,Organic Search,Organic Search,0.0,1667,61,4,287.43
2025-11-04,Nordfit Equipment,Organic Search,Organic Search,0.0,1760,62,2,149.76
2025-11-05,Nordfit Equipment,Organic Search,Organic Search,0.0,1610,58,2,98.62
2025-11-06,Nordfit Equipment,Organic Search,Organic Search,0.0,1587,36,0,0.0
2025-11-07,Nordfit Equipment,Organic Search,Organic Search,0.0,1983,39,1,54.63
2025-11-08,Nordfit Equipment,Organic Search,Organic Search,0.0,1657,37,1,53.16
2025-11-09,Nordfit Equipment,Organic Search,Organic Search,0.0,2048,86,3,154.17
2025-11-10,Nordfit Equipment,Organic Search,Organic Search,0.0,1593,44,1,
2025-11-11,Nordfit Equipment,Organic Search,Organic Search,0.0,1406,68,4,361.34
2025-11-12,Nordfit Equipment,Organic Search,Organic Search,0.0,1572,56,2,114.24
2025-11-13,Nordfit Equipment,Organic Search,Organic Search,0.0,1562,77,1,67.13
2025-11-14,Nordfit Equipment,Organic Search,Organic Search,0.0,1728,47,3,219.27
2025-11-15,Nordfit Equipment,Organic Search,Organic Search,0.0,1972,89,1,82.63
2025-11-16,Nordfit Equipment,Organic Search,Organic Search,0.0,1314,55,1,99.2
2025-11-17,Nordfit Equipment,Organic Search,Organic Search,0.0,1594,29,2,132.99
2025-11-18,Nordfit Equipment,Organic Search,Organic Search,0.0,1564,43,0,0.0
2025-11-19,Nordfit Equipment,Organic Search,Organic Search,0.0,1826,48,2,121.72
2025-11-20,Nordfit Equipment,Organic Search,Organic Search,0.0,5621,233,4,350.52
2025-11-21,Nordfit Equipment,Organic Search,Organic Search,0.0,5247,149,4,353.73
2025-11-22,Nordfit Equipment,Organic Search,Organic Search,0.0,6033,137,6,452.73
2025-11-23,Nordfit Equipment,Organic Search,Organic Search,0.0,5864,156,9,477.05
2025-11-24,Nordfit Equipment,Organic Search,Organic Search,0.0,5956,239,8,633.25
2025-11-25,Nordfit Equipment,Organic Search,Organic Search,0.0,4830,163,9,825.08
2025-11-26,Nordfit Equipment,Organic Search,Organic Search,0.0,5397,135,4,293.85
2025-11-27,Nordfit Equipment,Organic Search,Organic Search,0.0,5174,154,4,251.48
2025-11-28,Nordfit Equipment,Organic Search,Organic Search,0.0,5659,214,13,1087.79
2025-11-29,Nordfit Equipment,Organic Search,Organic Search,0.0,5191,188,3,199.6
2025-11-30,Nordfit Equipment,Organic Search,Organic Search,0.0,4596,165,10,425.88
2025-12-01,Nordfit Equipment,Organic Search,Organic Search,0.0,5584,134,7,501.02
2025-12-02,Nordfit Equipment,Organic Search,Organic Search,0.0,5990,228,6,618.33
2025-12-03,Nordfit Equipment,Organic Search,Organic Search,0.0,2664,86,5,505.64
2025-12-04,Nordfit Equipment,Organic Search,Organic Search,0.0,1943,76,0,0.0
2025-12-05,Nordfit Equipment,Organic Search,Organic Search,0.0,2117,69,3,211.22
2025-12-06,Nordfit Equipment,Organic Search,Organic Search,0.0,1794,50,4,316.69
2025-12-07,Nordfit Equipment,Organic Search,Organic Search,0.0,2061,53,1,77.11
2025-12-08,Nordfit Equipment,Organic Search,Organic Search,0.0,2354,55,3,280.52
2025-12-09,Nordfit Equipment,Organic Search,Organic Search,0.0,2390,91,2,126.52
2025-12-10,Nordfit Equipment,Organic Search,Organic Search,0.0,2114,45,0,0.0
2025-12-11,Nordfit Equipment,Organic Search,Organic Search,0.0,1752,68,3,155.82
2025-12-12,Nordfit Equipment,Organic Search,Organic Search,0.0,2152,73,1,91.64
2025-12-13,Nordfit Equipment,Organic Search,Organic Search,0.0,2543,72,3,335.08
2025-12-14,Nordfit Equipment,Organic Search,Organic Search,0.0,2133,63,3,230.08
2025-12-15,Nordfit Equipment,Organic Search,Organic Search,0.0,2107,63,3,147.0
2025-12-16,Nordfit Equipment,Organic Search,Organic Search,0.0,1663,56,1,60.74
2025-12-17,Nordfit Equipment,Organic Search,Organic Search,0.0,1928,50,2,124.28
2025-12-18,Nordfit Equipment,Organic Search,Organic Search,0.0,2204,65,2,120.97
2025-12-19,Nordfit Equipment,Organic Search,Organic Search,0.0,2213,63,1,119.44
2025-12-20,Nordfit Equipment,Organic Search,Organic Search,0.0,2356,46,2,197.74
2025-12-21,Nordfit Equipment,Organic Search,Organic Search,0.0,1877,63,3,189.98
2025-12-22,Nordfit Equipment,Organic Search,Organic Search,0.0,2181,77,2,101.0
2025-12-23,Nordfit Equipment,Organic Search,Organic Search,0.0,2253,93,3,340.05
2025-12-24,Nordfit Equipment,Organic Search,Organic Search,0.0,2380,48,0,0.0
2025-12-25,Nordfit Equipment,Organic Search,Organic Search,0.0,2034,53,1,86.36
2025-12-26,Nordfit Equipment,Organic Search,Organic Search,0.0,2109,52,1,68.11
2025-12-27,Nordfit Equipment,Organic Search,Organic Search,0.0,1850,59,4,352.76
2025-12-28,Nordfit Equipment,Organic Search,Organic Search,0.0,1946,34,2,196.77
2025-12-29,Nordfit Equipment,Organic Search,Organic Search,0.0,2250,94,2,
2025-12-30,Nordfit Equipment,Organic Search,Organic Search,0.0,2083,97,2,149.99
2025-12-31,Nordfit Equipment,Organic Search,Organic Search,0.0,2178,44,0,0.0
2026-01-01,Nordfit Equipment,Organic Search,Organic Search,0.0,3932,102,3,206.16
2026-01-02,Nordfit Equipment,Organic Search,Organic Search,0.0,3467,156,6,508.07
2026-01-03,Nordfit Equipment,Organic Search,Organic Search,0.0,4078,121,2,168.89
2026-01-04,Nordfit Equipment,Organic Search,Organic Search,0.0,4633,137,4,357.11
2026-01-05,Nordfit Equipment,Organic Search,Organic Search,0.0,4004,116,3,185.1
2026-01-06,Nordfit Equipment,Organic Search,Organic Search,0.0,4240,130,5,264.15
2026-01-07,Nordfit Equipment,Organic Search,Organic Search,0.0,5018,167,3,216.67
2026-01-08,Nordfit Equipment,Organic Search,Organic Search,0.0,3568,100,3,129.61
2026-01-09,Nordfit Equipment,Organic Search,Organic Search,0.0,4785,109,5,313.76
2026-01-10,Nordfit Equipment,Organic Search,Organic Search,0.0,4130,90,4,241.73
2026-01-11,Nordfit Equipment,Organic Search,Organic Search,0.0,4203,93,2,148.13
2026-01-12,Nordfit Equipment,Organic Search,Organic Search,0.0,4534,178,2,186.48
2026-01-13,Nordfit Equipment,Organic Search,Organic Search,0.0,4255,133,2,105.66
2026-01-14,Nordfit Equipment,Organic Search,Organic Search,0.0,3626,126,4,334.84
2026-01-15,Nordfit Equipment,Organic Search,Organic Search,0.0,3750,138,6,519.22
2026-01-16,Nordfit Equipment,Organic Search,Organic Search,0.0,1912,52,1,62.69
2026-01-17,Nordfit Equipment,Organic Search,Organic Search,0.0,1540,51,2,153.07
2026-01-18,Nordfit Equipment,Organic Search,Organic Search,0.0,1503,41,2,173.77
2026-01-19,Nordfit Equipment,Organic Search,Organic Search,0.0,1905,33,0,0.0
2026-01-20,Nordfit Equipment,Organic Search,Organic Search,0.0,1883,56,4,341.61
2026-01-21,Nordfit Equipment,Organic Search,Organic Search,0.0,1310,32,2,133.36
2026-01-22,Nordfit Equipment,Organic Search,Organic Search,0.0,1717,51,0,0.0
2026-01-23,Nordfit Equipment,Organic Search,Organic Search,0.0,1721,61,1,94.32
2026-01-24,Nordfit Equipment,Organic Search,Organic Search,0.0,2114,90,8,373.81
2026-01-25,Nordfit Equipment,Organic Search,Organic Search,0.0,1904,55,2,136.75
2026-01-26,Nordfit Equipment,Organic Search,Organic Search,0.0,1530,71,3,213.12
2026-01-27,Nordfit Equipment,Organic Search,Organic Search,0.0,2190,51,3,203.28
2026-01-28,Nordfit Equipment,Organic Search,Organic Search,0.0,1704,66,1,55.05
2026-01-29,Nordfit Equipment,Organic Search,Organic Search,0.0,1646,53,0,0.0
2026-01-30,Nordfit Equipment,Organic Search,Organic Search,0.0,1572,49,2,149.87
2026-01-31,Nordfit Equipment,Organic Search,Organic Search,0.0,1922,62,2,151.45
2026-02-01,Nordfit Equipment,Organic Search,Organic Search,0.0,1722,72,1,74.46
2026-02-02,Nordfit Equipment,Organic Search,Organic Search,0.0,1893,95,5,381.68
2026-02-03,Nordfit Equipment,Organic Search,Organic Search,0.0,2089,49,3,133.56
2026-02-04,Nordfit Equipment,Organic Search,Organic Search,0.0,1937,44,1,76.3
2026-02-05,Nordfit Equipment,Organic Search,Organic Search,0.0,1755,89,1,47.06
2026-02-06,Nordfit Equipment,Organic Search,Organic Search,0.0,2012,46,2,203.51
2026-02-07,Nordfit Equipment,Organic Search,Organic Search,0.0,2001,65,2,180.2
2026-02-08,Nordfit Equipment,Organic Search,Organic Search,0.0,1542,59,2,127.31
2026-02-09,Nordfit Equipment,Organic Search,Organic Search,0.0,1565,40,2,162.82
2026-02-10,Nordfit Equipment,Organic Search,Organic Search,0.0,1277,54,0,0.0
2026-02-11,Nordfit Equipment,Organic Search,Organic Search,0.0,1554,55,2,137.2
2026-02-12,Nordfit Equipment,Organic Search,Organic Search,0.0,1560,55,1,44.05
2026-02-13,Nordfit Equipment,Organic Search,Organic Search,0.0,1772,42,0,0.0
2026-02-14,Nordfit Equipment,Organic Search,Organic Search,0.0,1662,59,2,156.37
2026-02-15,Nordfit Equipment,Organic Search,Organic Search,0.0,1891,55,2,
2026-02-16,Nordfit Equipment,Organic Search,Organic Search,0.0,1656,37,1,52.88
2026-02-17,Nordfit Equipment,Organic Search,Organic Search,0.0,2071,52,1,
2026-02-18,Nordfit Equipment,Organic Search,Organic Search,0.0,1730,71,6,353.06
2026-02-19,Nordfit Equipment,Organic Search,Organic Search,0.0,1759,37,1,52.01
2026-02-20,Nordfit Equipment,Organic Search,Organic Search,0.0,2137,39,1,92.51
2026-02-21,Nordfit Equipment,Organic Search,Organic Search,0.0,1605,55,2,195.81
2026-02-22,Nordfit Equipment,Organic Search,Organic Search,0.0,1620,78,3,207.76
2026-02-23,Nordfit Equipment,Organic Search,Organic Search,0.0,1981,56,0,0.0
2026-02-24,Nordfit Equipment,Organic Search,Organic Search,0.0,1598,50,1,66.1
2026-02-25,Nordfit Equipment,Organic Search,Organic Search,0.0,1606,54,1,50.47
2026-02-26,Nordfit Equipment,Organic Search,Organic Search,0.0,1599,53,2,114.02
2026-02-27,Nordfit Equipment,Organic Search,Organic Search,0.0,1789,49,3,220.44
2026-02-28,Nordfit Equipment,Organic Search,Organic Search,0.0,1577,54,3,296.46
2026-03-01,Nordfit Equipment,Organic Search,Organic Search,0.0,1839,34,2,92.56
2026-03-02,Nordfit Equipment,Organic Search,Organic Search,0.0,1683,28,0,0.0
2026-03-03,Nordfit Equipment,Organic Search,Organic Search,0.0,2005,82,5,329.03
2026-03-04,Nordfit Equipment,Organic Search,Organic Search,0.0,1700,50,0,0.0
2026-03-05,Nordfit Equipment,Organic Search,Organic Search,0.0,1622,41,1,64.54
2026-03-06,Nordfit Equipment,Organic Search,Organic Search,0.0,1802,77,1,60.97
2026-03-07,Nordfit Equipment,Organic Search,Organic Search,0.0,1679,74,5,339.67
2026-03-08,Nordfit Equipment,Organic Search,Organic Search,0.0,1597,43,0,0.0
2026-03-09,Nordfit Equipment,Organic Search,Organic Search,0.0,1839,97,1,83.5
2026-03-10,Nordfit Equipment,Organic Search,Organic Search,0.0,1743,41,0,0.0
2026-03-11,Nordfit Equipment,Organic Search,Organic Search,0.0,1749,49,0,0.0
2026-03-12,Nordfit Equipment,Organic Search,Organic Search,0.0,1878,46,2,165.0
2026-03-13,Nordfit Equipment,Organic Search,Organic Search,0.0,1613,63,1,70.55
2026-03-14,Nordfit Equipment,Organic Search,Organic Search,0.0,2119,70,2,161.81
2026-03-15,Nordfit Equipment,Organic Search,Organic Search,0.0,1695,46,2,95.65
2026-03-16,Nordfit Equipment,Organic Search,Organic Search,0.0,1749,74,1,73.5
2026-03-17,Nordfit Equipment,Organic Search,Organic Search,0.0,1788,37,0,0.0
2026-03-18,Nordfit Equipment,Organic Search,Organic Search,0.0,1875,53,2,97.62
2026-03-19,Nordfit Equipment,Organic Search,Organic Search,0.0,1872,75,2,161.16
2026-03-20,Nordfit Equipment,Organic Search,Organic Search,0.0,1908,65,3,230.42
2026-03-21,Nordfit Equipment,Organic Search,Organic Search,0.0,1864,80,3,188.35
2026-03-22,Nordfit Equipment,Organic Search,Organic Search,0.0,1665,76,4,351.86
2026-03-23,Nordfit Equipment,Organic Search,Organic Search,0.0,1948,46,2,159.36
2026-03-24,Nordfit Equipment,Organic Search,Organic Search,0.0,1703,61,3,264.56
2026-03-25,Nordfit Equipment,Organic Search,Organic Search,0.0,1771,43,1,57.0
2026-03-26,Nordfit Equipment,Organic Search,Organic Search,0.0,1854,61,0,0.0
2026-03-27,Nordfit Equipment,Organic Search,Organic Search,0.0,2014,72,2,110.2
2026-03-28,Nordfit Equipment,Organic Search,Organic Search,0.0,1635,41,0,0.0
2026-03-29,Nordfit Equipment,Organic Search,Organic Search,0.0,1599,38,0,0.0
2026-03-30,Nordfit Equipment,Organic Search,Organic Search,0.0,1747,36,2,143.12
2026-03-31,Nordfit Equipment,Organic Search,Organic Search,0.0,2062,58,1,64.42
2026-04-01,Nordfit Equipment,Organic Search,Organic Search,0.0,2337,87,4,200.79
2026-04-02,Nordfit Equipment,Organic Search,Organic Search,0.0,2089,54,1,78.8
2026-04-03,Nordfit Equipment,Organic Search,Organic Search,0.0,2257,93,5,571.81
2026-04-04,Nordfit Equipment,Organic Search,Organic Search,0.0,1552,56,5,373.2
2026-04-05,Nordfit Equipment,Organic Search,Organic Search,0.0,1812,72,2,122.62
2026-04-06,Nordfit Equipment,Organic Search,Organic Search,0.0,1896,39,0,0.0
2026-04-07,Nordfit Equipment,Organic Search,Organic Search,0.0,1672,63,2,104.08
2026-04-08,Nordfit Equipment,Organic Search,Organic Search,0.0,2143,58,2,208.09
2026-04-09,Nordfit Equipment,Organic Search,Organic Search,0.0,1917,67,2,132.58
2026-04-10,Nordfit Equipment,Organic Search,Organic Search,0.0,1611,67,1,109.81
2026-04-11,Nordfit Equipment,Organic Search,Organic Search,0.0,2054,46,0,0.0
2026-04-12,Nordfit Equipment,Organic Search,Organic Search,0.0,1769,52,6,690.37
2026-04-13,Nordfit Equipment,Organic Search,Organic Search,0.0,2012,71,0,0.0
2026-04-14,Nordfit Equipment,Organic Search,Organic Search,0.0,1615,30,2,136.4
2026-04-15,Nordfit Equipment,Organic Search,Organic Search,0.0,2006,68,1,73.82
2026-04-16,Nordfit Equipment,Organic Search,Organic Search,0.0,1900,58,3,167.11
2026-04-17,Nordfit Equipment,Organic Search,Organic Search,0.0,2086,41,1,48.71
2026-04-18,Nordfit Equipment,Organic Search,Organic Search,0.0,2094,71,1,72.03
2026-04-19,Nordfit Equipment,Organic Search,Organic Search,0.0,1887,87,3,196.51
2026-04-20,Nordfit Equipment,Organic Search,Organic Search,0.0,1937,57,2,163.72
2026-04-21,Nordfit Equipment,Organic Search,Organic Search,0.0,2183,95,3,232.01
2026-04-22,Nordfit Equipment,Organic Search,Organic Search,0.0,2030,72,2,138.76
2026-04-23,Nordfit Equipment,Organic Search,Organic Search,0.0,1549,40,0,0.0
2026-04-24,Nordfit Equipment,Organic Search,Organic Search,0.0,1904,68,2,127.02
2026-04-25,Nordfit Equipment,Organic Search,Organic Search,0.0,1610,51,3,165.28
2026-04-26,Nordfit Equipment,Organic Search,Organic Search,0.0,1941,56,5,458.15
2026-04-27,Nordfit Equipment,Organic Search,Organic Search,0.0,2279,63,5,265.29
2026-04-28,Nordfit Equipment,Organic Search,Organic Search,0.0,1801,69,3,169.02
2026-04-29,Nordfit Equipment,Organic Search,Organic Search,0.0,1630,62,0,0.0
2026-04-30,Nordfit Equipment,Organic Search,Organic Search,0.0,2027,51,0,0.0
2026-05-01,Nordfit Equipment,Organic Search,Organic Search,0.0,1903,83,5,349.92
2026-05-02,Nordfit Equipment,Organic Search,Organic Search,0.0,2229,58,2,154.72
2026-05-03,Nordfit Equipment,Organic Search,Organic Search,0.0,1963,70,4,262.92
2026-05-04,Nordfit Equipment,Organic Search,Organic Search,0.0,1775,81,1,95.84
2026-05-05,Nordfit Equipment,Organic Search,Organic Search,0.0,1614,46,1,75.45
2026-05-06,Nordfit Equipment,Organic Search,Organic Search,0.0,1754,53,0,0.0
2026-05-07,Nordfit Equipment,Organic Search,Organic Search,0.0,1725,38,3,
2026-05-08,Nordfit Equipment,Organic Search,Organic Search,0.0,1381,32,1,52.24
2026-05-09,Nordfit Equipment,Organic Search,Organic Search,0.0,1547,37,0,0.0
2026-05-09,Nordfit Equipment,Organic Search,Organic Search,0.0,1547,37,0,0.0
2026-05-10,Nordfit Equipment,Organic Search,Organic Search,0.0,1953,65,1,73.57
2026-05-10,Nordfit Equipment,Organic Search,Organic Search,0.0,1953,65,1,73.57
2026-05-11,Nordfit Equipment,Organic Search,Organic Search,0.0,1881,41,1,60.4
2026-05-11,Nordfit Equipment,Organic Search,Organic Search,0.0,1881,41,1,60.4
2026-05-12,Nordfit Equipment,Organic Search,Organic Search,0.0,1738,59,3,160.92
2026-05-12,Nordfit Equipment,Organic Search,Organic Search,0.0,1738,59,3,160.92
2026-05-13,Nordfit Equipment,Organic Search,Organic Search,0.0,1844,70,3,250.49
2026-05-13,Nordfit Equipment,Organic Search,Organic Search,0.0,1844,70,3,250.49
2026-05-14,Nordfit Equipment,Organic Search,Organic Search,0.0,2330,82,3,280.68
2026-05-14,Nordfit Equipment,Organic Search,Organic Search,0.0,2330,82,3,280.68
2026-05-15,Nordfit Equipment,Organic Search,Organic Search,0.0,1704,53,0,0.0
2026-05-15,Nordfit Equipment,Organic Search,Organic Search,0.0,1704,53,0,0.0
2026-05-16,Nordfit Equipment,Organic Search,Organic Search,0.0,1817,36,2,125.02
2026-05-16,Nordfit Equipment,Organic Search,Organic Search,0.0,1817,36,2,125.02
2026-05-17,Nordfit Equipment,Organic Search,Organic Search,0.0,1946,48,1,58.17
2026-05-17,Nordfit Equipment,Organic Search,Organic Search,0.0,1946,48,1,58.17
2026-05-18,Nordfit Equipment,Organic Search,Organic Search,0.0,1932,47,2,89.2
2026-05-18,Nordfit Equipment,Organic Search,Organic Search,0.0,1932,47,2,89.2
2026-05-19,Nordfit Equipment,Organic Search,Organic Search,0.0,1654,40,0,0.0
2026-05-20,Nordfit Equipment,Organic Search,Organic Search,0.0,1936,58,2,214.71
2026-05-21,Nordfit Equipment,Organic Search,Organic Search,0.0,1905,70,2,162.34
2026-05-22,Nordfit Equipment,Organic Search,Organic Search,0.0,1701,36,1,64.13
2026-05-23,Nordfit Equipment,Organic Search,Organic Search,0.0,2089,67,3,264.77
2026-05-24,Nordfit Equipment,Organic Search,Organic Search,0.0,1924,71,3,213.11
2026-05-25,Nordfit Equipment,Organic Search,Organic Search,0.0,1796,70,0,0.0
2026-05-26,Nordfit Equipment,Organic Search,Organic Search,0.0,1739,51,1,34.51
2026-05-27,Nordfit Equipment,Organic Search,Organic Search,0.0,1733,77,2,152.6
2026-05-28,Nordfit Equipment,Organic Search,Organic Search,0.0,2010,53,0,0.0
2026-05-29,Nordfit Equipment,Organic Search,Organic Search,0.0,1690,54,2,124.39
2026-05-30,Nordfit Equipment,Organic Search,Organic Search,0.0,1763,35,1,79.11
2026-05-31,Nordfit Equipment,Organic Search,Organic Search,0.0,1794,45,1,100.43
2026-06-01,Nordfit Equipment,Organic Search,Organic Search,0.0,1741,52,0,0.0
2026-06-02,Nordfit Equipment,Organic Search,Organic Search,0.0,1790,57,1,66.62
2026-06-03,Nordfit Equipment,Organic Search,Organic Search,0.0,1797,62,2,114.77
2026-06-04,Nordfit Equipment,Organic Search,Organic Search,0.0,1754,56,0,0.0
2026-06-05,Nordfit Equipment,Organic Search,Organic Search,0.0,1784,52,0,0.0
2026-06-06,Nordfit Equipment,Organic Search,Organic Search,0.0,1374,61,4,171.78
2026-06-07,Nordfit Equipment,Organic Search,Organic Search,0.0,1728,60,1,
2026-06-08,Nordfit Equipment,Organic Search,Organic Search,0.0,1676,46,3,154.51
2026-06-09,Nordfit Equipment,Organic Search,Organic Search,0.0,1790,38,1,100.46
2026-06-10,Nordfit Equipment,Organic Search,Organic Search,0.0,1805,63,4,282.31
2026-06-11,Nordfit Equipment,Organic Search,Organic Search,0.0,1675,60,2,189.25
2026-06-12,Nordfit Equipment,Organic Search,Organic Search,0.0,1805,44,0,0.0
2026-06-13,Nordfit Equipment,Organic Search,Organic Search,0.0,2035,37,1,
2026-06-14,Nordfit Equipment,Organic Search,Organic Search,0.0,1845,62,1,89.71
2026-06-15,Nordfit Equipment,Organic Search,Organic Search,0.0,1937,86,3,183.39
2026-06-16,Nordfit Equipment,Organic Search,Organic Search,0.0,2104,86,0,0.0
2026-06-17,Nordfit Equipment,Organic Search,Organic Search,0.0,1848,48,1,64.22
2026-06-18,Nordfit Equipment,Organic Search,Organic Search,0.0,1822,69,3,317.77
2026-06-19,Nordfit Equipment,Organic Search,Organic Search,0.0,1895,78,5,576.11
2026-06-20,Nordfit Equipment,Organic Search,Organic Search,0.0,2102,67,2,135.37
2026-06-21,Nordfit Equipment,Organic Search,Organic Search,0.0,1417,50,2,93.88
2026-06-22,Nordfit Equipment,Organic Search,Organic Search,0.0,1838,70,1,54.27
2026-06-23,Nordfit Equipment,Organic Search,Organic Search,0.0,2348,121,2,128.13
2026-06-24,Nordfit Equipment,Organic Search,Organic Search,0.0,1810,53,3,234.05
2026-06-25,Nordfit Equipment,Organic Search,Organic Search,0.0,2050,62,1,81.89
2026-06-26,Nordfit Equipment,Organic Search,Organic Search,0.0,1857,54,3,189.3
2026-06-27,Nordfit Equipment,Organic Search,Organic Search,0.0,2080,82,2,141.32
2026-06-28,Nordfit Equipment,Organic Search,Organic Search,0.0,2080,51,0,0.0
2026-06-29,Nordfit Equipment,Organic Search,Organic Search,0.0,2007,68,0,0.0
2026-06-30,Nordfit Equipment,Organic Search,Organic Search,0.0,1920,47,0,0.0
2026-07-01,Nordfit Equipment,Organic Search,Organic Search,0.0,1777,54,3,240.7
2026-07-02,Nordfit Equipment,Organic Search,Organic Search,0.0,1819,44,3,156.54
2026-07-03,Nordfit Equipment,Organic Search,Organic Search,0.0,1638,48,2,145.13
2026-07-04,Nordfit Equipment,Organic Search,Organic Search,0.0,1959,57,2,95.76
2026-07-05,Nordfit Equipment,Organic Search,Organic Search,0.0,1877,66,1,100.35
2026-07-06,Nordfit Equipment,Organic Search,Organic Search,0.0,1486,49,2,160.15
2026-07-07,Nordfit Equipment,Organic Search,Organic Search,0.0,1899,75,4,363.26
2026-07-08,Nordfit Equipment,Organic Search,Organic Search,0.0,2330,80,3,237.58
2026-07-09,Nordfit Equipment,Organic Search,Organic Search,0.0,1897,49,1,58.31
2026-07-10,Nordfit Equipment,Organic Search,Organic Search,0.0,1980,90,3,179.66
2026-07-11,Nordfit Equipment,Organic Search,Organic Search,0.0,2078,70,2,140.21
2026-07-12,Nordfit Equipment,Organic Search,Organic Search,0.0,1945,59,2,153.35
2026-07-13,Nordfit Equipment,Organic Search,Organic Search,0.0,2022,74,2,131.78
2026-07-14,Nordfit Equipment,Organic Search,Organic Search,0.0,1841,80,2,137.61
2026-07-15,Nordfit Equipment,Organic Search,Organic Search,0.0,1878,77,4,266.71
2026-07-16,Nordfit Equipment,Organic Search,Organic Search,0.0,1730,49,0,0.0
2026-07-17,Nordfit Equipment,Organic Search,Organic Search,0.0,1808,70,2,88.67
2026-07-18,Nordfit Equipment,Organic Search,Organic Search,0.0,2173,71,1,121.38
2026-07-19,Nordfit Equipment,Organic Search,Organic Search,0.0,1686,74,3,266.64
2026-07-20,Nordfit Equipment,Organic Search,Organic Search,0.0,1682,52,1,44.87
2026-07-21,Nordfit Equipment,Organic Search,Organic Search,0.0,1984,85,1,61.17
2026-07-22,Nordfit Equipment,Organic Search,Organic Search,0.0,1967,45,0,0.0
2026-07-23,Nordfit Equipment,Organic Search,Organic Search,0.0,1975,49,2,135.79
2026-07-24,Nordfit Equipment,Organic Search,Organic Search,0.0,1889,85,3,176.57
2026-07-25,Nordfit Equipment,Organic Search,Organic Search,0.0,1791,40,2,199.54
2026-07-26,Nordfit Equipment,Organic Search,Organic Search,0.0,2106,55,3,206.83
2026-07-27,Nordfit Equipment,Organic Search,Organic Search,0.0,1434,35,2,129.87
2026-07-28,Nordfit Equipment,Organic Search,Organic Search,0.0,1768,51,1,43.96
2026-07-29,Nordfit Equipment,Organic Search,Organic Search,0.0,2145,70,2,149.0
2026-07-30,Nordfit Equipment,Organic Search,Organic Search,0.0,1787,72,4,254.79
2026-07-31,Nordfit Equipment,Organic Search,Organic Search,0.0,1592,53,0,0.0
2025-02-01,Solmar Hotels,Organic Search,Organic Search,0.0,407,13,1,185.14
2025-02-02,Solmar Hotels,Organic Search,Organic Search,0.0,448,8,2,
2025-02-03,Solmar Hotels,Organic Search,Organic Search,0.0,482,8,1,338.68
2025-02-04,Solmar Hotels,Organic Search,Organic Search,0.0,588,12,0,0.0
2025-02-05,Solmar Hotels,Organic Search,Organic Search,0.0,592,20,0,0.0
2025-02-06,Solmar Hotels,Organic Search,Organic Search,0.0,487,21,0,0.0
2025-02-07,Solmar Hotels,Organic Search,Organic Search,0.0,472,17,0,0.0
2025-02-08,Solmar Hotels,Organic Search,Organic Search,0.0,452,8,0,0.0
2025-02-09,Solmar Hotels,Organic Search,Organic Search,0.0,382,10,1,228.59
2025-02-10,Solmar Hotels,Organic Search,Organic Search,0.0,434,9,1,238.37
2025-02-11,Solmar Hotels,Organic Search,Organic Search,0.0,467,6,1,255.6
2025-02-12,Solmar Hotels,Organic Search,Organic Search,0.0,464,17,1,196.54
2025-02-13,Solmar Hotels,Organic Search,Organic Search,0.0,514,10,0,0.0
2025-02-14,Solmar Hotels,Organic Search,Organic Search,0.0,477,14,0,0.0
2025-02-15,Solmar Hotels,Organic Search,Organic Search,0.0,490,12,0,0.0
2025-02-16,Solmar Hotels,Organic Search,Organic Search,0.0,469,10,1,271.03
2025-02-17,Solmar Hotels,Organic Search,Organic Search,0.0,475,15,2,604.11
2025-02-18,Solmar Hotels,Organic Search,Organic Search,0.0,465,15,0,0.0
2025-02-19,Solmar Hotels,Organic Search,Organic Search,0.0,474,27,1,347.29
2025-02-20,Solmar Hotels,Organic Search,Organic Search,0.0,495,17,0,0.0
2025-02-21,Solmar Hotels,Organic Search,Organic Search,0.0,439,12,0,0.0
2025-02-22,Solmar Hotels,Organic Search,Organic Search,0.0,490,15,1,244.23
2025-02-23,Solmar Hotels,Organic Search,Organic Search,0.0,517,13,0,0.0
2025-02-24,Solmar Hotels,Organic Search,Organic Search,0.0,468,21,1,324.4
2025-02-25,Solmar Hotels,Organic Search,Organic Search,0.0,484,15,0,0.0
2025-02-26,Solmar Hotels,Organic Search,Organic Search,0.0,470,19,0,0.0
2025-02-27,Solmar Hotels,Organic Search,Organic Search,0.0,541,18,1,423.37
2025-02-28,Solmar Hotels,Organic Search,Organic Search,0.0,403,19,1,270.0
2025-03-01,Solmar Hotels,Organic Search,Organic Search,0.0,466,15,3,838.22
2025-03-02,Solmar Hotels,Organic Search,Organic Search,0.0,421,15,0,0.0
2025-03-03,Solmar Hotels,Organic Search,Organic Search,0.0,484,17,0,0.0
2025-03-04,Solmar Hotels,Organic Search,Organic Search,0.0,480,23,0,0.0
2025-03-05,Solmar Hotels,Organic Search,Organic Search,0.0,442,15,0,0.0
2025-03-06,Solmar Hotels,Organic Search,Organic Search,0.0,608,21,0,0.0
2025-03-07,Solmar Hotels,Organic Search,Organic Search,0.0,480,12,0,0.0
2025-03-08,Solmar Hotels,Organic Search,Organic Search,0.0,442,17,0,0.0
2025-03-09,Solmar Hotels,Organic Search,Organic Search,0.0,472,17,0,0.0
2025-03-10,Solmar Hotels,Organic Search,Organic Search,0.0,455,21,1,368.23
2025-03-11,Solmar Hotels,Organic Search,Organic Search,0.0,509,10,0,0.0
2025-03-12,Solmar Hotels,Organic Search,Organic Search,0.0,533,16,1,193.62
2025-03-13,Solmar Hotels,Organic Search,Organic Search,0.0,436,10,0,0.0
2025-03-14,Solmar Hotels,Organic Search,Organic Search,0.0,415,22,0,0.0
2025-03-15,Solmar Hotels,Organic Search,Organic Search,0.0,481,16,1,288.95
2025-03-16,Solmar Hotels,Organic Search,Organic Search,0.0,503,11,0,0.0
2025-03-17,Solmar Hotels,Organic Search,Organic Search,0.0,465,22,0,0.0
2025-03-18,Solmar Hotels,Organic Search,Organic Search,0.0,513,8,1,249.17
2025-03-19,Solmar Hotels,Organic Search,Organic Search,0.0,554,29,0,0.0
2025-03-20,Solmar Hotels,Organic Search,Organic Search,0.0,476,15,1,202.24
2025-03-21,Solmar Hotels,Organic Search,Organic Search,0.0,558,12,1,249.81
2025-03-22,Solmar Hotels,Organic Search,Organic Search,0.0,467,8,0,0.0
2025-03-23,Solmar Hotels,Organic Search,Organic Search,0.0,404,13,0,0.0
2025-03-24,Solmar Hotels,Organic Search,Organic Search,0.0,544,20,0,0.0
2025-03-25,Solmar Hotels,Organic Search,Organic Search,0.0,411,18,1,
2025-03-26,Solmar Hotels,Organic Search,Organic Search,0.0,476,12,0,0.0
2025-03-27,Solmar Hotels,Organic Search,Organic Search,0.0,466,17,0,0.0
2025-03-28,Solmar Hotels,Organic Search,Organic Search,0.0,557,30,0,0.0
2025-03-29,Solmar Hotels,Organic Search,Organic Search,0.0,357,9,0,0.0
2025-03-30,Solmar Hotels,Organic Search,Organic Search,0.0,408,12,0,0.0
2025-03-31,Solmar Hotels,Organic Search,Organic Search,0.0,474,26,0,0.0
2025-04-01,Solmar Hotels,Organic Search,Organic Search,0.0,528,30,0,0.0
2025-04-02,Solmar Hotels,Organic Search,Organic Search,0.0,448,16,0,0.0
2025-04-03,Solmar Hotels,Organic Search,Organic Search,0.0,492,21,2,571.18
2025-04-04,Solmar Hotels,Organic Search,Organic Search,0.0,419,17,0,0.0
2025-04-05,Solmar Hotels,Organic Search,Organic Search,0.0,544,16,1,242.79
2025-04-06,Solmar Hotels,Organic Search,Organic Search,0.0,482,17,0,0.0
2025-04-07,Solmar Hotels,Organic Search,Organic Search,0.0,546,21,1,318.71
2025-04-08,Solmar Hotels,Organic Search,Organic Search,0.0,419,20,1,189.57
2025-04-09,Solmar Hotels,Organic Search,Organic Search,0.0,455,15,1,225.74
2025-04-10,Solmar Hotels,Organic Search,Organic Search,0.0,436,8,0,0.0
2025-04-11,Solmar Hotels,Organic Search,Organic Search,0.0,459,19,0,0.0
2025-04-12,Solmar Hotels,Organic Search,Organic Search,0.0,395,9,0,0.0
2025-04-13,Solmar Hotels,Organic Search,Organic Search,0.0,480,10,1,257.65
2025-04-14,Solmar Hotels,Organic Search,Organic Search,0.0,515,12,0,0.0
2025-04-15,Solmar Hotels,Organic Search,Organic Search,0.0,624,26,0,0.0
2025-04-16,Solmar Hotels,Organic Search,Organic Search,0.0,443,18,1,214.27
2025-04-17,Solmar Hotels,Organic Search,Organic Search,0.0,440,17,0,0.0
2025-04-18,Solmar Hotels,Organic Search,Organic Search,0.0,499,17,1,288.33
2025-04-19,Solmar Hotels,Organic Search,Organic Search,0.0,532,16,1,194.76
2025-04-20,Solmar Hotels,Organic Search,Organic Search,0.0,608,14,0,0.0
2025-04-21,Solmar Hotels,Organic Search,Organic Search,0.0,520,21,0,0.0
2025-04-22,Solmar Hotels,Organic Search,Organic Search,0.0,462,10,1,250.19
2025-04-23,Solmar Hotels,Organic Search,Organic Search,0.0,443,10,0,0.0
2025-04-24,Solmar Hotels,Organic Search,Organic Search,0.0,420,12,1,348.13
2025-04-25,Solmar Hotels,Organic Search,Organic Search,0.0,454,26,1,221.44
2025-04-26,Solmar Hotels,Organic Search,Organic Search,0.0,494,15,1,486.2
2025-04-27,Solmar Hotels,Organic Search,Organic Search,0.0,529,11,0,0.0
2025-04-28,Solmar Hotels,Organic Search,Organic Search,0.0,495,17,1,314.2
2025-04-29,Solmar Hotels,Organic Search,Organic Search,0.0,556,21,0,0.0
2025-04-30,Solmar Hotels,Organic Search,Organic Search,0.0,587,29,0,0.0
2025-05-01,Solmar Hotels,Organic Search,Organic Search,0.0,596,24,0,0.0
2025-05-02,Solmar Hotels,Organic Search,Organic Search,0.0,580,19,0,0.0
2025-05-03,Solmar Hotels,Organic Search,Organic Search,0.0,469,10,0,0.0
2025-05-04,Solmar Hotels,Organic Search,Organic Search,0.0,549,16,0,0.0
2025-05-05,Solmar Hotels,Organic Search,Organic Search,0.0,542,24,1,283.35
2025-05-06,Solmar Hotels,Organic Search,Organic Search,0.0,559,8,0,0.0
2025-05-07,Solmar Hotels,Organic Search,Organic Search,0.0,551,7,1,247.35
2025-05-08,Solmar Hotels,Organic Search,Organic Search,0.0,519,11,0,0.0
2025-05-09,Solmar Hotels,Organic Search,Organic Search,0.0,642,18,1,304.4
2025-05-10,Solmar Hotels,Organic Search,Organic Search,0.0,519,14,0,0.0
2025-05-11,Solmar Hotels,Organic Search,Organic Search,0.0,569,9,1,292.94
2025-05-12,Solmar Hotels,Organic Search,Organic Search,0.0,570,11,1,193.53
2025-05-13,Solmar Hotels,Organic Search,Organic Search,0.0,614,21,1,253.61
2025-05-14,Solmar Hotels,Organic Search,Organic Search,0.0,597,20,1,297.88
2025-05-15,Solmar Hotels,Organic Search,Organic Search,0.0,652,12,0,0.0
2025-05-16,Solmar Hotels,Organic Search,Organic Search,0.0,637,22,0,0.0
2025-05-17,Solmar Hotels,Organic Search,Organic Search,0.0,711,19,0,0.0
2025-05-18,Solmar Hotels,Organic Search,Organic Search,0.0,657,26,2,
2025-05-19,Solmar Hotels,Organic Search,Organic Search,0.0,730,26,1,248.19
2025-05-20,Solmar Hotels,Organic Search,Organic Search,0.0,702,21,1,529.12
2025-05-21,Solmar Hotels,Organic Search,Organic Search,0.0,819,22,0,0.0
2025-05-22,Solmar Hotels,Organic Search,Organic Search,0.0,734,25,0,0.0
2025-05-23,Solmar Hotels,Organic Search,Organic Search,0.0,646,26,0,0.0
2025-05-24,Solmar Hotels,Organic Search,Organic Search,0.0,862,37,0,0.0
2025-05-25,Solmar Hotels,Organic Search,Organic Search,0.0,833,38,2,460.09
2025-05-26,Solmar Hotels,Organic Search,Organic Search,0.0,838,23,3,946.29
2025-05-27,Solmar Hotels,Organic Search,Organic Search,0.0,884,23,0,0.0
2025-05-28,Solmar Hotels,Organic Search,Organic Search,0.0,788,28,2,
2025-05-29,Solmar Hotels,Organic Search,Organic Search,0.0,769,35,0,0.0
2025-05-30,Solmar Hotels,Organic Search,Organic Search,0.0,851,14,2,607.45
2025-05-31,Solmar Hotels,Organic Search,Organic Search,0.0,663,29,0,0.0
2025-06-01,Solmar Hotels,Organic Search,Organic Search,0.0,963,34,0,0.0
2025-06-02,Solmar Hotels,Organic Search,Organic Search,0.0,1057,34,3,740.75
2025-06-03,Solmar Hotels,Organic Search,Organic Search,0.0,1019,40,2,372.56
2025-06-04,Solmar Hotels,Organic Search,Organic Search,0.0,1064,36,3,521.65
2025-06-05,Solmar Hotels,Organic Search,Organic Search,0.0,1124,27,3,684.08
2025-06-06,Solmar Hotels,Organic Search,Organic Search,0.0,926,16,1,220.95
2025-06-07,Solmar Hotels,Organic Search,Organic Search,0.0,1184,55,3,764.23
2025-06-08,Solmar Hotels,Organic Search,Organic Search,0.0,1009,29,1,290.25
2025-06-09,Solmar Hotels,Organic Search,Organic Search,0.0,1016,46,2,629.23
2025-06-10,Solmar Hotels,Organic Search,Organic Search,0.0,1080,33,1,259.7
2025-06-11,Solmar Hotels,Organic Search,Organic Search,0.0,1259,32,0,0.0
2025-06-12,Solmar Hotels,Organic Search,Organic Search,0.0,1269,47,4,784.94
2025-06-13,Solmar Hotels,Organic Search,Organic Search,0.0,1478,51,0,0.0
2025-06-14,Solmar Hotels,Organic Search,Organic Search,0.0,1136,31,0,0.0
2025-06-15,Solmar Hotels,Organic Search,Organic Search,0.0,1082,35,2,915.26
2025-06-16,Solmar Hotels,Organic Search,Organic Search,0.0,1254,54,4,925.52
2025-06-17,Solmar Hotels,Organic Search,Organic Search,0.0,1486,56,1,356.34
2025-06-18,Solmar Hotels,Organic Search,Organic Search,0.0,1422,38,1,319.62
2025-06-19,Solmar Hotels,Organic Search,Organic Search,0.0,1246,33,0,0.0
2025-06-20,Solmar Hotels,Organic Search,Organic Search,0.0,1381,56,1,243.97
2025-06-21,Solmar Hotels,Organic Search,Organic Search,0.0,1277,37,0,0.0
2025-06-22,Solmar Hotels,Organic Search,Organic Search,0.0,1560,58,1,187.52
2025-06-23,Solmar Hotels,Organic Search,Organic Search,0.0,1293,59,2,365.74
2025-06-24,Solmar Hotels,Organic Search,Organic Search,0.0,1242,27,0,0.0
2025-06-25,Solmar Hotels,Organic Search,Organic Search,0.0,1467,33,0,0.0
2025-06-26,Solmar Hotels,Organic Search,Organic Search,0.0,1724,77,3,905.74
2025-06-27,Solmar Hotels,Organic Search,Organic Search,0.0,1490,55,1,138.67
2025-06-28,Solmar Hotels,Organic Search,Organic Search,0.0,1405,47,2,633.86
2025-06-29,Solmar Hotels,Organic Search,Organic Search,0.0,1684,66,2,514.93
2025-06-30,Solmar Hotels,Organic Search,Organic Search,0.0,1502,83,5,1103.79
2025-07-01,Solmar Hotels,Organic Search,Organic Search,0.0,1967,41,6,1281.16
2025-07-02,Solmar Hotels,Organic Search,Organic Search,0.0,1742,53,1,245.64
2025-07-03,Solmar Hotels,Organic Search,Organic Search,0.0,1733,54,1,313.98
2025-07-04,Solmar Hotels,Organic Search,Organic Search,0.0,1651,43,1,258.78
2025-07-05,Solmar Hotels,Organic Search,Organic Search,0.0,1908,92,3,697.91
2025-07-06,Solmar Hotels,Organic Search,Organic Search,0.0,1697,84,0,0.0
2025-07-07,Solmar Hotels,Organic Search,Organic Search,0.0,1908,90,9,2762.68
2025-07-08,Solmar Hotels,Organic Search,Organic Search,0.0,1753,56,0,0.0
2025-07-09,Solmar Hotels,Organic Search,Organic Search,0.0,1493,40,1,406.07
2025-07-10,Solmar Hotels,Organic Search,Organic Search,0.0,1731,66,0,0.0
2025-07-11,Solmar Hotels,Organic Search,Organic Search,0.0,1950,85,1,274.81
2025-07-12,Solmar Hotels,Organic Search,Organic Search,0.0,1918,77,2,472.99
2025-07-13,Solmar Hotels,Organic Search,Organic Search,0.0,1692,53,2,661.58
2025-07-14,Solmar Hotels,Organic Search,Organic Search,0.0,1808,77,4,1221.53
2025-07-15,Solmar Hotels,Organic Search,Organic Search,0.0,1895,34,1,
2025-07-16,Solmar Hotels,Organic Search,Organic Search,0.0,1536,56,6,1162.2
2025-07-17,Solmar Hotels,Organic Search,Organic Search,0.0,1838,72,2,655.97
2025-07-18,Solmar Hotels,Organic Search,Organic Search,0.0,1930,78,5,
2025-07-19,Solmar Hotels,Organic Search,Organic Search,0.0,1690,88,3,653.57
2025-07-20,Solmar Hotels,Organic Search,Organic Search,0.0,1505,52,1,308.09
2025-07-21,Solmar Hotels,Organic Search,Organic Search,0.0,1566,50,5,1243.41
2025-07-22,Solmar Hotels,Organic Search,Organic Search,0.0,2019,46,1,259.26
2025-07-23,Solmar Hotels,Organic Search,Organic Search,0.0,1702,47,2,542.56
2025-07-24,Solmar Hotels,Organic Search,Organic Search,0.0,1993,42,1,262.63
2025-07-25,Solmar Hotels,Organic Search,Organic Search,0.0,1748,73,3,1009.08
2025-07-26,Solmar Hotels,Organic Search,Organic Search,0.0,1696,51,1,363.73
2025-07-27,Solmar Hotels,Organic Search,Organic Search,0.0,1782,85,3,562.97
2025-07-28,Solmar Hotels,Organic Search,Organic Search,0.0,1524,73,4,1076.5
2025-07-29,Solmar Hotels,Organic Search,Organic Search,0.0,1785,66,1,195.61
2025-07-30,Solmar Hotels,Organic Search,Organic Search,0.0,1715,65,0,0.0
2025-07-31,Solmar Hotels,Organic Search,Organic Search,0.0,1663,51,1,201.21
2025-08-01,Solmar Hotels,Organic Search,Organic Search,0.0,1597,47,4,834.47
2025-08-02,Solmar Hotels,Organic Search,Organic Search,0.0,1676,29,1,219.96
2025-08-03,Solmar Hotels,Organic Search,Organic Search,0.0,1860,58,1,286.68
2025-08-04,Solmar Hotels,Organic Search,Organic Search,0.0,1617,31,0,0.0
2025-08-05,Solmar Hotels,Organic Search,Organic Search,0.0,1862,84,6,1546.87
2025-08-06,Solmar Hotels,Organic Search,Organic Search,0.0,1423,59,0,0.0
2025-08-07,Solmar Hotels,Organic Search,Organic Search,0.0,1897,42,0,0.0
2025-08-08,Solmar Hotels,Organic Search,Organic Search,0.0,1683,64,0,0.0
2025-08-09,Solmar Hotels,Organic Search,Organic Search,0.0,1353,22,1,196.0
2025-08-10,Solmar Hotels,Organic Search,Organic Search,0.0,1472,50,3,557.82
2025-08-11,Solmar Hotels,Organic Search,Organic Search,0.0,1595,46,1,366.77
2025-08-12,Solmar Hotels,Organic Search,Organic Search,0.0,1535,66,4,1040.06
2025-08-13,Solmar Hotels,Organic Search,Organic Search,0.0,1268,29,0,0.0
2025-08-14,Solmar Hotels,Organic Search,Organic Search,0.0,1680,56,1,292.32
2025-08-15,Solmar Hotels,Organic Search,Organic Search,0.0,1499,65,4,824.71
2025-08-16,Solmar Hotels,Organic Search,Organic Search,0.0,1367,36,0,0.0
2025-08-17,Solmar Hotels,Organic Search,Organic Search,0.0,1338,39,1,264.54
2025-08-18,Solmar Hotels,Organic Search,Organic Search,0.0,1193,55,2,941.24
2025-08-19,Solmar Hotels,Organic Search,Organic Search,0.0,1374,45,2,484.52
2025-08-20,Solmar Hotels,Organic Search,Organic Search,0.0,1584,40,0,0.0
2025-08-21,Solmar Hotels,Organic Search,Organic Search,0.0,1542,73,2,599.57
2025-08-22,Solmar Hotels,Organic Search,Organic Search,0.0,1378,54,0,0.0
2025-08-23,Solmar Hotels,Organic Search,Organic Search,0.0,1261,45,0,0.0
2025-08-24,Solmar Hotels,Organic Search,Organic Search,0.0,1079,28,0,0.0
2025-08-25,Solmar Hotels,Organic Search,Organic Search,0.0,1349,49,2,332.3
2025-08-26,Solmar Hotels,Organic Search,Organic Search,0.0,1083,38,1,224.08
2025-08-27,Solmar Hotels,Organic Search,Organic Search,0.0,1116,34,0,0.0
2025-08-28,Solmar Hotels,Organic Search,Organic Search,0.0,1060,37,2,530.57
2025-08-29,Solmar Hotels,Organic Search,Organic Search,0.0,1157,37,1,323.3
2025-08-30,Solmar Hotels,Organic Search,Organic Search,0.0,1042,20,0,0.0
2025-08-31,Solmar Hotels,Organic Search,Organic Search,0.0,1029,26,0,0.0
2025-09-01,Solmar Hotels,Organic Search,Organic Search,0.0,937,34,2,
2025-09-02,Solmar Hotels,Organic Search,Organic Search,0.0,1229,55,0,0.0
2025-09-03,Solmar Hotels,Organic Search,Organic Search,0.0,874,30,0,0.0
2025-09-04,Solmar Hotels,Organic Search,Organic Search,0.0,984,38,0,0.0
2025-09-05,Solmar Hotels,Organic Search,Organic Search,0.0,934,33,0,0.0
2025-09-06,Solmar Hotels,Organic Search,Organic Search,0.0,1115,43,0,0.0
2025-09-07,Solmar Hotels,Organic Search,Organic Search,0.0,972,23,1,280.1
2025-09-08,Solmar Hotels,Organic Search,Organic Search,0.0,847,24,2,468.04
2025-09-09,Solmar Hotels,Organic Search,Organic Search,0.0,854,11,0,0.0
2025-09-10,Solmar Hotels,Organic Search,Organic Search,0.0,686,20,0,0.0
2025-09-11,Solmar Hotels,Organic Search,Organic Search,0.0,832,37,1,316.97
2025-09-12,Solmar Hotels,Organic Search,Organic Search,0.0,765,17,1,219.23
2025-09-13,Solmar Hotels,Organic Search,Organic Search,0.0,790,31,2,526.04
2025-09-14,Solmar Hotels,Organic Search,Organic Search,0.0,697,36,3,472.24
2025-09-15,Solmar Hotels,Organic Search,Organic Search,0.0,835,16,1,241.5
2025-09-16,Solmar Hotels,Organic Search,Organic Search,0.0,793,26,1,
2025-09-17,Solmar Hotels,Organic Search,Organic Search,0.0,842,26,1,348.8
2025-09-18,Solmar Hotels,Organic Search,Organic Search,0.0,705,31,3,815.76
2025-09-19,Solmar Hotels,Organic Search,Organic Search,0.0,795,16,1,253.84
2025-09-20,Solmar Hotels,Organic Search,Organic Search,0.0,730,28,0,0.0
2025-09-21,Solmar Hotels,Organic Search,Organic Search,0.0,658,16,0,0.0
2025-09-22,Solmar Hotels,Organic Search,Organic Search,0.0,681,18,1,265.82
2025-09-23,Solmar Hotels,Organic Search,Organic Search,0.0,738,35,0,0.0
2025-09-24,Solmar Hotels,Organic Search,Organic Search,0.0,632,31,2,369.4
2025-09-25,Solmar Hotels,Organic Search,Organic Search,0.0,663,26,1,289.82
2025-09-26,Solmar Hotels,Organic Search,Organic Search,0.0,538,21,1,182.57
2025-09-27,Solmar Hotels,Organic Search,Organic Search,0.0,688,27,1,273.58
2025-09-28,Solmar Hotels,Organic Search,Organic Search,0.0,641,34,2,381.85
2025-09-29,Solmar Hotels,Organic Search,Organic Search,0.0,601,15,2,283.72
2025-09-30,Solmar Hotels,Organic Search,Organic Search,0.0,506,9,1,278.86
2025-10-01,Solmar Hotels,Organic Search,Organic Search,0.0,699,30,0,0.0
2025-10-02,Solmar Hotels,Organic Search,Organic Search,0.0,682,27,1,200.14
2025-10-03,Solmar Hotels,Organic Search,Organic Search,0.0,658,23,1,166.94
2025-10-04,Solmar Hotels,Organic Search,Organic Search,0.0,617,16,0,0.0
2025-10-05,Solmar Hotels,Organic Search,Organic Search,0.0,576,24,0,0.0
2025-10-06,Solmar Hotels,Organic Search,Organic Search,0.0,520,6,0,0.0
2025-10-07,Solmar Hotels,Organic Search,Organic Search,0.0,624,16,1,206.63
2025-10-08,Solmar Hotels,Organic Search,Organic Search,0.0,545,17,1,253.4
2025-10-09,Solmar Hotels,Organic Search,Organic Search,0.0,543,21,0,0.0
2025-10-10,Solmar Hotels,Organic Search,Organic Search,0.0,524,26,2,684.84
2025-10-11,Solmar Hotels,Organic Search,Organic Search,0.0,566,22,1,316.67
2025-10-12,Solmar Hotels,Organic Search,Organic Search,0.0,627,29,2,468.81
2025-10-13,Solmar Hotels,Organic Search,Organic Search,0.0,570,13,0,0.0
2025-10-14,Solmar Hotels,Organic Search,Organic Search,0.0,570,20,0,0.0
2025-10-15,Solmar Hotels,Organic Search,Organic Search,0.0,569,18,0,0.0
2025-10-16,Solmar Hotels,Organic Search,Organic Search,0.0,628,20,2,530.56
2025-10-17,Solmar Hotels,Organic Search,Organic Search,0.0,472,16,1,
2025-10-18,Solmar Hotels,Organic Search,Organic Search,0.0,629,32,3,603.57
2025-10-19,Solmar Hotels,Organic Search,Organic Search,0.0,521,9,0,0.0
2025-10-20,Solmar Hotels,Organic Search,Organic Search,0.0,594,9,0,0.0
2025-10-21,Solmar Hotels,Organic Search,Organic Search,0.0,538,23,0,0.0
2025-10-22,Solmar Hotels,Organic Search,Organic Search,0.0,623,21,0,0.0
2025-10-23,Solmar Hotels,Organic Search,Organic Search,0.0,531,8,0,0.0
2025-10-24,Solmar Hotels,Organic Search,Organic Search,0.0,523,9,0,0.0
2025-10-25,Solmar Hotels,Organic Search,Organic Search,0.0,565,21,0,0.0
2025-10-26,Solmar Hotels,Organic Search,Organic Search,0.0,597,16,3,966.91
2025-10-27,Solmar Hotels,Organic Search,Organic Search,0.0,502,10,0,0.0
2025-10-28,Solmar Hotels,Organic Search,Organic Search,0.0,539,13,1,319.98
2025-10-29,Solmar Hotels,Organic Search,Organic Search,0.0,511,20,0,0.0
2025-10-30,Solmar Hotels,Organic Search,Organic Search,0.0,667,27,0,0.0
2025-10-31,Solmar Hotels,Organic Search,Organic Search,0.0,532,12,0,0.0
2025-11-01,Solmar Hotels,Organic Search,Organic Search,0.0,499,14,1,262.73
2025-11-02,Solmar Hotels,Organic Search,Organic Search,0.0,467,16,0,0.0
2025-11-03,Solmar Hotels,Organic Search,Organic Search,0.0,530,12,0,0.0
2025-11-04,Solmar Hotels,Organic Search,Organic Search,0.0,510,16,2,423.75
2025-11-05,Solmar Hotels,Organic Search,Organic Search,0.0,565,14,1,281.03
2025-11-06,Solmar Hotels,Organic Search,Organic Search,0.0,461,22,0,0.0
2025-11-07,Solmar Hotels,Organic Search,Organic Search,0.0,457,8,0,0.0
2025-11-08,Solmar Hotels,Organic Search,Organic Search,0.0,596,24,1,247.16
2025-11-09,Solmar Hotels,Organic Search,Organic Search,0.0,561,17,0,0.0
2025-11-10,Solmar Hotels,Organic Search,Organic Search,0.0,428,11,0,0.0
2025-11-11,Solmar Hotels,Organic Search,Organic Search,0.0,518,15,2,481.61
2025-11-12,Solmar Hotels,Organic Search,Organic Search,0.0,597,12,1,245.05
2025-11-13,Solmar Hotels,Organic Search,Organic Search,0.0,503,18,1,167.72
2025-11-14,Solmar Hotels,Organic Search,Organic Search,0.0,600,20,0,0.0
2025-11-15,Solmar Hotels,Organic Search,Organic Search,0.0,427,9,0,0.0
2025-11-16,Solmar Hotels,Organic Search,Organic Search,0.0,465,15,1,280.99
2025-11-17,Solmar Hotels,Organic Search,Organic Search,0.0,549,20,1,250.24
2025-11-18,Solmar Hotels,Organic Search,Organic Search,0.0,586,21,0,0.0
2025-11-19,Solmar Hotels,Organic Search,Organic Search,0.0,452,11,0,0.0
2025-11-20,Solmar Hotels,Organic Search,Organic Search,0.0,582,17,0,0.0
2025-11-21,Solmar Hotels,Organic Search,Organic Search,0.0,502,30,2,850.21
2025-11-22,Solmar Hotels,Organic Search,Organic Search,0.0,503,15,1,
2025-11-23,Solmar Hotels,Organic Search,Organic Search,0.0,602,20,0,0.0
2025-11-24,Solmar Hotels,Organic Search,Organic Search,0.0,571,20,0,0.0
2025-11-25,Solmar Hotels,Organic Search,Organic Search,0.0,658,30,0,0.0
2025-11-26,Solmar Hotels,Organic Search,Organic Search,0.0,564,13,1,224.52
2025-11-27,Solmar Hotels,Organic Search,Organic Search,0.0,471,8,0,0.0
2025-11-28,Solmar Hotels,Organic Search,Organic Search,0.0,619,21,0,0.0
2025-11-29,Solmar Hotels,Organic Search,Organic Search,0.0,613,21,0,0.0
2025-11-30,Solmar Hotels,Organic Search,Organic Search,0.0,642,15,0,0.0
2025-12-01,Solmar Hotels,Organic Search,Organic Search,0.0,596,11,1,283.3
2025-12-02,Solmar Hotels,Organic Search,Organic Search,0.0,626,17,0,0.0
2025-12-03,Solmar Hotels,Organic Search,Organic Search,0.0,484,16,0,0.0
2025-12-04,Solmar Hotels,Organic Search,Organic Search,0.0,414,12,0,0.0
2025-12-05,Solmar Hotels,Organic Search,Organic Search,0.0,562,18,0,0.0
2025-12-06,Solmar Hotels,Organic Search,Organic Search,0.0,512,23,1,369.16
2025-12-07,Solmar Hotels,Organic Search,Organic Search,0.0,560,31,0,0.0
2025-12-08,Solmar Hotels,Organic Search,Organic Search,0.0,668,23,0,0.0
2025-12-09,Solmar Hotels,Organic Search,Organic Search,0.0,580,15,1,272.56
2025-12-10,Solmar Hotels,Organic Search,Organic Search,0.0,539,24,1,207.6
2025-12-11,Solmar Hotels,Organic Search,Organic Search,0.0,529,30,2,664.72
2025-12-12,Solmar Hotels,Organic Search,Organic Search,0.0,533,20,1,213.45
2025-12-13,Solmar Hotels,Organic Search,Organic Search,0.0,546,19,2,517.62
2025-12-14,Solmar Hotels,Organic Search,Organic Search,0.0,517,36,2,696.4
2025-12-15,Solmar Hotels,Organic Search,Organic Search,0.0,533,16,0,0.0
2025-12-16,Solmar Hotels,Organic Search,Organic Search,0.0,602,23,1,267.48
2025-12-17,Solmar Hotels,Organic Search,Organic Search,0.0,492,14,1,377.26
2025-12-18,Solmar Hotels,Organic Search,Organic Search,0.0,543,21,0,0.0
2025-12-19,Solmar Hotels,Organic Search,Organic Search,0.0,633,14,0,0.0
2025-12-20,Solmar Hotels,Organic Search,Organic Search,0.0,521,16,1,240.56
2025-12-21,Solmar Hotels,Organic Search,Organic Search,0.0,552,13,0,0.0
2025-12-22,Solmar Hotels,Organic Search,Organic Search,0.0,504,13,1,278.32
2025-12-23,Solmar Hotels,Organic Search,Organic Search,0.0,530,17,0,0.0
2025-12-24,Solmar Hotels,Organic Search,Organic Search,0.0,608,29,1,258.74
2025-12-25,Solmar Hotels,Organic Search,Organic Search,0.0,544,16,1,321.27
2025-12-26,Solmar Hotels,Organic Search,Organic Search,0.0,656,28,1,193.53
2025-12-27,Solmar Hotels,Organic Search,Organic Search,0.0,475,16,0,0.0
2025-12-28,Solmar Hotels,Organic Search,Organic Search,0.0,668,26,1,373.38
2025-12-29,Solmar Hotels,Organic Search,Organic Search,0.0,539,17,0,0.0
2025-12-30,Solmar Hotels,Organic Search,Organic Search,0.0,625,24,2,462.31
2025-12-31,Solmar Hotels,Organic Search,Organic Search,0.0,501,19,0,0.0
2026-01-01,Solmar Hotels,Organic Search,Organic Search,0.0,547,17,0,0.0
2026-01-02,Solmar Hotels,Organic Search,Organic Search,0.0,647,27,1,375.16
2026-01-03,Solmar Hotels,Organic Search,Organic Search,0.0,564,14,0,0.0
2026-01-04,Solmar Hotels,Organic Search,Organic Search,0.0,561,20,0,0.0
2026-01-05,Solmar Hotels,Organic Search,Organic Search,0.0,638,15,0,0.0
2026-01-06,Solmar Hotels,Organic Search,Organic Search,0.0,480,23,1,273.76
2026-01-07,Solmar Hotels,Organic Search,Organic Search,0.0,526,24,0,0.0
2026-01-08,Solmar Hotels,Organic Search,Organic Search,0.0,579,13,0,0.0
2026-01-09,Solmar Hotels,Organic Search,Organic Search,0.0,621,19,2,1131.7
2026-01-10,Solmar Hotels,Organic Search,Organic Search,0.0,554,33,0,0.0
2026-01-11,Solmar Hotels,Organic Search,Organic Search,0.0,485,10,0,0.0
2026-01-12,Solmar Hotels,Organic Search,Organic Search,0.0,575,11,1,234.38
2026-01-13,Solmar Hotels,Organic Search,Organic Search,0.0,588,21,1,180.78
2026-01-14,Solmar Hotels,Organic Search,Organic Search,0.0,595,14,0,0.0
2026-01-15,Solmar Hotels,Organic Search,Organic Search,0.0,574,28,0,0.0
2026-01-16,Solmar Hotels,Organic Search,Organic Search,0.0,549,21,0,0.0
2026-01-17,Solmar Hotels,Organic Search,Organic Search,0.0,642,14,0,0.0
2026-01-18,Solmar Hotels,Organic Search,Organic Search,0.0,521,19,1,180.18
2026-01-19,Solmar Hotels,Organic Search,Organic Search,0.0,556,17,0,0.0
2026-01-20,Solmar Hotels,Organic Search,Organic Search,0.0,538,8,0,0.0
2026-01-21,Solmar Hotels,Organic Search,Organic Search,0.0,709,27,0,0.0
2026-01-22,Solmar Hotels,Organic Search,Organic Search,0.0,633,26,1,391.77
2026-01-23,Solmar Hotels,Organic Search,Organic Search,0.0,463,13,1,217.8
2026-01-24,Solmar Hotels,Organic Search,Organic Search,0.0,497,15,0,0.0
2026-01-25,Solmar Hotels,Organic Search,Organic Search,0.0,527,5,0,0.0
2026-01-26,Solmar Hotels,Organic Search,Organic Search,0.0,495,12,0,0.0
2026-01-27,Solmar Hotels,Organic Search,Organic Search,0.0,455,16,1,
2026-01-28,Solmar Hotels,Organic Search,Organic Search,0.0,459,14,3,777.94
2026-01-29,Solmar Hotels,Organic Search,Organic Search,0.0,546,26,0,0.0
2026-01-30,Solmar Hotels,Organic Search,Organic Search,0.0,526,17,2,437.73
2026-01-31,Solmar Hotels,Organic Search,Organic Search,0.0,586,18,0,0.0
2026-02-01,Solmar Hotels,Organic Search,Organic Search,0.0,551,7,0,0.0
2026-02-02,Solmar Hotels,Organic Search,Organic Search,0.0,611,27,1,253.64
2026-02-03,Solmar Hotels,Organic Search,Organic Search,0.0,499,14,0,0.0
2026-02-04,Solmar Hotels,Organic Search,Organic Search,0.0,488,25,1,347.6
2026-02-05,Solmar Hotels,Organic Search,Organic Search,0.0,648,18,2,413.35
2026-02-06,Solmar Hotels,Organic Search,Organic Search,0.0,585,27,1,284.1
2026-02-07,Solmar Hotels,Organic Search,Organic Search,0.0,704,30,1,199.84
2026-02-08,Solmar Hotels,Organic Search,Organic Search,0.0,436,12,0,0.0
2026-02-09,Solmar Hotels,Organic Search,Organic Search,0.0,550,13,0,0.0
2026-02-10,Solmar Hotels,Organic Search,Organic Search,0.0,530,19,1,251.2
2026-02-11,Solmar Hotels,Organic Search,Organic Search,0.0,564,21,0,0.0
2026-02-12,Solmar Hotels,Organic Search,Organic Search,0.0,534,22,0,0.0
2026-02-13,Solmar Hotels,Organic Search,Organic Search,0.0,479,15,0,0.0
2026-02-14,Solmar Hotels,Organic Search,Organic Search,0.0,409,19,0,0.0
2026-02-15,Solmar Hotels,Organic Search,Organic Search,0.0,669,25,1,305.13
2026-02-16,Solmar Hotels,Organic Search,Organic Search,0.0,582,15,0,0.0
2026-02-17,Solmar Hotels,Organic Search,Organic Search,0.0,459,24,1,295.1
2026-02-18,Solmar Hotels,Organic Search,Organic Search,0.0,534,19,0,0.0
2026-02-19,Solmar Hotels,Organic Search,Organic Search,0.0,611,19,0,0.0
2026-02-20,Solmar Hotels,Organic Search,Organic Search,0.0,551,17,1,308.29
2026-02-21,Solmar Hotels,Organic Search,Organic Search,0.0,513,9,0,0.0
2026-02-22,Solmar Hotels,Organic Search,Organic Search,0.0,584,21,0,0.0
2026-02-23,Solmar Hotels,Organic Search,Organic Search,0.0,599,18,1,336.54
2026-02-24,Solmar Hotels,Organic Search,Organic Search,0.0,580,18,1,200.47
2026-02-25,Solmar Hotels,Organic Search,Organic Search,0.0,663,21,1,438.06
2026-02-26,Solmar Hotels,Organic Search,Organic Search,0.0,580,16,0,0.0
2026-02-27,Solmar Hotels,Organic Search,Organic Search,0.0,555,18,0,0.0
2026-02-28,Solmar Hotels,Organic Search,Organic Search,0.0,454,12,0,0.0
2026-03-01,Solmar Hotels,Organic Search,Organic Search,0.0,520,12,1,237.77
2026-03-02,Solmar Hotels,Organic Search,Organic Search,0.0,559,19,2,462.15
2026-03-03,Solmar Hotels,Organic Search,Organic Search,0.0,541,18,1,354.84
2026-03-04,Solmar Hotels,Organic Search,Organic Search,0.0,489,16,0,0.0
2026-03-05,Solmar Hotels,Organic Search,Organic Search,0.0,557,30,3,929.14
2026-03-06,Solmar Hotels,Organic Search,Organic Search,0.0,653,14,0,0.0
2026-03-07,Solmar Hotels,Organic Search,Organic Search,0.0,667,33,0,0.0
2026-03-08,Solmar Hotels,Organic Search,Organic Search,0.0,512,24,0,0.0
2026-03-09,Solmar Hotels,Organic Search,Organic Search,0.0,458,17,1,200.85
2026-03-10,Solmar Hotels,Organic Search,Organic Search,0.0,535,15,0,0.0
2026-03-11,Solmar Hotels,Organic Search,Organic Search,0.0,684,23,1,250.84
2026-03-12,Solmar Hotels,Organic Search,Organic Search,0.0,558,13,0,0.0
2026-03-13,Solmar Hotels,Organic Search,Organic Search,0.0,630,20,1,198.66
2026-03-14,Solmar Hotels,Organic Search,Organic Search,0.0,588,18,0,0.0
2026-03-15,Solmar Hotels,Organic Search,Organic Search,0.0,686,23,0,0.0
2026-03-16,Solmar Hotels,Organic Search,Organic Search,0.0,582,14,1,203.3
2026-03-17,Solmar Hotels,Organic Search,Organic Search,0.0,592,13,1,245.15
2026-03-18,Solmar Hotels,Organic Search,Organic Search,0.0,621,28,1,
2026-03-19,Solmar Hotels,Organic Search,Organic Search,0.0,713,23,0,0.0
2026-03-20,Solmar Hotels,Organic Search,Organic Search,0.0,634,22,1,215.11
2026-03-21,Solmar Hotels,Organic Search,Organic Search,0.0,630,12,0,0.0
2026-03-22,Solmar Hotels,Organic Search,Organic Search,0.0,584,20,0,0.0
2026-03-23,Solmar Hotels,Organic Search,Organic Search,0.0,543,23,2,555.35
2026-03-24,Solmar Hotels,Organic Search,Organic Search,0.0,505,15,0,0.0
2026-03-25,Solmar Hotels,Organic Search,Organic Search,0.0,659,23,0,0.0
2026-03-26,Solmar Hotels,Organic Search,Organic Search,0.0,457,13,0,0.0
2026-03-27,Solmar Hotels,Organic Search,Organic Search,0.0,541,29,0,0.0
2026-03-28,Solmar Hotels,Organic Search,Organic Search,0.0,532,11,0,0.0
2026-03-29,Solmar Hotels,Organic Search,Organic Search,0.0,577,17,1,277.47
2026-03-30,Solmar Hotels,Organic Search,Organic Search,0.0,593,26,0,0.0
2026-03-31,Solmar Hotels,Organic Search,Organic Search,0.0,634,19,1,245.29
2026-04-01,Solmar Hotels,Organic Search,Organic Search,0.0,452,10,1,253.15
2026-04-02,Solmar Hotels,Organic Search,Organic Search,0.0,585,15,0,0.0
2026-04-03,Solmar Hotels,Organic Search,Organic Search,0.0,563,27,0,0.0
2026-04-04,Solmar Hotels,Organic Search,Organic Search,0.0,622,34,2,587.53
2026-04-05,Solmar Hotels,Organic Search,Organic Search,0.0,610,27,1,230.72
2026-04-06,Solmar Hotels,Organic Search,Organic Search,0.0,622,10,0,0.0
2026-04-07,Solmar Hotels,Organic Search,Organic Search,0.0,571,13,1,381.92
2026-04-08,Solmar Hotels,Organic Search,Organic Search,0.0,634,16,2,539.32
2026-04-09,Solmar Hotels,Organic Search,Organic Search,0.0,570,11,0,0.0
2026-04-10,Solmar Hotels,Organic Search,Organic Search,0.0,632,30,4,1062.42
2026-04-11,Solmar Hotels,Organic Search,Organic Search,0.0,647,21,0,0.0
2026-04-12,Solmar Hotels,Organic Search,Organic Search,0.0,532,15,0,0.0
2026-04-13,Solmar Hotels,Organic Search,Organic Search,0.0,556,15,1,215.62
2026-04-14,Solmar Hotels,Organic Search,Organic Search,0.0,608,19,0,0.0
2026-04-15,Solmar Hotels,Organic Search,Organic Search,0.0,689,25,2,
2026-04-16,Solmar Hotels,Organic Search,Organic Search,0.0,530,23,1,216.05
2026-04-17,Solmar Hotels,Organic Search,Organic Search,0.0,539,13,1,291.09
2026-04-18,Solmar Hotels,Organic Search,Organic Search,0.0,565,17,1,257.33
2026-04-19,Solmar Hotels,Organic Search,Organic Search,0.0,565,21,1,216.99
2026-04-20,Solmar Hotels,Organic Search,Organic Search,0.0,642,20,1,292.15
2026-04-21,Solmar Hotels,Organic Search,Organic Search,0.0,500,9,1,318.04
2026-04-22,Solmar Hotels,Organic Search,Organic Search,0.0,662,24,0,0.0
2026-04-23,Solmar Hotels,Organic Search,Organic Search,0.0,615,19,1,228.59
2026-04-24,Solmar Hotels,Organic Search,Organic Search,0.0,662,33,0,0.0
2026-04-25,Solmar Hotels,Organic Search,Organic Search,0.0,509,8,0,0.0
2026-04-26,Solmar Hotels,Organic Search,Organic Search,0.0,492,13,0,0.0
2026-04-27,Solmar Hotels,Organic Search,Organic Search,0.0,650,23,0,0.0
2026-04-28,Solmar Hotels,Organic Search,Organic Search,0.0,613,37,2,461.01
2026-04-29,Solmar Hotels,Organic Search,Organic Search,0.0,570,29,1,238.3
2026-04-30,Solmar Hotels,Organic Search,Organic Search,0.0,701,18,0,0.0
2026-05-01,Solmar Hotels,Organic Search,Organic Search,0.0,686,20,1,355.88
2026-05-02,Solmar Hotels,Organic Search,Organic Search,0.0,606,23,0,0.0
2026-05-03,Solmar Hotels,Organic Search,Organic Search,0.0,667,25,2,465.8
2026-05-04,Solmar Hotels,Organic Search,Organic Search,0.0,595,24,0,0.0
2026-05-05,Solmar Hotels,Organic Search,Organic Search,0.0,625,22,0,0.0
2026-05-06,Solmar Hotels,Organic Search,Organic Search,0.0,736,31,3,1088.81
2026-05-07,Solmar Hotels,Organic Search,Organic Search,0.0,750,23,1,273.65
2026-05-08,Solmar Hotels,Organic Search,Organic Search,0.0,583,10,0,0.0
2026-05-09,Solmar Hotels,Organic Search,Organic Search,0.0,782,39,1,
2026-05-09,Solmar Hotels,Organic Search,Organic Search,0.0,782,39,1,
2026-05-10,Solmar Hotels,Organic Search,Organic Search,0.0,768,22,1,314.22
2026-05-10,Solmar Hotels,Organic Search,Organic Search,0.0,768,22,1,314.22
2026-05-11,Solmar Hotels,Organic Search,Organic Search,0.0,595,32,0,0.0
2026-05-11,Solmar Hotels,Organic Search,Organic Search,0.0,595,32,0,0.0
2026-05-12,Solmar Hotels,Organic Search,Organic Search,0.0,780,35,0,0.0
2026-05-12,Solmar Hotels,Organic Search,Organic Search,0.0,780,35,0,0.0
2026-05-13,Solmar Hotels,Organic Search,Organic Search,0.0,779,22,0,0.0
2026-05-13,Solmar Hotels,Organic Search,Organic Search,0.0,779,22,0,0.0
2026-05-14,Solmar Hotels,Organic Search,Organic Search,0.0,687,16,2,510.41
2026-05-14,Solmar Hotels,Organic Search,Organic Search,0.0,687,16,2,510.41
2026-05-15,Solmar Hotels,Organic Search,Organic Search,0.0,754,24,0,0.0
2026-05-15,Solmar Hotels,Organic Search,Organic Search,0.0,754,24,0,0.0
2026-05-16,Solmar Hotels,Organic Search,Organic Search,0.0,788,34,2,
2026-05-16,Solmar Hotels,Organic Search,Organic Search,0.0,788,34,2,
2026-05-17,Solmar Hotels,Organic Search,Organic Search,0.0,801,14,0,0.0
2026-05-17,Solmar Hotels,Organic Search,Organic Search,0.0,801,14,0,0.0
2026-05-18,Solmar Hotels,Organic Search,Organic Search,0.0,857,21,0,0.0
2026-05-18,Solmar Hotels,Organic Search,Organic Search,0.0,857,21,0,0.0
2026-05-19,Solmar Hotels,Organic Search,Organic Search,0.0,963,33,4,1334.95
2026-05-20,Solmar Hotels,Organic Search,Organic Search,0.0,690,16,0,0.0
2026-05-21,Solmar Hotels,Organic Search,Organic Search,0.0,803,20,1,264.73
2026-05-22,Solmar Hotels,Organic Search,Organic Search,0.0,818,20,0,0.0
2026-05-23,Solmar Hotels,Organic Search,Organic Search,0.0,795,34,1,240.11
2026-05-24,Solmar Hotels,Organic Search,Organic Search,0.0,901,31,1,255.06
2026-05-25,Solmar Hotels,Organic Search,Organic Search,0.0,934,43,0,0.0
2026-05-26,Solmar Hotels,Organic Search,Organic Search,0.0,916,17,1,282.1
2026-05-27,Solmar Hotels,Organic Search,Organic Search,0.0,1022,40,0,0.0
2026-05-28,Solmar Hotels,Organic Search,Organic Search,0.0,998,40,0,0.0
2026-05-29,Solmar Hotels,Organic Search,Organic Search,0.0,1119,31,0,0.0
2026-05-30,Solmar Hotels,Organic Search,Organic Search,0.0,1143,31,0,0.0
2026-05-31,Solmar Hotels,Organic Search,Organic Search,0.0,1226,51,3,1090.39
2026-06-01,Solmar Hotels,Organic Search,Organic Search,0.0,1238,44,1,234.41
2026-06-02,Solmar Hotels,Organic Search,Organic Search,0.0,1129,35,2,507.87
2026-06-03,Solmar Hotels,Organic Search,Organic Search,0.0,1218,32,0,0.0
2026-06-04,Solmar Hotels,Organic Search,Organic Search,0.0,1321,42,4,974.89
2026-06-05,Solmar Hotels,Organic Search,Organic Search,0.0,1233,54,1,205.55
2026-06-06,Solmar Hotels,Organic Search,Organic Search,0.0,1126,44,0,0.0
2026-06-07,Solmar Hotels,Organic Search,Organic Search,0.0,1112,39,2,707.06
2026-06-08,Solmar Hotels,Organic Search,Organic Search,0.0,1065,43,1,230.8
2026-06-09,Solmar Hotels,Organic Search,Organic Search,0.0,1271,57,1,288.14
2026-06-10,Solmar Hotels,Organic Search,Organic Search,0.0,1303,57,1,263.44
2026-06-11,Solmar Hotels,Organic Search,Organic Search,0.0,1133,42,0,0.0
2026-06-12,Solmar Hotels,Organic Search,Organic Search,0.0,1461,51,3,916.43
2026-06-13,Solmar Hotels,Organic Search,Organic Search,0.0,1363,40,0,0.0
2026-06-14,Solmar Hotels,Organic Search,Organic Search,0.0,1389,28,1,226.77
2026-06-15,Solmar Hotels,Organic Search,Organic Search,0.0,1514,40,3,782.2
2026-06-16,Solmar Hotels,Organic Search,Organic Search,0.0,1573,34,0,0.0
2026-06-17,Solmar Hotels,Organic Search,Organic Search,0.0,1544,35,0,0.0
2026-06-18,Solmar Hotels,Organic Search,Organic Search,0.0,1459,67,4,1095.82
2026-06-19,Solmar Hotels,Organic Search,Organic Search,0.0,1502,61,1,230.79
2026-06-20,Solmar Hotels,Organic Search,Organic Search,0.0,1616,81,2,425.08
2026-06-21,Solmar Hotels,Organic Search,Organic Search,0.0,1738,76,0,0.0
2026-06-22,Solmar Hotels,Organic Search,Organic Search,0.0,1805,50,2,553.48
2026-06-23,Solmar Hotels,Organic Search,Organic Search,0.0,1778,47,1,327.54
2026-06-24,Solmar Hotels,Organic Search,Organic Search,0.0,1552,63,3,642.24
2026-06-25,Solmar Hotels,Organic Search,Organic Search,0.0,1926,60,4,959.91
2026-06-26,Solmar Hotels,Organic Search,Organic Search,0.0,1691,43,2,460.76
2026-06-27,Solmar Hotels,Organic Search,Organic Search,0.0,1745,61,0,0.0
2026-06-28,Solmar Hotels,Organic Search,Organic Search,0.0,1725,62,0,0.0
2026-06-29,Solmar Hotels,Organic Search,Organic Search,0.0,1946,86,0,0.0
2026-06-30,Solmar Hotels,Organic Search,Organic Search,0.0,1836,59,0,0.0
2026-07-01,Solmar Hotels,Organic Search,Organic Search,0.0,1979,67,3,673.95
2026-07-02,Solmar Hotels,Organic Search,Organic Search,0.0,1760,60,1,300.71
2026-07-03,Solmar Hotels,Organic Search,Organic Search,0.0,1836,55,0,0.0
2026-07-04,Solmar Hotels,Organic Search,Organic Search,0.0,2034,60,2,539.44
2026-07-05,Solmar Hotels,Organic Search,Organic Search,0.0,1934,34,3,1023.38
2026-07-06,Solmar Hotels,Organic Search,Organic Search,0.0,2017,83,3,445.93
2026-07-07,Solmar Hotels,Organic Search,Organic Search,0.0,1818,94,1,321.93
2026-07-08,Solmar Hotels,Organic Search,Organic Search,0.0,1752,60,0,0.0
2026-07-09,Solmar Hotels,Organic Search,Organic Search,0.0,1986,71,3,875.72
2026-07-10,Solmar Hotels,Organic Search,Organic Search,0.0,2014,55,3,773.5
2026-07-11,Solmar Hotels,Organic Search,Organic Search,0.0,2365,49,3,921.57
2026-07-12,Solmar Hotels,Organic Search,Organic Search,0.0,2092,82,7,1897.75
2026-07-13,Solmar Hotels,Organic Search,Organic Search,0.0,1880,51,1,195.31
2026-07-14,Solmar Hotels,Organic Search,Organic Search,0.0,2152,100,3,885.99
2026-07-15,Solmar Hotels,Organic Search,Organic Search,0.0,2259,85,1,208.65
2026-07-16,Solmar Hotels,Organic Search,Organic Search,0.0,1946,70,1,264.98
2026-07-17,Solmar Hotels,Organic Search,Organic Search,0.0,2517,77,4,852.74
2026-07-18,Solmar Hotels,Organic Search,Organic Search,0.0,1819,85,3,790.3
2026-07-19,Solmar Hotels,Organic Search,Organic Search,0.0,2238,45,0,0.0
2026-07-20,Solmar Hotels,Organic Search,Organic Search,0.0,2226,88,2,591.96
2026-07-21,Solmar Hotels,Organic Search,Organic Search,0.0,1866,61,2,563.56
2026-07-22,Solmar Hotels,Organic Search,Organic Search,0.0,2005,42,0,0.0
2026-07-23,Solmar Hotels,Organic Search,Organic Search,0.0,2130,71,2,469.74
2026-07-24,Solmar Hotels,Organic Search,Organic Search,0.0,2306,73,3,727.4
2026-07-25,Solmar Hotels,Organic Search,Organic Search,0.0,1833,75,3,541.81
2026-07-26,Solmar Hotels,Organic Search,Organic Search,0.0,1982,54,1,308.61
2026-07-27,Solmar Hotels,Organic Search,Organic Search,0.0,1942,82,3,545.29
2026-07-28,Solmar Hotels,Organic Search,Organic Search,0.0,2101,53,2,680.27
2026-07-29,Solmar Hotels,Organic Search,Organic Search,0.0,2168,81,1,239.7
2026-07-30,Solmar Hotels,Organic Search,Organic Search,0.0,2348,75,5,1228.07
2026-07-31,Solmar Hotels,Organic Search,Organic Search,0.0,2294,70,3,634.81
